"id","province_id","code","name","codename","division_type","created_at","updated_at"
"00553266-fbcc-5702-825d-a86f148837c9","c898a2a2-1fb3-536d-b9e4-f2b312ad64bd","4","Phường Ba Đình","phuong_ba_dinh","phường","1791616658326","1791616658326"
"f4df770e-0eaa-566b-b7fe-facfdb6bac1c","c898a2a2-1fb3-536d-b9e4-f2b312ad64bd","8","Phường Ngọc Hà","phuong_ngoc_ha","phường","1791616658326","1791616658326"
"8336e2c3-ceb6-5d06-af8b-e3301f2279d3","c898a2a2-1fb3-536d-b9e4-f2b312ad64bd","25","Phường Giảng Võ","phuong_giang_vo","phường","1791616658326","1791616658326"
"77038558-1064-57ac-a339-dea1318f1e5c","c898a2a2-1fb3-536d-b9e4-f2b312ad64bd","70","Phường Hoàn Kiếm","phuong_hoan_kiem","phường","1791616658326","1791616658326"
"65391868-8e46-5a1a-a160-d3f4ec4f5ef1","c898a2a2-1fb3-536d-b9e4-f2b312ad64bd","82","Phường Cửa Nam","phuong_cua_nam","phường","1791616658326","1791616658326"
"c430b29d-441b-5d00-8e54-8627285a292a","c898a2a2-1fb3-536d-b9e4-f2b312ad64bd","91","Phường Phú Thượng","phuong_phu_thuong","phường","1791616658326","1791616658326"
"53b281f5-626f-54af-92b4-01eae441911b","c898a2a2-1fb3-536d-b9e4-f2b312ad64bd","97","Phường Hồng Hà","phuong_hong_ha","phường","1791616658326","1791616658326"
"b353b60f-bc51-5ab5-ba2e-c8b611c49ef1","c898a2a2-1fb3-536d-b9e4-f2b312ad64bd","103","Phường Tây Hồ","phuong_tay_ho","phường","1791616658326","1791616658326"
"d40874c0-f234-570b-9708-ddd9a9d1c36b","c898a2a2-1fb3-536d-b9e4-f2b312ad64bd","118","Phường Bồ Đề","phuong_bo_de","phường","1791616658326","1791616658326"
"023c3983-03ed-5f4d-9cd8-141839dc568f","c898a2a2-1fb3-536d-b9e4-f2b312ad64bd","127","Phường Việt Hưng","phuong_viet_hung","phường","1791616658326","1791616658326"
"2a921621-8841-5c63-a545-f658828d0999","c898a2a2-1fb3-536d-b9e4-f2b312ad64bd","136","Phường Phúc Lợi","phuong_phuc_loi","phường","1791616658326","1791616658326"
"53da1e44-e6e7-57e9-a0b1-4f5d92cb5eeb","c898a2a2-1fb3-536d-b9e4-f2b312ad64bd","145","Phường Long Biên","phuong_long_bien","phường","1791616658326","1791616658326"
"d0013f09-ab8c-5e55-afa5-3132c02b717a","c898a2a2-1fb3-536d-b9e4-f2b312ad64bd","160","Phường Nghĩa Đô","phuong_nghia_do","phường","1791616658326","1791616658326"
"01f29198-b86f-546c-9327-61d3e9c743c9","c898a2a2-1fb3-536d-b9e4-f2b312ad64bd","166","Phường Cầu Giấy","phuong_cau_giay","phường","1791616658326","1791616658326"
"c8eb4562-3297-5162-85ae-710dfecb425d","c898a2a2-1fb3-536d-b9e4-f2b312ad64bd","175","Phường Yên Hòa","phuong_yen_hoa","phường","1791616658326","1791616658326"
"dbc8e3d5-1d18-58ed-9b20-7ecaa1a6ba7d","c898a2a2-1fb3-536d-b9e4-f2b312ad64bd","190","Phường Ô Chợ Dừa","phuong_o_cho_dua","phường","1791616658326","1791616658326"
"3dc0d323-ceaf-50f1-85f9-fad38d0ebed2","c898a2a2-1fb3-536d-b9e4-f2b312ad64bd","199","Phường Láng","phuong_lang","phường","1791616658326","1791616658326"
"f92ef0cb-b8e0-552c-ab13-bfd3ce114909","c898a2a2-1fb3-536d-b9e4-f2b312ad64bd","226","Phường Văn Miếu - Quốc Tử Giám","phuong_van_mieu_quoc_tu_giam","phường","1791616658326","1791616658326"
"63e2ecc2-3656-55f7-bc87-7976a8619450","c898a2a2-1fb3-536d-b9e4-f2b312ad64bd","229","Phường Kim Liên","phuong_kim_lien","phường","1791616658326","1791616658326"
"49d2b282-2abd-5c46-a41c-86aac2844a4c","c898a2a2-1fb3-536d-b9e4-f2b312ad64bd","235","Phường Đống Đa","phuong_dong_da","phường","1791616658326","1791616658326"
"89e7c905-290f-58f0-9939-8aef87aa0339","c898a2a2-1fb3-536d-b9e4-f2b312ad64bd","256","Phường Hai Bà Trưng","phuong_hai_ba_trung","phường","1791616658326","1791616658326"
"082c33f0-8898-5102-a717-c0873e2855c3","c898a2a2-1fb3-536d-b9e4-f2b312ad64bd","283","Phường Vĩnh Tuy","phuong_vinh_tuy","phường","1791616658326","1791616658326"
"f4521866-625d-5bad-be81-8b599ea39548","c898a2a2-1fb3-536d-b9e4-f2b312ad64bd","292","Phường Bạch Mai","phuong_bach_mai","phường","1791616658326","1791616658326"
"15e13aac-0053-577d-b03b-8c262de257bb","c898a2a2-1fb3-536d-b9e4-f2b312ad64bd","301","Phường Vĩnh Hưng","phuong_vinh_hung","phường","1791616658326","1791616658326"
"67d0cad9-353c-51f9-a9b1-e64ad58e35fb","c898a2a2-1fb3-536d-b9e4-f2b312ad64bd","316","Phường Định Công","phuong_dinh_cong","phường","1791616658326","1791616658326"
"5c5cd032-3639-578e-89f9-47b82ce8b740","c898a2a2-1fb3-536d-b9e4-f2b312ad64bd","322","Phường Tương Mai","phuong_tuong_mai","phường","1791616658326","1791616658326"
"c0e226f1-7cfb-5c48-9e5b-f682007aba6b","c898a2a2-1fb3-536d-b9e4-f2b312ad64bd","328","Phường Lĩnh Nam","phuong_linh_nam","phường","1791616658326","1791616658326"
"20c42a35-68bb-5df9-94b4-ff0059b447d1","c898a2a2-1fb3-536d-b9e4-f2b312ad64bd","331","Phường Hoàng Mai","phuong_hoang_mai","phường","1791616658326","1791616658326"
"ffefbcac-9f09-5645-8aed-54385abf63d4","c898a2a2-1fb3-536d-b9e4-f2b312ad64bd","337","Phường Hoàng Liệt","phuong_hoang_liet","phường","1791616658326","1791616658326"
"94dddb27-2308-5b0a-8363-82107cf96c9c","c898a2a2-1fb3-536d-b9e4-f2b312ad64bd","340","Phường Yên Sở","phuong_yen_so","phường","1791616658326","1791616658326"
"0327b5f1-98bf-5fa7-891f-a4ee09f569ec","c898a2a2-1fb3-536d-b9e4-f2b312ad64bd","352","Phường Phương Liệt","phuong_phuong_liet","phường","1791616658326","1791616658326"
"30437dd8-e0f9-5eed-9827-01db4632a793","c898a2a2-1fb3-536d-b9e4-f2b312ad64bd","364","Phường Khương Đình","phuong_khuong_dinh","phường","1791616658326","1791616658326"
"9cc6d1b5-bd83-533e-bfe0-2aa7454b8092","c898a2a2-1fb3-536d-b9e4-f2b312ad64bd","367","Phường Thanh Xuân","phuong_thanh_xuan","phường","1791616658326","1791616658326"
"599e19fa-7d05-55d4-bb15-6f6e24fe46db","c898a2a2-1fb3-536d-b9e4-f2b312ad64bd","376","Xã Sóc Sơn","xa_soc_son","xã","1791616658326","1791616658326"
"6f02cb75-e27a-5425-8abc-42f48f092e34","c898a2a2-1fb3-536d-b9e4-f2b312ad64bd","382","Xã Kim Anh","xa_kim_anh","xã","1791616658326","1791616658326"
"c5b706d1-a7fd-5198-a6cb-e12a1b897e02","c898a2a2-1fb3-536d-b9e4-f2b312ad64bd","385","Xã Trung Giã","xa_trung_gia","xã","1791616658326","1791616658326"
"7ec5671c-073c-520d-800f-71ae1bc74efa","c898a2a2-1fb3-536d-b9e4-f2b312ad64bd","430","Xã Đa Phúc","xa_da_phuc","xã","1791616658326","1791616658326"
"634011fb-540d-5bca-b435-b37623f0ad20","c898a2a2-1fb3-536d-b9e4-f2b312ad64bd","433","Xã Nội Bài","xa_noi_bai","xã","1791616658326","1791616658326"
"b66fff17-4bc1-5cc9-a2e6-409c892d53f0","c898a2a2-1fb3-536d-b9e4-f2b312ad64bd","454","Xã Đông Anh","xa_dong_anh","xã","1791616658326","1791616658326"
"163c418d-50bd-5169-b5b1-822b182749cc","c898a2a2-1fb3-536d-b9e4-f2b312ad64bd","466","Xã Phúc Thịnh","xa_phuc_thinh","xã","1791616658326","1791616658326"
"7c4427ae-5280-5df4-a838-f952c2ae18ab","c898a2a2-1fb3-536d-b9e4-f2b312ad64bd","475","Xã Thư Lâm","xa_thu_lam","xã","1791616658326","1791616658326"
"4a9a2e32-d1a1-5b84-80b4-c90766a7561c","c898a2a2-1fb3-536d-b9e4-f2b312ad64bd","493","Xã Thiên Lộc","xa_thien_loc","xã","1791616658326","1791616658326"
"fd9f96da-8f3d-59de-ad19-e2fbccb035e0","c898a2a2-1fb3-536d-b9e4-f2b312ad64bd","508","Xã Vĩnh Thanh","xa_vinh_thanh","xã","1791616658326","1791616658326"
"68f3c4e6-a869-5830-aa70-03bea67a4369","c898a2a2-1fb3-536d-b9e4-f2b312ad64bd","541","Xã Phù Đổng","xa_phu_dong","xã","1791616658326","1791616658326"
"2deaaa1f-a6c4-52c0-983c-65be9c726dba","c898a2a2-1fb3-536d-b9e4-f2b312ad64bd","562","Xã Thuận An","xa_thuan_an","xã","1791616658326","1791616658326"
"77123010-186c-5e63-b2c6-73b329e6601a","c898a2a2-1fb3-536d-b9e4-f2b312ad64bd","565","Xã Gia Lâm","xa_gia_lam","xã","1791616658326","1791616658326"
"8de1a4dd-2317-52c0-9306-bc41f94c2245","c898a2a2-1fb3-536d-b9e4-f2b312ad64bd","577","Xã Bát Tràng","xa_bat_trang","xã","1791616658326","1791616658326"
"39facae3-d9a3-5ad0-95b1-f05f7ac2ef28","c898a2a2-1fb3-536d-b9e4-f2b312ad64bd","592","Phường Từ Liêm","phuong_tu_liem","phường","1791616658326","1791616658326"
"753f404b-4445-5710-b1d1-207a2b8bf8c1","c898a2a2-1fb3-536d-b9e4-f2b312ad64bd","598","Phường Thượng Cát","phuong_thuong_cat","phường","1791616658326","1791616658326"
"c9073537-aa09-51e8-9c97-fbb7a3c1b88a","c898a2a2-1fb3-536d-b9e4-f2b312ad64bd","602","Phường Đông Ngạc","phuong_dong_ngac","phường","1791616658326","1791616658326"
"2e9aff30-f924-5777-a958-329dda0855a4","c898a2a2-1fb3-536d-b9e4-f2b312ad64bd","611","Phường Xuân Đỉnh","phuong_xuan_dinh","phường","1791616658326","1791616658326"
"a12eadd5-c07d-5923-81a3-c874828a2646","c898a2a2-1fb3-536d-b9e4-f2b312ad64bd","613","Phường Tây Tựu","phuong_tay_tuu","phường","1791616658326","1791616658326"
"7cdb8d9d-784b-5697-bfc2-e2d294b1dddc","c898a2a2-1fb3-536d-b9e4-f2b312ad64bd","619","Phường Phú Diễn","phuong_phu_dien","phường","1791616658326","1791616658326"
"742ed74e-3394-549c-a92f-8b268106fbdc","c898a2a2-1fb3-536d-b9e4-f2b312ad64bd","622","Phường Xuân Phương","phuong_xuan_phuong","phường","1791616658326","1791616658326"
"5510c6c3-ef73-58f3-af1f-7791e127f325","c898a2a2-1fb3-536d-b9e4-f2b312ad64bd","634","Phường Tây Mỗ","phuong_tay_mo","phường","1791616658326","1791616658326"
"cbe551f3-ef1b-5b1e-b626-6f464cfc3e68","c898a2a2-1fb3-536d-b9e4-f2b312ad64bd","637","Phường Đại Mỗ","phuong_dai_mo","phường","1791616658326","1791616658326"
"aca045b3-8d88-5fbe-9a57-cdbf944e59c1","c898a2a2-1fb3-536d-b9e4-f2b312ad64bd","640","Xã Thanh Trì","xa_thanh_tri","xã","1791616658326","1791616658326"
"ac32c85e-2a72-509c-a304-41f799c70216","c898a2a2-1fb3-536d-b9e4-f2b312ad64bd","643","Phường Thanh Liệt","phuong_thanh_liet","phường","1791616658326","1791616658326"
"da4b5c25-773c-5fda-8dbf-0e7bbeda84f8","c898a2a2-1fb3-536d-b9e4-f2b312ad64bd","664","Xã Đại Thanh","xa_dai_thanh","xã","1791616658326","1791616658326"
"52423a73-6b46-590d-8462-07c3eae3f42b","c898a2a2-1fb3-536d-b9e4-f2b312ad64bd","679","Xã Ngọc Hồi","xa_ngoc_hoi","xã","1791616658326","1791616658326"
"8c821430-d92e-5170-9f11-7b97382d4f2f","c898a2a2-1fb3-536d-b9e4-f2b312ad64bd","685","Xã Nam Phù","xa_nam_phu","xã","1791616658326","1791616658326"
"bf262513-0389-56ff-8fdd-88acca09f582","85dbca8d-88a5-542d-8f7e-53fe4fb0dc69","691","Phường Hà Giang 2","phuong_ha_giang_2","phường","1791616658326","1791616658326"
"d27fc185-cb6b-5e13-93db-fea3e61b95c6","85dbca8d-88a5-542d-8f7e-53fe4fb0dc69","694","Phường Hà Giang 1","phuong_ha_giang_1","phường","1791616658326","1791616658326"
"b8c48d4a-b238-59f6-b158-d23cf79dda85","85dbca8d-88a5-542d-8f7e-53fe4fb0dc69","700","Xã Ngọc Đường","xa_ngoc_duong","xã","1791616658326","1791616658326"
"759314f3-c6cc-58fc-9825-b9a9c1eec703","85dbca8d-88a5-542d-8f7e-53fe4fb0dc69","706","Xã Phú Linh","xa_phu_linh","xã","1791616658326","1791616658326"
"e6104c49-ad86-5a25-ab0d-cb0c032b1d54","85dbca8d-88a5-542d-8f7e-53fe4fb0dc69","715","Xã Lũng Cú","xa_lung_cu","xã","1791616658326","1791616658326"
"94842249-8342-5e89-beba-a72b908f5015","85dbca8d-88a5-542d-8f7e-53fe4fb0dc69","721","Xã Đồng Văn","xa_dong_van","xã","1791616658326","1791616658326"
"8d3f5a8c-6a43-5ad8-a875-ea7dbb7c64db","85dbca8d-88a5-542d-8f7e-53fe4fb0dc69","733","Xã Sà Phìn","xa_sa_phin","xã","1791616658326","1791616658326"
"752d8d4f-ff79-5ce6-a35e-d716a6ca77d3","85dbca8d-88a5-542d-8f7e-53fe4fb0dc69","745","Xã Phố Bảng","xa_pho_bang","xã","1791616658326","1791616658326"
"2e4553e6-169a-5850-8530-a347dd159751","85dbca8d-88a5-542d-8f7e-53fe4fb0dc69","763","Xã Lũng Phìn","xa_lung_phin","xã","1791616658326","1791616658326"
"2288a7de-ecff-521f-b861-7311bc8afd6a","85dbca8d-88a5-542d-8f7e-53fe4fb0dc69","769","Xã Mèo Vạc","xa_meo_vac","xã","1791616658326","1791616658326"
"58a4c034-ca34-5c06-9a2d-d7bfe7149763","85dbca8d-88a5-542d-8f7e-53fe4fb0dc69","778","Xã Sơn Vĩ","xa_son_vi","xã","1791616658326","1791616658326"
"a8d6ac99-517e-518f-a3e0-99a862c5ce07","85dbca8d-88a5-542d-8f7e-53fe4fb0dc69","787","Xã Sủng Máng","xa_sung_mang","xã","1791616658326","1791616658326"
"e4a61d06-4e76-51d1-af64-0f840928eae4","85dbca8d-88a5-542d-8f7e-53fe4fb0dc69","802","Xã Khâu Vai","xa_khau_vai","xã","1791616658326","1791616658326"
"fde37c0b-9614-5df5-8f9f-66ee7a299409","85dbca8d-88a5-542d-8f7e-53fe4fb0dc69","808","Xã Tát Ngà","xa_tat_nga","xã","1791616658326","1791616658326"
"06012314-e575-51b8-855a-125781a4ae57","85dbca8d-88a5-542d-8f7e-53fe4fb0dc69","817","Xã Niêm Sơn","xa_niem_son","xã","1791616658326","1791616658326"
"baa3c714-bf0c-55fe-b290-6939917dce61","85dbca8d-88a5-542d-8f7e-53fe4fb0dc69","820","Xã Yên Minh","xa_yen_minh","xã","1791616658326","1791616658326"
"feb4fd93-4e68-56f3-b47e-07e28b51df45","85dbca8d-88a5-542d-8f7e-53fe4fb0dc69","829","Xã Thắng Mố","xa_thang_mo","xã","1791616658326","1791616658326"
"bb652345-1cac-56ef-9e65-fff7522ca2f4","85dbca8d-88a5-542d-8f7e-53fe4fb0dc69","832","Xã Bạch Đích","xa_bach_dich","xã","1791616658326","1791616658326"
"0d6b9ef5-401c-5aef-93e1-bbaed7efe433","85dbca8d-88a5-542d-8f7e-53fe4fb0dc69","847","Xã Mậu Duệ","xa_mau_due","xã","1791616658326","1791616658326"
"0fbec69e-9c68-514a-b946-81777fc43d03","85dbca8d-88a5-542d-8f7e-53fe4fb0dc69","859","Xã Ngọc Long","xa_ngoc_long","xã","1791616658326","1791616658326"
"14911325-04f5-58e0-a1ea-cf546b38fed2","85dbca8d-88a5-542d-8f7e-53fe4fb0dc69","865","Xã Đường Thượng","xa_duong_thuong","xã","1791616658326","1791616658326"
"29fa6cec-152a-5d9b-afe4-431a01430a45","85dbca8d-88a5-542d-8f7e-53fe4fb0dc69","871","Xã Du Già","xa_du_gia","xã","1791616658326","1791616658326"
"f728dadc-746c-5c05-b727-ae71ae4e336c","85dbca8d-88a5-542d-8f7e-53fe4fb0dc69","874","Xã Quản Bạ","xa_quan_ba","xã","1791616658326","1791616658326"
"3a1e35c7-6e9a-5484-a9da-823fc4f67895","85dbca8d-88a5-542d-8f7e-53fe4fb0dc69","883","Xã Cán Tỷ","xa_can_ty","xã","1791616658326","1791616658326"
"d4005e23-fa63-513b-9a80-4f47a0f934c1","85dbca8d-88a5-542d-8f7e-53fe4fb0dc69","889","Xã Nghĩa Thuận","xa_nghia_thuan","xã","1791616658326","1791616658326"
"1b257aed-7043-5dcc-9744-a62d8e57ccb2","85dbca8d-88a5-542d-8f7e-53fe4fb0dc69","892","Xã Tùng Vài","xa_tung_vai","xã","1791616658326","1791616658326"
"08f2f29a-faa6-547a-8c24-b39bb8ff7a36","85dbca8d-88a5-542d-8f7e-53fe4fb0dc69","901","Xã Lùng Tám","xa_lung_tam","xã","1791616658326","1791616658326"
"11bc85b2-735a-539f-8ff8-5ecb2500eb31","85dbca8d-88a5-542d-8f7e-53fe4fb0dc69","913","Xã Vị Xuyên","xa_vi_xuyen","xã","1791616658326","1791616658326"
"1c449bcb-5692-5bf5-a7ad-404cf59abd37","85dbca8d-88a5-542d-8f7e-53fe4fb0dc69","919","Xã Minh Tân","xa_minh_tan","xã","1791616658326","1791616658326"
"18324208-0851-5f50-b04b-fc82979e35b3","85dbca8d-88a5-542d-8f7e-53fe4fb0dc69","922","Xã Thuận Hoà","xa_thuan_hoa","xã","1791616658326","1791616658326"
"558090d3-49a4-5d58-9b99-c7dc61385097","85dbca8d-88a5-542d-8f7e-53fe4fb0dc69","925","Xã Tùng Bá","xa_tung_ba","xã","1791616658326","1791616658326"
"5d01f097-79ec-5de2-95e1-b962c1d6c49c","85dbca8d-88a5-542d-8f7e-53fe4fb0dc69","928","Xã Thanh Thủy","xa_thanh_thuy","xã","1791616658326","1791616658326"
"dba32330-dd9f-5dad-be9b-0e3d2a9ef180","85dbca8d-88a5-542d-8f7e-53fe4fb0dc69","937","Xã Lao Chải","xa_lao_chai","xã","1791616658326","1791616658326"
"088ef975-0221-5832-bdfd-660fd60538c6","85dbca8d-88a5-542d-8f7e-53fe4fb0dc69","952","Xã Cao Bồ","xa_cao_bo","xã","1791616658326","1791616658326"
"fdfd1ab5-cb1d-530c-9eb3-5251640a49ba","85dbca8d-88a5-542d-8f7e-53fe4fb0dc69","958","Xã Thượng Sơn","xa_thuong_son","xã","1791616658326","1791616658326"
"7c8569c2-b510-59a8-9cbf-1bbcfb871bd7","85dbca8d-88a5-542d-8f7e-53fe4fb0dc69","967","Xã Việt Lâm","xa_viet_lam","xã","1791616658326","1791616658326"
"fd81f8cd-30e7-5198-8f16-8fbc402e06ec","85dbca8d-88a5-542d-8f7e-53fe4fb0dc69","970","Xã Linh Hồ","xa_linh_ho","xã","1791616658326","1791616658326"
"c0f19b9d-02e9-565a-b9b7-fde1f69c7885","85dbca8d-88a5-542d-8f7e-53fe4fb0dc69","976","Xã Bạch Ngọc","xa_bach_ngoc","xã","1791616658326","1791616658326"
"06619b59-b83b-5bb9-963a-2cc911174586","85dbca8d-88a5-542d-8f7e-53fe4fb0dc69","982","Xã Minh Sơn","xa_minh_son","xã","1791616658326","1791616658326"
"7bcf33e0-360e-5b10-b3cf-bc5323a65107","85dbca8d-88a5-542d-8f7e-53fe4fb0dc69","985","Xã Giáp Trung","xa_giap_trung","xã","1791616658326","1791616658326"
"56fa87fb-63f8-5606-90bb-24bbe6a2598e","85dbca8d-88a5-542d-8f7e-53fe4fb0dc69","991","Xã Bắc Mê","xa_bac_me","xã","1791616658326","1791616658326"
"df3fdedf-700b-5b99-beb6-0d6395092235","85dbca8d-88a5-542d-8f7e-53fe4fb0dc69","994","Xã Minh Ngọc","xa_minh_ngoc","xã","1791616658326","1791616658326"
"cce67688-7998-5507-9de2-0140ce8e5743","85dbca8d-88a5-542d-8f7e-53fe4fb0dc69","1006","Xã Yên Cường","xa_yen_cuong","xã","1791616658326","1791616658326"
"3ce16904-9e1e-5175-bb71-4b25bdbaf93f","85dbca8d-88a5-542d-8f7e-53fe4fb0dc69","1012","Xã Đường Hồng","xa_duong_hong","xã","1791616658326","1791616658326"
"629a7ea6-9d7d-5dc5-ab56-38957790c3aa","85dbca8d-88a5-542d-8f7e-53fe4fb0dc69","1021","Xã Hoàng Su Phì","xa_hoang_su_phi","xã","1791616658326","1791616658326"
"6ce67b22-0ba8-5eeb-bd41-30327a8a8d8a","85dbca8d-88a5-542d-8f7e-53fe4fb0dc69","1024","Xã Bản Máy","xa_ban_may","xã","1791616658326","1791616658326"
"eaa81f26-3a06-5b69-90b0-93fd38999287","85dbca8d-88a5-542d-8f7e-53fe4fb0dc69","1033","Xã Thàng Tín","xa_thang_tin","xã","1791616658326","1791616658326"
"52c8f380-ac5f-511c-b289-395f1af7b0df","85dbca8d-88a5-542d-8f7e-53fe4fb0dc69","1051","Xã Tân Tiến","xa_tan_tien","xã","1791616658326","1791616658326"
"af6f3d93-c267-557f-b406-9d86be2befbb","85dbca8d-88a5-542d-8f7e-53fe4fb0dc69","1057","Xã Pờ Ly Ngài","xa_po_ly_ngai","xã","1791616658326","1791616658326"
"f7149a36-11b3-5641-a3c8-ea8f8e464136","85dbca8d-88a5-542d-8f7e-53fe4fb0dc69","1075","Xã Nậm Dịch","xa_nam_dich","xã","1791616658326","1791616658326"
"db37fc6c-7322-5d06-8af9-378b6a04d6f4","85dbca8d-88a5-542d-8f7e-53fe4fb0dc69","1084","Xã Hồ Thầu","xa_ho_thau","xã","1791616658326","1791616658326"
"d7fca286-fc03-5c95-93b0-1dc824bb3ee9","85dbca8d-88a5-542d-8f7e-53fe4fb0dc69","1090","Xã Thông Nguyên","xa_thong_nguyen","xã","1791616658326","1791616658326"
"007edc40-c568-5a2d-99e5-5cdf09fac389","85dbca8d-88a5-542d-8f7e-53fe4fb0dc69","1096","Xã Pà Vầy Sủ","xa_pa_vay_su","xã","1791616658326","1791616658326"
"97c246c4-e603-55ea-8b40-6d74e0537fe3","85dbca8d-88a5-542d-8f7e-53fe4fb0dc69","1108","Xã Xín Mần","xa_xin_man","xã","1791616658326","1791616658326"
"fdb1cacb-14b4-555b-8650-3870a9b493cd","85dbca8d-88a5-542d-8f7e-53fe4fb0dc69","1117","Xã Trung Thịnh","xa_trung_thinh","xã","1791616658326","1791616658326"
"72a123fe-8a4b-5ac8-8041-5baa55ddf8a7","85dbca8d-88a5-542d-8f7e-53fe4fb0dc69","1141","Xã Nấm Dẩn","xa_nam_dan","xã","1791616658326","1791616658326"
"11d27f74-d958-5451-8de8-8a7002d0d03f","85dbca8d-88a5-542d-8f7e-53fe4fb0dc69","1144","Xã Quảng Nguyên","xa_quang_nguyen","xã","1791616658326","1791616658326"
"ef9fc717-e8c2-5ab1-a16a-396a7f9c6259","85dbca8d-88a5-542d-8f7e-53fe4fb0dc69","1147","Xã Khuôn Lùng","xa_khuon_lung","xã","1791616658326","1791616658326"
"42cc85f4-c573-5fd5-9d98-1799d6b662c1","85dbca8d-88a5-542d-8f7e-53fe4fb0dc69","1153","Xã Bắc Quang","xa_bac_quang","xã","1791616658326","1791616658326"
"7042df4e-c058-5f61-ace9-cd4b930ec30a","85dbca8d-88a5-542d-8f7e-53fe4fb0dc69","1156","Xã Vĩnh Tuy","xa_vinh_tuy","xã","1791616658326","1791616658326"
"f4a8a7e0-4c0c-5977-a254-cbc17c81094d","85dbca8d-88a5-542d-8f7e-53fe4fb0dc69","1165","Xã Đồng Tâm","xa_dong_tam","xã","1791616658326","1791616658326"
"a3841d63-df8e-5bbd-a2f4-6abf2f377acb","85dbca8d-88a5-542d-8f7e-53fe4fb0dc69","1171","Xã Tân Quang","xa_tan_quang","xã","1791616658326","1791616658326"
"781b96b0-b8b9-5b05-adab-20d2eaeddd8e","85dbca8d-88a5-542d-8f7e-53fe4fb0dc69","1180","Xã Bằng Hành","xa_bang_hanh","xã","1791616658326","1791616658326"
"ef607562-03a4-5508-8a4d-aaae945428de","85dbca8d-88a5-542d-8f7e-53fe4fb0dc69","1192","Xã Liên Hiệp","xa_lien_hiep","xã","1791616658326","1791616658326"
"6da31be5-82a2-5e60-9178-c72f18275664","85dbca8d-88a5-542d-8f7e-53fe4fb0dc69","1201","Xã Hùng An","xa_hung_an","xã","1791616658326","1791616658326"
"4e10e512-6eb8-5428-bd83-5542f8cbf85b","85dbca8d-88a5-542d-8f7e-53fe4fb0dc69","1216","Xã Đồng Yên","xa_dong_yen","xã","1791616658326","1791616658326"
"c4d72b4a-550b-5c24-a9c9-b0005531cbf1","85dbca8d-88a5-542d-8f7e-53fe4fb0dc69","1225","Xã Tiên Nguyên","xa_tien_nguyen","xã","1791616658326","1791616658326"
"13bd0622-d319-5c9f-b7ed-93bf57357fa8","85dbca8d-88a5-542d-8f7e-53fe4fb0dc69","1234","Xã Yên Thành","xa_yen_thanh","xã","1791616658326","1791616658326"
"35055e76-8e04-5fa6-8903-030c5dc5b5a0","85dbca8d-88a5-542d-8f7e-53fe4fb0dc69","1237","Xã Quang Bình","xa_quang_binh","xã","1791616658326","1791616658326"
"775af0f3-f9f0-5b9a-b60b-de0182026eca","85dbca8d-88a5-542d-8f7e-53fe4fb0dc69","1243","Xã Tân Trịnh","xa_tan_trinh","xã","1791616658326","1791616658326"
"883bad82-59d0-5ce2-b49f-552bd3cfb84e","85dbca8d-88a5-542d-8f7e-53fe4fb0dc69","1246","Xã Bằng Lang","xa_bang_lang","xã","1791616658326","1791616658326"
"75baa558-6c40-5712-a272-6c5f7fd0d334","85dbca8d-88a5-542d-8f7e-53fe4fb0dc69","1255","Xã Xuân Giang","xa_xuan_giang","xã","1791616658326","1791616658326"
"ee59ca09-4aa5-5580-8383-153435642915","85dbca8d-88a5-542d-8f7e-53fe4fb0dc69","1261","Xã Tiên Yên","xa_tien_yen","xã","1791616658326","1791616658326"
"8dc42db2-9c5e-5082-97b8-472393c9beeb","dc50adaa-f43b-5b33-a01a-fd9c1c991c99","1273","Phường Thục Phán","phuong_thuc_phan","phường","1791616658326","1791616658326"
"0ef1868c-7807-5a40-951b-e36c4a08b59b","dc50adaa-f43b-5b33-a01a-fd9c1c991c99","1279","Phường Nùng Trí Cao","phuong_nung_tri_cao","phường","1791616658326","1791616658326"
"aa63b1ec-9a88-54b5-a286-26646d8e9905","dc50adaa-f43b-5b33-a01a-fd9c1c991c99","1288","Phường Tân Giang","phuong_tan_giang","phường","1791616658326","1791616658326"
"8dc79b16-f407-5b31-b806-02e7c47151cf","dc50adaa-f43b-5b33-a01a-fd9c1c991c99","1290","Xã Bảo Lâm","xa_bao_lam","xã","1791616658326","1791616658326"
"36daf3c3-852e-5b82-ba72-a72ece23d08d","dc50adaa-f43b-5b33-a01a-fd9c1c991c99","1294","Xã Lý Bôn","xa_ly_bon","xã","1791616658326","1791616658326"
"46892ec3-84c8-5cf6-a4e9-b3b00dfb9eb5","dc50adaa-f43b-5b33-a01a-fd9c1c991c99","1297","Xã Nam Quang","xa_nam_quang","xã","1791616658326","1791616658326"
"15d6c257-7f86-5b54-b533-a5f1eb7779ff","dc50adaa-f43b-5b33-a01a-fd9c1c991c99","1304","Xã Quảng Lâm","xa_quang_lam","xã","1791616658326","1791616658326"
"e4b566ef-47c2-5bcd-8150-6a09fdfdafd8","dc50adaa-f43b-5b33-a01a-fd9c1c991c99","1318","Xã Yên Thổ","xa_yen_tho","xã","1791616658326","1791616658326"
"343559cf-75ba-5cf6-95a3-1161e37ffe4b","dc50adaa-f43b-5b33-a01a-fd9c1c991c99","1321","Xã Bảo Lạc","xa_bao_lac","xã","1791616658326","1791616658326"
"38b06b7a-afcf-574d-9adc-43ab120323a3","dc50adaa-f43b-5b33-a01a-fd9c1c991c99","1324","Xã Cốc Pàng","xa_coc_pang","xã","1791616658326","1791616658326"
"9281cfcc-d5cd-5b34-8374-42c05157c15c","dc50adaa-f43b-5b33-a01a-fd9c1c991c99","1327","Xã Cô Ba","xa_co_ba","xã","1791616658326","1791616658326"
"89b80fd4-bb39-5950-847e-948520e37d31","dc50adaa-f43b-5b33-a01a-fd9c1c991c99","1336","Xã Khánh Xuân","xa_khanh_xuan","xã","1791616658326","1791616658326"
"9f35dfa9-eeca-59cb-87e8-23bd461881dd","dc50adaa-f43b-5b33-a01a-fd9c1c991c99","1339","Xã Xuân Trường","xa_xuan_truong","xã","1791616658326","1791616658326"
"4a999d71-59a5-565f-9f69-78db80c4864f","dc50adaa-f43b-5b33-a01a-fd9c1c991c99","1351","Xã Hưng Đạo","xa_hung_dao","xã","1791616658326","1791616658326"
"78fd794e-5961-5925-b519-302445dc50ba","dc50adaa-f43b-5b33-a01a-fd9c1c991c99","1354","Xã Huy Giáp","xa_huy_giap","xã","1791616658326","1791616658326"
"b7d980af-aab1-56ce-99c7-ff25436abac4","dc50adaa-f43b-5b33-a01a-fd9c1c991c99","1360","Xã Sơn Lộ","xa_son_lo","xã","1791616658326","1791616658326"
"3335def0-957b-5ec8-bc8f-be86b8fbbcc0","dc50adaa-f43b-5b33-a01a-fd9c1c991c99","1363","Xã Thông Nông","xa_thong_nong","xã","1791616658326","1791616658326"
"e979a79d-bcb1-5b2f-a012-2a91387ca8fb","dc50adaa-f43b-5b33-a01a-fd9c1c991c99","1366","Xã Cần Yên","xa_can_yen","xã","1791616658326","1791616658326"
"0ba18cec-3e79-5c8a-8c13-65ab983c7b2d","dc50adaa-f43b-5b33-a01a-fd9c1c991c99","1387","Xã Thanh Long","xa_thanh_long","xã","1791616658326","1791616658326"
"e8281271-4de6-5bf4-99f4-0f0546f5200c","dc50adaa-f43b-5b33-a01a-fd9c1c991c99","1392","Xã Trường Hà","xa_truong_ha","xã","1791616658326","1791616658326"
"38d72cfd-61b5-5470-9f50-b6dabf8c9178","dc50adaa-f43b-5b33-a01a-fd9c1c991c99","1393","Xã Lũng Nặm","xa_lung_nam","xã","1791616658326","1791616658326"
"db97bb88-63d7-53f3-ad3b-b5e08ba7005f","dc50adaa-f43b-5b33-a01a-fd9c1c991c99","1414","Xã Tổng Cọt","xa_tong_cot","xã","1791616658326","1791616658326"
"f19ba4af-9703-5d88-8fc4-8493cbac0fa8","dc50adaa-f43b-5b33-a01a-fd9c1c991c99","1438","Xã Hà Quảng","xa_ha_quang","xã","1791616658326","1791616658326"
"4a6db82c-f982-5dc7-a4df-a59b44b6c8a6","dc50adaa-f43b-5b33-a01a-fd9c1c991c99","1447","Xã Trà Lĩnh","xa_tra_linh","xã","1791616658326","1791616658326"
"2c869d6a-cea6-55af-9106-5c9f6021accd","dc50adaa-f43b-5b33-a01a-fd9c1c991c99","1456","Xã Quang Hán","xa_quang_han","xã","1791616658326","1791616658326"
"831f5268-43da-5e29-ad25-b370f2d92d6f","dc50adaa-f43b-5b33-a01a-fd9c1c991c99","1465","Xã Quang Trung","xa_quang_trung","xã","1791616658326","1791616658326"
"c9078e14-87d2-52ca-8f0f-cbe06a010377","dc50adaa-f43b-5b33-a01a-fd9c1c991c99","1477","Xã Trùng Khánh","xa_trung_khanh","xã","1791616658326","1791616658326"
"c76ba750-9560-5443-ad58-9ea54aba9aba","dc50adaa-f43b-5b33-a01a-fd9c1c991c99","1489","Xã Đình Phong","xa_dinh_phong","xã","1791616658326","1791616658326"
"a5645b91-17bd-5168-8d83-d5fac197a753","dc50adaa-f43b-5b33-a01a-fd9c1c991c99","1501","Xã Đàm Thủy","xa_dam_thuy","xã","1791616658326","1791616658326"
"e958ead6-d28f-537a-9155-cf5a85c09461","dc50adaa-f43b-5b33-a01a-fd9c1c991c99","1525","Xã Đoài Dương","xa_doai_duong","xã","1791616658326","1791616658326"
"fe92de9b-6d0e-523a-8eee-aa3fe111f9b9","dc50adaa-f43b-5b33-a01a-fd9c1c991c99","1537","Xã Lý Quốc","xa_ly_quoc","xã","1791616658326","1791616658326"
"424e3619-2424-5a04-b666-d75d00685036","dc50adaa-f43b-5b33-a01a-fd9c1c991c99","1552","Xã Quang Long","xa_quang_long","xã","1791616658326","1791616658326"
"e053e24d-ea1d-5929-acd2-ba2b857732ce","dc50adaa-f43b-5b33-a01a-fd9c1c991c99","1558","Xã Hạ Lang","xa_ha_lang","xã","1791616658326","1791616658326"
"f013f435-7d2c-5c99-af6b-119e3f3bc1a0","dc50adaa-f43b-5b33-a01a-fd9c1c991c99","1561","Xã Vinh Quý","xa_vinh_quy","xã","1791616658326","1791616658326"
"bebab1a2-8cbc-55c6-a1d7-103024c55e25","dc50adaa-f43b-5b33-a01a-fd9c1c991c99","1576","Xã Quảng Uyên","xa_quang_uyen","xã","1791616658326","1791616658326"
"d2f9a049-a311-5b80-8884-71bff06d5c26","dc50adaa-f43b-5b33-a01a-fd9c1c991c99","1594","Xã Độc Lập","xa_doc_lap","xã","1791616658326","1791616658326"
"c8fdc279-60d9-5a05-8bfb-8b66ccbd6d10","dc50adaa-f43b-5b33-a01a-fd9c1c991c99","1618","Xã Hạnh Phúc","xa_hanh_phuc","xã","1791616658326","1791616658326"
"f7a7fd47-e7af-5711-829a-bfa9270e8231","dc50adaa-f43b-5b33-a01a-fd9c1c991c99","1636","Xã Bế Văn Đàn","xa_be_van_dan","xã","1791616658326","1791616658326"
"d8ea96b0-f4dc-583c-acf6-e0c5e307c2b2","dc50adaa-f43b-5b33-a01a-fd9c1c991c99","1648","Xã Phục Hòa","xa_phuc_hoa","xã","1791616658326","1791616658326"
"d7e7a31d-1681-5201-91ca-1513c91e8072","dc50adaa-f43b-5b33-a01a-fd9c1c991c99","1654","Xã Hòa An","xa_hoa_an","xã","1791616658326","1791616658326"
"0b1db940-fe1c-51df-beae-4116b1d2aaee","dc50adaa-f43b-5b33-a01a-fd9c1c991c99","1660","Xã Nam Tuấn","xa_nam_tuan","xã","1791616658326","1791616658326"
"39efb7d4-49a7-5e8b-aac3-6976a23bb996","dc50adaa-f43b-5b33-a01a-fd9c1c991c99","1699","Xã Nguyễn Huệ","xa_nguyen_hue","xã","1791616658326","1791616658326"
"20317ed6-948c-5c4e-9564-bd6872ac79ff","dc50adaa-f43b-5b33-a01a-fd9c1c991c99","1708","Xã Bạch Đằng","xa_bach_dang","xã","1791616658326","1791616658326"
"75cc1782-9eca-50c9-9664-deffcbaa9263","dc50adaa-f43b-5b33-a01a-fd9c1c991c99","1726","Xã Nguyên Bình","xa_nguyen_binh","xã","1791616658326","1791616658326"
"46d90127-8aab-5b76-bd7e-11aa895df2cc","dc50adaa-f43b-5b33-a01a-fd9c1c991c99","1729","Xã Tĩnh Túc","xa_tinh_tuc","xã","1791616658326","1791616658326"
"de53cecb-5548-5b50-882f-0f99422ace88","dc50adaa-f43b-5b33-a01a-fd9c1c991c99","1738","Xã Ca Thành","xa_ca_thanh","xã","1791616658326","1791616658326"
"e016924b-62f3-5b29-b8a1-dd71c80cfda0","dc50adaa-f43b-5b33-a01a-fd9c1c991c99","1747","Xã Minh Tâm","xa_minh_tam","xã","1791616658326","1791616658326"
"3e72bc9a-b484-588d-bedd-9a2e791d8b32","dc50adaa-f43b-5b33-a01a-fd9c1c991c99","1768","Xã Phan Thanh","xa_phan_thanh","xã","1791616658326","1791616658326"
"0865f89f-8d1e-5f46-9eba-bb51aa1c1e68","dc50adaa-f43b-5b33-a01a-fd9c1c991c99","1774","Xã Tam Kim","xa_tam_kim","xã","1791616658326","1791616658326"
"75ee67f6-9a80-584e-b41f-3641d053f5dc","dc50adaa-f43b-5b33-a01a-fd9c1c991c99","1777","Xã Thành Công","xa_thanh_cong","xã","1791616658326","1791616658326"
"3f56da44-5014-508a-9295-36633ddeace0","dc50adaa-f43b-5b33-a01a-fd9c1c991c99","1786","Xã Đông Khê","xa_dong_khe","xã","1791616658326","1791616658326"
"b10acdc3-057d-517a-91e2-9fa77ad7aeb7","dc50adaa-f43b-5b33-a01a-fd9c1c991c99","1789","Xã Canh Tân","xa_canh_tan","xã","1791616658326","1791616658326"
"49992a0a-a59e-5dc7-aa04-443278942c98","dc50adaa-f43b-5b33-a01a-fd9c1c991c99","1792","Xã Kim Đồng","xa_kim_dong","xã","1791616658326","1791616658326"
"5ccf6d82-25a3-5061-9aaf-1f45849e6b0e","dc50adaa-f43b-5b33-a01a-fd9c1c991c99","1795","Xã Minh Khai","xa_minh_khai","xã","1791616658326","1791616658326"
"191d3df1-595e-5a18-a9d1-22d55d94a9b2","dc50adaa-f43b-5b33-a01a-fd9c1c991c99","1807","Xã Thạch An","xa_thach_an","xã","1791616658326","1791616658326"
"c0586ff9-dd05-5702-901b-c0c3c1254279","dc50adaa-f43b-5b33-a01a-fd9c1c991c99","1822","Xã Đức Long","xa_duc_long","xã","1791616658326","1791616658326"
"023bf449-b38a-5f0b-8692-3abfb7e01dfc","821434d1-9a76-525d-831e-16f508d0a41d","1840","Phường Đức Xuân","phuong_duc_xuan","phường","1791616658326","1791616658326"
"cffdf424-ff58-5996-bd83-acc18000cc0e","821434d1-9a76-525d-831e-16f508d0a41d","1843","Phường Bắc Kạn","phuong_bac_kan","phường","1791616658326","1791616658326"
"7ea19d33-e8c8-50c4-aa0b-44df6ad868cc","821434d1-9a76-525d-831e-16f508d0a41d","1849","Xã Phong Quang","xa_phong_quang","xã","1791616658326","1791616658326"
"702f1f75-9995-5f79-9337-c2493fd12d0f","821434d1-9a76-525d-831e-16f508d0a41d","1864","Xã Bằng Thành","xa_bang_thanh","xã","1791616658326","1791616658326"
"25eddf68-3c97-5d92-915e-7f3f6156b31a","821434d1-9a76-525d-831e-16f508d0a41d","1879","Xã Cao Minh","xa_cao_minh","xã","1791616658326","1791616658326"
"e123aa0d-00b9-504e-a30e-ecaf0c27cabc","821434d1-9a76-525d-831e-16f508d0a41d","1882","Xã Nghiên Loan","xa_nghien_loan","xã","1791616658326","1791616658326"
"ae2cb3e8-4776-52cc-943a-8b0ccb7604b5","821434d1-9a76-525d-831e-16f508d0a41d","1894","Xã Phúc Lộc","xa_phuc_loc","xã","1791616658326","1791616658326"
"73b362c9-9994-5527-bab5-9d3fd2c481c6","821434d1-9a76-525d-831e-16f508d0a41d","1906","Xã Ba Bể","xa_ba_be","xã","1791616658326","1791616658326"
"3045ab5c-bb33-5331-86e7-8792af99a3fe","821434d1-9a76-525d-831e-16f508d0a41d","1912","Xã Chợ Rã","xa_cho_ra","xã","1791616658326","1791616658326"
"f74688de-5ddf-589d-a7b6-73094bc02242","821434d1-9a76-525d-831e-16f508d0a41d","1921","Xã Thượng Minh","xa_thuong_minh","xã","1791616658326","1791616658326"
"83f77a5c-d831-59b5-b275-035679f0d510","821434d1-9a76-525d-831e-16f508d0a41d","1933","Xã Đồng Phúc","xa_dong_phuc","xã","1791616658326","1791616658326"
"c5d9ed65-618d-51d4-a552-381d292e87ee","821434d1-9a76-525d-831e-16f508d0a41d","1936","Xã Nà Phặc","xa_na_phac","xã","1791616658326","1791616658326"
"6ab95bac-bb3c-5b47-920e-3094b3a08efb","821434d1-9a76-525d-831e-16f508d0a41d","1942","Xã Bằng Vân","xa_bang_van","xã","1791616658326","1791616658326"
"1b89d352-4697-5e84-8432-43dd49250ad5","821434d1-9a76-525d-831e-16f508d0a41d","1954","Xã Ngân Sơn","xa_ngan_son","xã","1791616658326","1791616658326"
"5eab94aa-dfc7-5b93-950c-d934876ed841","821434d1-9a76-525d-831e-16f508d0a41d","1957","Xã Thượng Quan","xa_thuong_quan","xã","1791616658326","1791616658326"
"7ab0a7b9-0736-5746-9b0b-ceaff201a592","821434d1-9a76-525d-831e-16f508d0a41d","1960","Xã Hiệp Lực","xa_hiep_luc","xã","1791616658326","1791616658326"
"0250a8a0-a797-5720-9da7-1386210c9bb2","821434d1-9a76-525d-831e-16f508d0a41d","1969","Xã Phủ Thông","xa_phu_thong","xã","1791616658326","1791616658326"
"68bd35d4-82bf-58c4-aa76-b7243a80f18f","821434d1-9a76-525d-831e-16f508d0a41d","1981","Xã Vĩnh Thông","xa_vinh_thong","xã","1791616658326","1791616658326"
"088c4a32-c088-5db2-acf0-a0f2e7b438ca","821434d1-9a76-525d-831e-16f508d0a41d","2008","Xã Cẩm Giàng","xa_cam_giang","xã","1791616658326","1791616658326"
"32d8fc5d-c32b-572a-a75c-cfe52b678c13","821434d1-9a76-525d-831e-16f508d0a41d","2014","Xã Bạch Thông","xa_bach_thong","xã","1791616658326","1791616658326"
"215acc1a-cf7a-5f00-a0bc-623c098b7603","821434d1-9a76-525d-831e-16f508d0a41d","2020","Xã Chợ Đồn","xa_cho_don","xã","1791616658326","1791616658326"
"c50ae570-634d-50a9-95b3-2a007f147e8f","821434d1-9a76-525d-831e-16f508d0a41d","2026","Xã Nam Cường","xa_nam_cuong","xã","1791616658326","1791616658326"
"0e8e0058-d9f7-58f7-b079-655f99a230c2","821434d1-9a76-525d-831e-16f508d0a41d","2038","Xã Quảng Bạch","xa_quang_bach","xã","1791616658326","1791616658326"
"1ef17f9d-561c-5e74-bc77-9d85cc998adb","821434d1-9a76-525d-831e-16f508d0a41d","2044","Xã Yên Thịnh","xa_yen_thinh","xã","1791616658326","1791616658326"
"7c8e0162-cc1f-5cd6-b6ad-12b044fa4789","821434d1-9a76-525d-831e-16f508d0a41d","2071","Xã Nghĩa Tá","xa_nghia_ta","xã","1791616658326","1791616658326"
"1bcd7ba1-a257-534e-8b47-1aa26158eea2","821434d1-9a76-525d-831e-16f508d0a41d","2083","Xã Yên Phong","xa_yen_phong","xã","1791616658326","1791616658326"
"92de0c9a-5f9c-5402-8d44-4c9faf56118d","821434d1-9a76-525d-831e-16f508d0a41d","2086","Xã Chợ Mới","xa_cho_moi","xã","1791616658326","1791616658326"
"7362413c-6f5a-5434-a5a8-ae82e083e4ae","821434d1-9a76-525d-831e-16f508d0a41d","2101","Xã Thanh Mai","xa_thanh_mai","xã","1791616658326","1791616658326"
"20c659af-534c-5c1a-b35e-71844a6f3703","821434d1-9a76-525d-831e-16f508d0a41d","2104","Xã Tân Kỳ","xa_tan_ky","xã","1791616658326","1791616658326"
"d2c73a2b-bd67-5212-9f06-49450b5a0612","821434d1-9a76-525d-831e-16f508d0a41d","2107","Xã Thanh Thịnh","xa_thanh_thinh","xã","1791616658326","1791616658326"
"1d3325ef-5134-5f3e-af53-6f938741dc57","821434d1-9a76-525d-831e-16f508d0a41d","2116","Xã Yên Bình","xa_yen_binh","xã","1791616658326","1791616658326"
"354e9eda-8401-558c-9618-131eebbcd669","821434d1-9a76-525d-831e-16f508d0a41d","2143","Xã Văn Lang","xa_van_lang","xã","1791616658326","1791616658326"
"909e5e1d-db38-5de4-bd97-986699b348c8","821434d1-9a76-525d-831e-16f508d0a41d","2152","Xã Cường Lợi","xa_cuong_loi","xã","1791616658326","1791616658326"
"7669846e-e3d4-5e2e-b999-f676214fb35d","821434d1-9a76-525d-831e-16f508d0a41d","2155","Xã Na Rì","xa_na_ri","xã","1791616658326","1791616658326"
"ccd306ac-1751-51c4-bfd4-a982abf1cadc","821434d1-9a76-525d-831e-16f508d0a41d","2176","Xã Trần Phú","xa_tran_phu","xã","1791616658326","1791616658326"
"e399d4c4-5338-5956-a555-a1e5ff7707db","821434d1-9a76-525d-831e-16f508d0a41d","2185","Xã Côn Minh","xa_con_minh","xã","1791616658326","1791616658326"
"759852fc-1389-5839-9df9-3a6b4de02060","821434d1-9a76-525d-831e-16f508d0a41d","2191","Xã Xuân Dương","xa_xuan_duong","xã","1791616658326","1791616658326"
"2923c3ee-7c96-531d-941b-0e2ece26025f","85dbca8d-88a5-542d-8f7e-53fe4fb0dc69","2212","Phường Nông Tiến","phuong_nong_tien","phường","1791616658326","1791616658326"
"1bccdf78-cd96-5ab6-a6aa-a218926dc19d","85dbca8d-88a5-542d-8f7e-53fe4fb0dc69","2215","Phường Minh Xuân","phuong_minh_xuan","phường","1791616658326","1791616658326"
"b3a31a26-1856-5627-a5a3-994ac4ecd3ee","85dbca8d-88a5-542d-8f7e-53fe4fb0dc69","2221","Xã Nà Hang","xa_na_hang","xã","1791616658326","1791616658326"
"61fb686b-85de-5150-8173-c2822670ac50","85dbca8d-88a5-542d-8f7e-53fe4fb0dc69","2239","Xã Thượng Nông","xa_thuong_nong","xã","1791616658326","1791616658326"
"453a8c8f-5935-5f6a-8654-3852de31bc27","85dbca8d-88a5-542d-8f7e-53fe4fb0dc69","2245","Xã Côn Lôn","xa_con_lon","xã","1791616658326","1791616658326"
"d36dfa4a-f1e8-5cbb-9e41-681cf0d95341","85dbca8d-88a5-542d-8f7e-53fe4fb0dc69","2248","Xã Yên Hoa","xa_yen_hoa","xã","1791616658326","1791616658326"
"859ecfff-4ebb-5b84-932b-87ddcfdc34ea","85dbca8d-88a5-542d-8f7e-53fe4fb0dc69","2260","Xã Hồng Thái","xa_hong_thai","xã","1791616658326","1791616658326"
"3c6065ea-e962-5db6-bbc9-39aa6c4c0fde","85dbca8d-88a5-542d-8f7e-53fe4fb0dc69","2266","Xã Lâm Bình","xa_lam_binh","xã","1791616658326","1791616658326"
"a2754227-cade-52bc-883c-d83b94b8ad19","85dbca8d-88a5-542d-8f7e-53fe4fb0dc69","2269","Xã Thượng Lâm","xa_thuong_lam","xã","1791616658326","1791616658326"
"a61a3d7b-1090-5deb-9556-bc452482fe85","85dbca8d-88a5-542d-8f7e-53fe4fb0dc69","2287","Xã Chiêm Hoá","xa_chiem_hoa","xã","1791616658326","1791616658326"
"2449b485-d2c8-5507-89b1-cc8c3acf1c56","85dbca8d-88a5-542d-8f7e-53fe4fb0dc69","2296","Xã Bình An","xa_binh_an","xã","1791616658326","1791616658326"
"14577e70-4a6e-5e5d-a6aa-e055401e8f4d","85dbca8d-88a5-542d-8f7e-53fe4fb0dc69","2302","Xã Minh Quang","xa_minh_quang","xã","1791616658326","1791616658326"
"7dda31a3-d27d-5278-af82-a8d4310fe954","85dbca8d-88a5-542d-8f7e-53fe4fb0dc69","2305","Xã Trung Hà","xa_trung_ha","xã","1791616658326","1791616658326"
"b778146d-a01b-5658-ab79-12af1546c59f","85dbca8d-88a5-542d-8f7e-53fe4fb0dc69","2308","Xã Tân Mỹ","xa_tan_my","xã","1791616658326","1791616658326"
"4f8636fa-878e-599f-bf5c-2c1d0b1c87f7","85dbca8d-88a5-542d-8f7e-53fe4fb0dc69","2317","Xã Yên Lập","xa_yen_lap","xã","1791616658326","1791616658326"
"85ae6628-0700-5932-b486-2d6108a0a963","85dbca8d-88a5-542d-8f7e-53fe4fb0dc69","2320","Xã Tân An","xa_tan_an","xã","1791616658326","1791616658326"
"f7761e92-ed38-51b3-b835-e1fa1c8e534e","85dbca8d-88a5-542d-8f7e-53fe4fb0dc69","2332","Xã Kiên Đài","xa_kien_dai","xã","1791616658326","1791616658326"
"1233cd34-c5b8-565a-afc0-0aa86404c4b0","85dbca8d-88a5-542d-8f7e-53fe4fb0dc69","2350","Xã Kim Bình","xa_kim_binh","xã","1791616658326","1791616658326"
"879a55e9-ec12-5aff-a099-139124dde50b","85dbca8d-88a5-542d-8f7e-53fe4fb0dc69","2353","Xã Hoà An","xa_hoa_an","xã","1791616658326","1791616658326"
"70bdc9b4-ca9b-5b2f-bd0d-20f120071f03","85dbca8d-88a5-542d-8f7e-53fe4fb0dc69","2359","Xã Tri Phú","xa_tri_phu","xã","1791616658326","1791616658326"
"1e997704-bfd3-501f-bc91-82a49f2ca4cc","85dbca8d-88a5-542d-8f7e-53fe4fb0dc69","2365","Xã Yên Nguyên","xa_yen_nguyen","xã","1791616658326","1791616658326"
"24b6e24b-ef80-5024-a624-ba44629ab3e0","85dbca8d-88a5-542d-8f7e-53fe4fb0dc69","2374","Xã Hàm Yên","xa_ham_yen","xã","1791616658326","1791616658326"
"387aee90-3929-5df6-929a-017a3b77c47b","85dbca8d-88a5-542d-8f7e-53fe4fb0dc69","2380","Xã Bạch Xa","xa_bach_xa","xã","1791616658326","1791616658326"
"3a7a8fc4-d74f-501d-b30f-a444f289a308","85dbca8d-88a5-542d-8f7e-53fe4fb0dc69","2392","Xã Phù Lưu","xa_phu_luu","xã","1791616658326","1791616658326"
"3cf49e3f-2a0d-55fe-b2e2-921e6059ac6e","85dbca8d-88a5-542d-8f7e-53fe4fb0dc69","2398","Xã Yên Phú","xa_yen_phu","xã","1791616658326","1791616658326"
"26650bfa-f0e8-56a6-90a1-f4094adbdbb2","85dbca8d-88a5-542d-8f7e-53fe4fb0dc69","2404","Xã Bình Xa","xa_binh_xa","xã","1791616658326","1791616658326"
"8f2a7a83-6418-5a00-93bc-2aa0e95ad39b","85dbca8d-88a5-542d-8f7e-53fe4fb0dc69","2407","Xã Thái Sơn","xa_thai_son","xã","1791616658326","1791616658326"
"2301af6b-3412-5ed1-b50d-fb6cfbbff834","85dbca8d-88a5-542d-8f7e-53fe4fb0dc69","2419","Xã Thái Hoà","xa_thai_hoa","xã","1791616658326","1791616658326"
"a6495153-f2cd-52d2-a35f-30c4cf6f7946","85dbca8d-88a5-542d-8f7e-53fe4fb0dc69","2425","Xã Hùng Đức","xa_hung_duc","xã","1791616658326","1791616658326"
"9df6d6cc-664f-54f5-b829-019004831a3c","85dbca8d-88a5-542d-8f7e-53fe4fb0dc69","2434","Xã Lực Hành","xa_luc_hanh","xã","1791616658326","1791616658326"
"8ffb92ed-56d4-5320-84c4-9c0b2cbd6b7d","85dbca8d-88a5-542d-8f7e-53fe4fb0dc69","2437","Xã Kiến Thiết","xa_kien_thiet","xã","1791616658326","1791616658326"
"1a4982df-916f-5443-b417-27fad594b775","85dbca8d-88a5-542d-8f7e-53fe4fb0dc69","2449","Xã Xuân Vân","xa_xuan_van","xã","1791616658326","1791616658326"
"42995f59-f6f4-5e38-9ff2-1b144e85a2ba","85dbca8d-88a5-542d-8f7e-53fe4fb0dc69","2455","Xã Hùng Lợi","xa_hung_loi","xã","1791616658326","1791616658326"
"98b75c70-af36-5311-853d-91db4e0db117","85dbca8d-88a5-542d-8f7e-53fe4fb0dc69","2458","Xã Trung Sơn","xa_trung_son","xã","1791616658326","1791616658326"
"db895db3-f81e-55fb-914f-2df5c9d5d3ad","85dbca8d-88a5-542d-8f7e-53fe4fb0dc69","2470","Xã Tân Long","xa_tan_long","xã","1791616658326","1791616658326"
"2ba48580-1d2d-5f6e-8934-8adc1b835c93","85dbca8d-88a5-542d-8f7e-53fe4fb0dc69","2473","Xã Yên Sơn","xa_yen_son","xã","1791616658326","1791616658326"
"4f415c72-0c79-56a6-b1e5-2e66bb84c686","85dbca8d-88a5-542d-8f7e-53fe4fb0dc69","2494","Xã Thái Bình","xa_thai_binh","xã","1791616658326","1791616658326"
"aba065e7-6167-5d04-a004-1a9d5b005480","85dbca8d-88a5-542d-8f7e-53fe4fb0dc69","2509","Phường Mỹ Lâm","phuong_my_lam","phường","1791616658326","1791616658326"
"020ce147-8ca8-5ea9-89f1-64c6fe63f1ff","85dbca8d-88a5-542d-8f7e-53fe4fb0dc69","2512","Phường An Tường","phuong_an_tuong","phường","1791616658326","1791616658326"
"4eddc44b-ae50-5140-8e70-88ca45134662","85dbca8d-88a5-542d-8f7e-53fe4fb0dc69","2524","Phường Bình Thuận","phuong_binh_thuan","phường","1791616658326","1791616658326"
"0b243bd3-9399-5de3-a453-1cc68c0463cc","85dbca8d-88a5-542d-8f7e-53fe4fb0dc69","2530","Xã Nhữ Khê","xa_nhu_khe","xã","1791616658326","1791616658326"
"5dd35280-9f3d-5201-88a6-e150dab5b12d","85dbca8d-88a5-542d-8f7e-53fe4fb0dc69","2536","Xã Sơn Dương","xa_son_duong","xã","1791616658326","1791616658326"
"abe00ece-7812-50b6-a5ce-44204be03fda","85dbca8d-88a5-542d-8f7e-53fe4fb0dc69","2545","Xã Tân Trào","xa_tan_trao","xã","1791616658326","1791616658326"
"c9044b31-22bb-58fd-a31b-cb8337104025","85dbca8d-88a5-542d-8f7e-53fe4fb0dc69","2548","Xã Bình Ca","xa_binh_ca","xã","1791616658326","1791616658326"
"80ec70b6-d80b-592d-a725-6b6cdc1d6b18","85dbca8d-88a5-542d-8f7e-53fe4fb0dc69","2554","Xã Minh Thanh","xa_minh_thanh","xã","1791616658326","1791616658326"
"a2506663-91ea-50c6-ba38-862f6366fd7d","85dbca8d-88a5-542d-8f7e-53fe4fb0dc69","2572","Xã Đông Thọ","xa_dong_tho","xã","1791616658326","1791616658326"
"751f2fb6-a0f6-53be-a1d9-c4abaacef1af","85dbca8d-88a5-542d-8f7e-53fe4fb0dc69","2578","Xã Tân Thanh","xa_tan_thanh","xã","1791616658326","1791616658326"
"89bd05fc-efca-5494-bc03-b7add2148d58","85dbca8d-88a5-542d-8f7e-53fe4fb0dc69","2608","Xã Hồng Sơn","xa_hong_son","xã","1791616658326","1791616658326"
"6c266cdd-3c5c-53d0-a2fa-73c0a050322b","85dbca8d-88a5-542d-8f7e-53fe4fb0dc69","2611","Xã Phú Lương","xa_phu_luong","xã","1791616658326","1791616658326"
"bfd3506f-2309-50c4-85f2-a44f6d46ddb8","85dbca8d-88a5-542d-8f7e-53fe4fb0dc69","2620","Xã Sơn Thuỷ","xa_son_thuy","xã","1791616658326","1791616658326"
"3254060f-a91c-5e08-9731-781c828903fd","85dbca8d-88a5-542d-8f7e-53fe4fb0dc69","2623","Xã Trường Sinh","xa_truong_sinh","xã","1791616658326","1791616658326"
"3c586077-b4c9-55a7-b737-d2f323289223","5fdcda05-90ad-518d-8f51-33064d3560db","2647","Phường Lào Cai","phuong_lao_cai","phường","1791616658326","1791616658326"
"08d0516e-33f4-553b-8618-cb1b7a1e9af4","5fdcda05-90ad-518d-8f51-33064d3560db","2671","Phường Cam Đường","phuong_cam_duong","phường","1791616658326","1791616658326"
"21e51f90-a4aa-524d-9b8e-0f6ea1ebecdf","5fdcda05-90ad-518d-8f51-33064d3560db","2680","Xã Hợp Thành","xa_hop_thanh","xã","1791616658326","1791616658326"
"319475ec-11fc-5b15-90b6-485cdcc4241b","5fdcda05-90ad-518d-8f51-33064d3560db","2683","Xã Bát Xát","xa_bat_xat","xã","1791616658326","1791616658326"
"c96a1b38-e6b0-58f9-98cd-1f4a3d0e5b55","5fdcda05-90ad-518d-8f51-33064d3560db","2686","Xã A Mú Sung","xa_a_mu_sung","xã","1791616658326","1791616658326"
"8b2280bb-c817-57c8-9e58-0d32b4b90bc5","5fdcda05-90ad-518d-8f51-33064d3560db","2695","Xã Trịnh Tường","xa_trinh_tuong","xã","1791616658326","1791616658326"
"9a126801-d000-5f12-ad82-1fdb8f530499","5fdcda05-90ad-518d-8f51-33064d3560db","2701","Xã Y Tý","xa_y_ty","xã","1791616658326","1791616658326"
"118c8383-2bb7-59fb-9c7b-5052d1ae3042","5fdcda05-90ad-518d-8f51-33064d3560db","2707","Xã Dền Sáng","xa_den_sang","xã","1791616658326","1791616658326"
"02d229fa-09a7-5628-8894-c2f7f80a2759","5fdcda05-90ad-518d-8f51-33064d3560db","2725","Xã Bản Xèo","xa_ban_xeo","xã","1791616658326","1791616658326"
"fbb26ea7-b6a9-59e6-a51e-c3a059b7f1da","5fdcda05-90ad-518d-8f51-33064d3560db","2728","Xã Mường Hum","xa_muong_hum","xã","1791616658326","1791616658326"
"446aee0c-74d7-5ef7-badb-88caa38a21e3","5fdcda05-90ad-518d-8f51-33064d3560db","2746","Xã Cốc San","xa_coc_san","xã","1791616658326","1791616658326"
"c3d2ca8d-14e5-5857-a568-42135ed65297","5fdcda05-90ad-518d-8f51-33064d3560db","2752","Xã Pha Long","xa_pha_long","xã","1791616658326","1791616658326"
"e81019c8-cb46-5960-8db2-7e4e998b2e36","5fdcda05-90ad-518d-8f51-33064d3560db","2761","Xã Mường Khương","xa_muong_khuong","xã","1791616658326","1791616658326"
"c80b523f-fb31-5665-97ab-00da51f11e9e","5fdcda05-90ad-518d-8f51-33064d3560db","2782","Xã Cao Sơn","xa_cao_son","xã","1791616658326","1791616658326"
"feb59f5f-9007-5284-84d7-09404b834df9","5fdcda05-90ad-518d-8f51-33064d3560db","2788","Xã Bản Lầu","xa_ban_lau","xã","1791616658326","1791616658326"
"23b14790-3841-546a-a945-f7be29480822","5fdcda05-90ad-518d-8f51-33064d3560db","2809","Xã Si Ma Cai","xa_si_ma_cai","xã","1791616658326","1791616658326"
"65af73f0-9aaa-55b4-99d5-e6668a8f615b","5fdcda05-90ad-518d-8f51-33064d3560db","2824","Xã Sín Chéng","xa_sin_cheng","xã","1791616658326","1791616658326"
"86cd1f78-a8e4-5aea-9f44-f8eb7b32765c","5fdcda05-90ad-518d-8f51-33064d3560db","2839","Xã Bắc Hà","xa_bac_ha","xã","1791616658326","1791616658326"
"cbf82219-49e9-5daa-acaa-98e2b8fb5fd3","5fdcda05-90ad-518d-8f51-33064d3560db","2842","Xã Tả Củ Tỷ","xa_ta_cu_ty","xã","1791616658326","1791616658326"
"3554096e-7605-5974-a4b9-0867206d73d9","5fdcda05-90ad-518d-8f51-33064d3560db","2848","Xã Lùng Phình","xa_lung_phinh","xã","1791616658326","1791616658326"
"d4a3b460-c8d7-568b-b394-8917d5075d0d","5fdcda05-90ad-518d-8f51-33064d3560db","2869","Xã Bản Liền","xa_ban_lien","xã","1791616658326","1791616658326"
"24591e66-2003-5ebf-abcf-68fe25e3d882","5fdcda05-90ad-518d-8f51-33064d3560db","2890","Xã Bảo Nhai","xa_bao_nhai","xã","1791616658326","1791616658326"
"8c011b48-d423-5a81-ab59-7ac7cde8273f","5fdcda05-90ad-518d-8f51-33064d3560db","2896","Xã Cốc Lầu","xa_coc_lau","xã","1791616658326","1791616658326"
"d0443d68-c3ba-5a61-9789-e654b07778c8","5fdcda05-90ad-518d-8f51-33064d3560db","2902","Xã Phong Hải","xa_phong_hai","xã","1791616658326","1791616658326"
"5123db52-efb8-5f23-8012-13a197ed9e15","5fdcda05-90ad-518d-8f51-33064d3560db","2905","Xã Bảo Thắng","xa_bao_thang","xã","1791616658326","1791616658326"
"01f90588-f3f9-55ff-a47b-ecd5f051c55d","5fdcda05-90ad-518d-8f51-33064d3560db","2908","Xã Tằng Loỏng","xa_tang_loong","xã","1791616658326","1791616658326"
"ff8e935e-78a7-530c-82d6-bc669c8b86a2","5fdcda05-90ad-518d-8f51-33064d3560db","2923","Xã Gia Phú","xa_gia_phu","xã","1791616658326","1791616658326"
"5ac8a71c-730b-5446-b93c-00323688f708","5fdcda05-90ad-518d-8f51-33064d3560db","2926","Xã Xuân Quang","xa_xuan_quang","xã","1791616658326","1791616658326"
"adc5e70c-6669-586a-8b2a-8c823554fa77","5fdcda05-90ad-518d-8f51-33064d3560db","2947","Xã Bảo Yên","xa_bao_yen","xã","1791616658326","1791616658326"
"1e79616c-d269-5bd1-8914-9e6bf38925cc","5fdcda05-90ad-518d-8f51-33064d3560db","2953","Xã Nghĩa Đô","xa_nghia_do","xã","1791616658326","1791616658326"
"60c5d60d-0fd6-5cad-b62f-9abf6c2fa3b9","5fdcda05-90ad-518d-8f51-33064d3560db","2962","Xã Xuân Hòa","xa_xuan_hoa","xã","1791616658326","1791616658326"
"08c6d85d-cb72-51d3-9477-3d3442d91485","5fdcda05-90ad-518d-8f51-33064d3560db","2968","Xã Thượng Hà","xa_thuong_ha","xã","1791616658326","1791616658326"
"858f638d-dbc2-554e-8629-f428c1e4616d","5fdcda05-90ad-518d-8f51-33064d3560db","2989","Xã Bảo Hà","xa_bao_ha","xã","1791616658326","1791616658326"
"a4a65d43-2875-5b20-bf15-74f80a71c076","5fdcda05-90ad-518d-8f51-33064d3560db","2998","Xã Phúc Khánh","xa_phuc_khanh","xã","1791616658326","1791616658326"
"93a0769f-3383-5216-abff-e3fc81597ef0","5fdcda05-90ad-518d-8f51-33064d3560db","3004","Xã Ngũ Chỉ Sơn","xa_ngu_chi_son","xã","1791616658326","1791616658326"
"8a205cde-180d-5a95-a953-5692b1ce5e2b","5fdcda05-90ad-518d-8f51-33064d3560db","3006","Phường Sa Pa","phuong_sa_pa","phường","1791616658326","1791616658326"
"c4588888-ba33-5752-8f67-39f690fd78c1","5fdcda05-90ad-518d-8f51-33064d3560db","3013","Xã Tả Phìn","xa_ta_phin","xã","1791616658326","1791616658326"
"69faa38d-75c2-5889-b377-7981b796a02d","5fdcda05-90ad-518d-8f51-33064d3560db","3037","Xã Tả Van","xa_ta_van","xã","1791616658326","1791616658326"
"85a7a8f1-291b-5bd2-886c-71bcb6ed0fc9","5fdcda05-90ad-518d-8f51-33064d3560db","3043","Xã Mường Bo","xa_muong_bo","xã","1791616658326","1791616658326"
"6a6b59fc-b32a-5846-b7f5-18c189c8d09e","5fdcda05-90ad-518d-8f51-33064d3560db","3046","Xã Bản Hồ","xa_ban_ho","xã","1791616658326","1791616658326"
"993a775c-4545-55c6-9e12-e90ffdae8d8c","5fdcda05-90ad-518d-8f51-33064d3560db","3061","Xã Võ Lao","xa_vo_lao","xã","1791616658326","1791616658326"
"53c59ff6-47a4-5cb5-965b-83283db15d30","5fdcda05-90ad-518d-8f51-33064d3560db","3076","Xã Nậm Chày","xa_nam_chay","xã","1791616658326","1791616658326"
"402782f6-802c-5054-90c8-0d32288f613f","5fdcda05-90ad-518d-8f51-33064d3560db","3082","Xã Văn Bàn","xa_van_ban","xã","1791616658326","1791616658326"
"69913892-9a63-530c-a5f5-805b7b850048","5fdcda05-90ad-518d-8f51-33064d3560db","3085","Xã Nậm Xé","xa_nam_xe","xã","1791616658326","1791616658326"
"afd5eb36-48c8-5041-a08f-24e2891f75b8","5fdcda05-90ad-518d-8f51-33064d3560db","3091","Xã Chiềng Ken","xa_chieng_ken","xã","1791616658326","1791616658326"
"121a3188-1008-5bf1-8d98-2e1aca5b12d9","5fdcda05-90ad-518d-8f51-33064d3560db","3103","Xã Khánh Yên","xa_khanh_yen","xã","1791616658326","1791616658326"
"31e2d604-c8b6-54e5-b361-73f612ef3c39","5fdcda05-90ad-518d-8f51-33064d3560db","3106","Xã Dương Quỳ","xa_duong_quy","xã","1791616658326","1791616658326"
"0c1357c6-d3db-5201-9f2f-3714f73fb8a1","5fdcda05-90ad-518d-8f51-33064d3560db","3121","Xã Minh Lương","xa_minh_luong","xã","1791616658326","1791616658326"
"2f5df6b3-b6c4-5576-9548-0be22bd13f06","02d56ed0-5c5c-55ba-b6cf-6da21eea32c4","3127","Phường Điện Biên Phủ","phuong_dien_bien_phu","phường","1791616658326","1791616658326"
"c860c399-f742-59bf-912b-bcdb68117178","02d56ed0-5c5c-55ba-b6cf-6da21eea32c4","3151","Phường Mường Lay","phuong_muong_lay","phường","1791616658326","1791616658326"
"ad053a9b-6b33-5cad-be7a-90e392e759a4","02d56ed0-5c5c-55ba-b6cf-6da21eea32c4","3158","Xã Sín Thầu","xa_sin_thau","xã","1791616658326","1791616658326"
"17c7786d-faac-5a0b-a6d3-fa6eb81fb1f8","02d56ed0-5c5c-55ba-b6cf-6da21eea32c4","3160","Xã Mường Nhé","xa_muong_nhe","xã","1791616658326","1791616658326"
"a8d220cb-e726-597b-b3dd-69d2fe8a3433","02d56ed0-5c5c-55ba-b6cf-6da21eea32c4","3162","Xã Nậm Kè","xa_nam_ke","xã","1791616658326","1791616658326"
"b684f693-d844-5027-a001-83476f7b4e03","02d56ed0-5c5c-55ba-b6cf-6da21eea32c4","3163","Xã Mường Toong","xa_muong_toong","xã","1791616658326","1791616658326"
"3e9c1bf4-5061-5d22-bbf6-803456e612ab","02d56ed0-5c5c-55ba-b6cf-6da21eea32c4","3164","Xã Quảng Lâm","xa_quang_lam","xã","1791616658326","1791616658326"
"2b78cb77-f0bb-53c7-aa03-0824e124f4e8","02d56ed0-5c5c-55ba-b6cf-6da21eea32c4","3166","Xã Mường Chà","xa_muong_cha","xã","1791616658326","1791616658326"
"c704ef7e-e040-5dd1-b48c-4517fe5a5f8a","02d56ed0-5c5c-55ba-b6cf-6da21eea32c4","3169","Xã Nà Hỳ","xa_na_hy","xã","1791616658326","1791616658326"
"f6e68525-27c2-5b54-95c6-f2649c202280","02d56ed0-5c5c-55ba-b6cf-6da21eea32c4","3172","Xã Na Sang","xa_na_sang","xã","1791616658326","1791616658326"
"67e68529-83f1-5116-8208-202990ec70f1","02d56ed0-5c5c-55ba-b6cf-6da21eea32c4","3175","Xã Chà Tở","xa_cha_to","xã","1791616658326","1791616658326"
"42548de0-610e-51c7-b159-799bba9f6071","02d56ed0-5c5c-55ba-b6cf-6da21eea32c4","3176","Xã Nà Bủng","xa_na_bung","xã","1791616658326","1791616658326"
"0c1144a5-91ea-5f77-b51e-317ca0ee819e","02d56ed0-5c5c-55ba-b6cf-6da21eea32c4","3181","Xã Mường Tùng","xa_muong_tung","xã","1791616658326","1791616658326"
"e6cdc76d-1c55-5b56-9218-4d031ef7901e","02d56ed0-5c5c-55ba-b6cf-6da21eea32c4","3193","Xã Pa Ham","xa_pa_ham","xã","1791616658326","1791616658326"
"75569fdb-d616-534f-8456-9e836961992f","02d56ed0-5c5c-55ba-b6cf-6da21eea32c4","3194","Xã Nậm Nèn","xa_nam_nen","xã","1791616658326","1791616658326"
"8e015ed1-5113-5533-89f6-2d929ce7cd1c","02d56ed0-5c5c-55ba-b6cf-6da21eea32c4","3199","Xã Si Pa Phìn","xa_si_pa_phin","xã","1791616658326","1791616658326"
"cacfc866-59a6-5714-b58a-4013f16143f6","02d56ed0-5c5c-55ba-b6cf-6da21eea32c4","3202","Xã Mường Pồn","xa_muong_pon","xã","1791616658326","1791616658326"
"5913af74-b692-5205-8d89-11368dfd5c99","02d56ed0-5c5c-55ba-b6cf-6da21eea32c4","3203","Xã Na Son","xa_na_son","xã","1791616658326","1791616658326"
"9ca105b1-9530-5c65-bb73-8e7f21039e2d","02d56ed0-5c5c-55ba-b6cf-6da21eea32c4","3208","Xã Xa Dung","xa_xa_dung","xã","1791616658326","1791616658326"
"867f0ab2-d8bc-55cd-ae40-3e17649290db","02d56ed0-5c5c-55ba-b6cf-6da21eea32c4","3214","Xã Mường Luân","xa_muong_luan","xã","1791616658326","1791616658326"
"6e1a5a6c-e422-5216-87be-41e3a2df4159","02d56ed0-5c5c-55ba-b6cf-6da21eea32c4","3217","Xã Tủa Chùa","xa_tua_chua","xã","1791616658326","1791616658326"
"2033f58f-0a4c-5357-ba5d-5010d7a39a77","02d56ed0-5c5c-55ba-b6cf-6da21eea32c4","3220","Xã Tủa Thàng","xa_tua_thang","xã","1791616658326","1791616658326"
"2e1071d1-b518-5b48-8d36-02036bb3603a","02d56ed0-5c5c-55ba-b6cf-6da21eea32c4","3226","Xã Sín Chải","xa_sin_chai","xã","1791616658326","1791616658326"
"f24ad974-b8c3-5402-adfc-7c473e1146c5","02d56ed0-5c5c-55ba-b6cf-6da21eea32c4","3241","Xã Sính Phình","xa_sinh_phinh","xã","1791616658326","1791616658326"
"0793ed3e-40a9-5017-b376-15cd6aad3ac8","02d56ed0-5c5c-55ba-b6cf-6da21eea32c4","3244","Xã Sáng Nhè","xa_sang_nhe","xã","1791616658326","1791616658326"
"c17b6608-c0fc-55ac-a8b7-d95b1c760cb6","02d56ed0-5c5c-55ba-b6cf-6da21eea32c4","3253","Xã Tuần Giáo","xa_tuan_giao","xã","1791616658326","1791616658326"
"d2fa3501-0b48-5adf-897d-37b5768f3c60","02d56ed0-5c5c-55ba-b6cf-6da21eea32c4","3256","Xã Mường Ảng","xa_muong_ang","xã","1791616658326","1791616658326"
"fe2eb1e7-0db4-5e37-8476-492e50514c83","02d56ed0-5c5c-55ba-b6cf-6da21eea32c4","3260","Xã Pú Nhung","xa_pu_nhung","xã","1791616658326","1791616658326"
"fa8f4885-df66-54ea-a57a-2d908a1e5bf7","02d56ed0-5c5c-55ba-b6cf-6da21eea32c4","3268","Xã Mường Mùn","xa_muong_mun","xã","1791616658326","1791616658326"
"94b3048d-f303-56b8-b954-b32257f5626b","02d56ed0-5c5c-55ba-b6cf-6da21eea32c4","3283","Xã Chiềng Sinh","xa_chieng_sinh","xã","1791616658326","1791616658326"
"af12de19-dbff-574b-a504-6f78cc7e0d02","02d56ed0-5c5c-55ba-b6cf-6da21eea32c4","3295","Xã Quài Tở","xa_quai_to","xã","1791616658326","1791616658326"
"83647fdb-f350-59af-862e-0f3010048560","02d56ed0-5c5c-55ba-b6cf-6da21eea32c4","3301","Xã Búng Lao","xa_bung_lao","xã","1791616658326","1791616658326"
"b4ebaaab-55ff-54ec-808d-8dea11bfcfdd","02d56ed0-5c5c-55ba-b6cf-6da21eea32c4","3313","Xã Mường Lạn","xa_muong_lan","xã","1791616658326","1791616658326"
"f20b369b-1184-5705-9fbb-6b0f2c9fed3e","02d56ed0-5c5c-55ba-b6cf-6da21eea32c4","3316","Xã Nà Tấu","xa_na_tau","xã","1791616658326","1791616658326"
"0fb5cb15-da6a-5272-9eee-9120120c2ed4","02d56ed0-5c5c-55ba-b6cf-6da21eea32c4","3325","Xã Mường Phăng","xa_muong_phang","xã","1791616658326","1791616658326"
"29ac9c88-38a6-5d02-8316-88edefffbbe3","02d56ed0-5c5c-55ba-b6cf-6da21eea32c4","3328","Xã Thanh Nưa","xa_thanh_nua","xã","1791616658326","1791616658326"
"519e4732-285d-5eb1-ac60-2fbacdb94c23","02d56ed0-5c5c-55ba-b6cf-6da21eea32c4","3334","Phường Mường Thanh","phuong_muong_thanh","phường","1791616658326","1791616658326"
"125769dd-43c2-59d9-ba0f-e6e0463c662f","02d56ed0-5c5c-55ba-b6cf-6da21eea32c4","3349","Xã Thanh Yên","xa_thanh_yen","xã","1791616658326","1791616658326"
"69f64bbc-6f89-516d-88f8-7f9d51427921","02d56ed0-5c5c-55ba-b6cf-6da21eea32c4","3352","Xã Thanh An","xa_thanh_an","xã","1791616658326","1791616658326"
"1d43873e-f0e1-5d58-9923-2d16ecfcfa96","02d56ed0-5c5c-55ba-b6cf-6da21eea32c4","3356","Xã Sam Mứn","xa_sam_mun","xã","1791616658326","1791616658326"
"e2946304-42a8-53d5-bc2c-9ad20feb9430","02d56ed0-5c5c-55ba-b6cf-6da21eea32c4","3358","Xã Núa Ngam","xa_nua_ngam","xã","1791616658326","1791616658326"
"080c388b-d20c-5844-b93f-37c1df0a0d6a","02d56ed0-5c5c-55ba-b6cf-6da21eea32c4","3368","Xã Mường Nhà","xa_muong_nha","xã","1791616658326","1791616658326"
"64c495e9-ec5b-51a8-b720-d1d4a423e141","02d56ed0-5c5c-55ba-b6cf-6da21eea32c4","3370","Xã Pu Nhi","xa_pu_nhi","xã","1791616658326","1791616658326"
"547e4175-3364-54bb-a9b9-ab1057cd923b","02d56ed0-5c5c-55ba-b6cf-6da21eea32c4","3382","Xã Phình Giàng","xa_phinh_giang","xã","1791616658326","1791616658326"
"c005d536-c542-543a-b267-f258765cb44d","02d56ed0-5c5c-55ba-b6cf-6da21eea32c4","3385","Xã Tìa Dình","xa_tia_dinh","xã","1791616658326","1791616658326"
"59d059b3-ff17-50a6-af7c-bb8fb90fccec","411f8b06-89f4-57b8-ba72-370ca5d462c3","3388","Phường Đoàn Kết","phuong_doan_ket","phường","1791616658326","1791616658326"
"eabdcba1-7359-56d0-8a5f-0ed3e5cc600a","411f8b06-89f4-57b8-ba72-370ca5d462c3","3390","Xã Bình Lư","xa_binh_lu","xã","1791616658326","1791616658326"
"94e8b752-305d-5ff5-8584-79e178499792","411f8b06-89f4-57b8-ba72-370ca5d462c3","3394","Xã Sin Suối Hồ","xa_sin_suoi_ho","xã","1791616658326","1791616658326"
"8ec789e5-00d2-53f6-9aee-eff377997457","411f8b06-89f4-57b8-ba72-370ca5d462c3","3405","Xã Tả Lèng","xa_ta_leng","xã","1791616658326","1791616658326"
"e203619f-8e10-5084-b4f3-c810fed7bda1","411f8b06-89f4-57b8-ba72-370ca5d462c3","3408","Phường Tân Phong","phuong_tan_phong","phường","1791616658326","1791616658326"
"45af58b5-5469-5614-99a9-46119e421bf2","411f8b06-89f4-57b8-ba72-370ca5d462c3","3424","Xã Bản Bo","xa_ban_bo","xã","1791616658326","1791616658326"
"77817f48-88aa-5679-9840-f2726a1de465","411f8b06-89f4-57b8-ba72-370ca5d462c3","3430","Xã Khun Há","xa_khun_ha","xã","1791616658326","1791616658326"
"81319703-ab60-5fdc-91c3-0476b264bee7","411f8b06-89f4-57b8-ba72-370ca5d462c3","3433","Xã Bum Tở","xa_bum_to","xã","1791616658326","1791616658326"
"9992362b-17ec-5639-953e-12de480b483f","411f8b06-89f4-57b8-ba72-370ca5d462c3","3434","Xã Nậm Hàng","xa_nam_hang","xã","1791616658326","1791616658326"
"9f5eb718-69b6-5ac6-a7c7-5121a8aaddde","411f8b06-89f4-57b8-ba72-370ca5d462c3","3439","Xã Thu Lũm","xa_thu_lum","xã","1791616658326","1791616658326"
"f66b0802-b2a6-5430-a311-0f81028b85b3","411f8b06-89f4-57b8-ba72-370ca5d462c3","3442","Xã Pa Ủ","xa_pa_u","xã","1791616658326","1791616658326"
"40e63c29-665c-5b70-94c4-35f4fd994973","411f8b06-89f4-57b8-ba72-370ca5d462c3","3445","Xã Mường Tè","xa_muong_te","xã","1791616658326","1791616658326"
"37c391be-a277-5221-bb16-f8bfc70c8832","411f8b06-89f4-57b8-ba72-370ca5d462c3","3451","Xã Mù Cả","xa_mu_ca","xã","1791616658326","1791616658326"
"2a98a9f0-5f51-5b9a-9924-b6f39dffd3b0","411f8b06-89f4-57b8-ba72-370ca5d462c3","3460","Xã Hua Bum","xa_hua_bum","xã","1791616658326","1791616658326"
"e8e7cba9-534b-547b-aec2-62f68030d8e5","411f8b06-89f4-57b8-ba72-370ca5d462c3","3463","Xã Tà Tổng","xa_ta_tong","xã","1791616658326","1791616658326"
"1dd17cb9-b896-5ad1-a1b8-e3189b24d7b0","411f8b06-89f4-57b8-ba72-370ca5d462c3","3466","Xã Bum Nưa","xa_bum_nua","xã","1791616658326","1791616658326"
"ba3b54d7-7cff-559f-87a4-5d02ab63a0de","411f8b06-89f4-57b8-ba72-370ca5d462c3","3472","Xã Mường Mô","xa_muong_mo","xã","1791616658326","1791616658326"
"a7f15ae0-ddbe-50ca-839a-e04c23c73429","411f8b06-89f4-57b8-ba72-370ca5d462c3","3478","Xã Sìn Hồ","xa_sin_ho","xã","1791616658326","1791616658326"
"48838803-48bf-509b-92dc-941e632fcfe6","411f8b06-89f4-57b8-ba72-370ca5d462c3","3487","Xã Lê Lợi","xa_le_loi","xã","1791616658326","1791616658326"
"e73bfc4f-abaa-5365-9bc2-f8166f2ce30c","411f8b06-89f4-57b8-ba72-370ca5d462c3","3503","Xã Pa Tần","xa_pa_tan","xã","1791616658326","1791616658326"
"42c9da14-93e5-53d8-a35f-345e4657d5ef","411f8b06-89f4-57b8-ba72-370ca5d462c3","3508","Xã Hồng Thu","xa_hong_thu","xã","1791616658326","1791616658326"
"bfe327c7-8870-5672-b947-30e3bb6dceda","411f8b06-89f4-57b8-ba72-370ca5d462c3","3517","Xã Nậm Tăm","xa_nam_tam","xã","1791616658326","1791616658326"
"1a9d2b7b-0777-5156-87f9-b7ece98b108c","411f8b06-89f4-57b8-ba72-370ca5d462c3","3529","Xã Tủa Sín Chải","xa_tua_sin_chai","xã","1791616658326","1791616658326"
"956429d5-74a1-5daf-8862-3badac2021f7","411f8b06-89f4-57b8-ba72-370ca5d462c3","3532","Xã Pu Sam Cáp","xa_pu_sam_cap","xã","1791616658326","1791616658326"
"a181b55c-4baf-5dfa-a6a7-db5c45fab255","411f8b06-89f4-57b8-ba72-370ca5d462c3","3538","Xã Nậm Mạ","xa_nam_ma","xã","1791616658326","1791616658326"
"c123dc84-ab1a-5d77-8d05-98070a92dbbe","411f8b06-89f4-57b8-ba72-370ca5d462c3","3544","Xã Nậm Cuổi","xa_nam_cuoi","xã","1791616658326","1791616658326"
"1296672f-9b96-574b-9691-67f4192d2885","411f8b06-89f4-57b8-ba72-370ca5d462c3","3549","Xã Phong Thổ","xa_phong_tho","xã","1791616658326","1791616658326"
"054a26db-e8af-5a79-a126-720355f23b5f","411f8b06-89f4-57b8-ba72-370ca5d462c3","3562","Xã Sì Lở Lầu","xa_si_lo_lau","xã","1791616658326","1791616658326"
"cea41b38-6beb-5cab-961a-e6656567adaa","411f8b06-89f4-57b8-ba72-370ca5d462c3","3571","Xã Dào San","xa_dao_san","xã","1791616658326","1791616658326"
"fd34dcc8-b872-5b31-bfe8-61fdd179bdc0","411f8b06-89f4-57b8-ba72-370ca5d462c3","3583","Xã Khổng Lào","xa_khong_lao","xã","1791616658326","1791616658326"
"ee8c8cc0-bfe9-51d5-9e2b-c67eeb12c4f2","411f8b06-89f4-57b8-ba72-370ca5d462c3","3595","Xã Than Uyên","xa_than_uyen","xã","1791616658326","1791616658326"
"e07e9b92-be24-5028-94d4-6313b26babcc","411f8b06-89f4-57b8-ba72-370ca5d462c3","3598","Xã Tân Uyên","xa_tan_uyen","xã","1791616658326","1791616658326"
"c650b334-aec6-5171-9563-bf7a230ed47f","411f8b06-89f4-57b8-ba72-370ca5d462c3","3601","Xã Mường Khoa","xa_muong_khoa","xã","1791616658326","1791616658326"
"aa085591-8f9d-5f91-99bc-e9861471e6d8","411f8b06-89f4-57b8-ba72-370ca5d462c3","3613","Xã Nậm Sỏ","xa_nam_so","xã","1791616658326","1791616658326"
"76011fb7-ed6a-508d-8edf-49770872149a","411f8b06-89f4-57b8-ba72-370ca5d462c3","3616","Xã Pắc Ta","xa_pac_ta","xã","1791616658326","1791616658326"
"f37e283c-2975-564a-84fe-69361f5e6a44","411f8b06-89f4-57b8-ba72-370ca5d462c3","3618","Xã Mường Than","xa_muong_than","xã","1791616658326","1791616658326"
"97bc9613-b844-59fb-82b2-2e1ff23576ff","411f8b06-89f4-57b8-ba72-370ca5d462c3","3637","Xã Mường Kim","xa_muong_kim","xã","1791616658326","1791616658326"
"310f7920-e3fd-5394-b58a-daa1116d9504","411f8b06-89f4-57b8-ba72-370ca5d462c3","3640","Xã Khoen On","xa_khoen_on","xã","1791616658326","1791616658326"
"73b85099-f7fe-5c5f-a769-cbc0cde404ed","e72f845d-81f3-5762-a56c-c48a397e35ea","3646","Phường Tô Hiệu","phuong_to_hieu","phường","1791616658326","1791616658326"
"3defc669-4699-5e40-9f94-3cfdc38b7636","e72f845d-81f3-5762-a56c-c48a397e35ea","3664","Phường Chiềng An","phuong_chieng_an","phường","1791616658326","1791616658326"
"ac148e8b-1443-513c-b850-ca0eaac07ce7","e72f845d-81f3-5762-a56c-c48a397e35ea","3670","Phường Chiềng Cơi","phuong_chieng_coi","phường","1791616658326","1791616658326"
"4ff8c32b-e4e4-5f8b-9635-4b7fb8663c8a","e72f845d-81f3-5762-a56c-c48a397e35ea","3679","Phường Chiềng Sinh","phuong_chieng_sinh","phường","1791616658326","1791616658326"
"cc5d38a2-d018-59c6-a0a6-96cf2730f002","e72f845d-81f3-5762-a56c-c48a397e35ea","3688","Xã Mường Chiên","xa_muong_chien","xã","1791616658326","1791616658326"
"721dfea1-96a1-5999-994e-3ffcabab2b61","e72f845d-81f3-5762-a56c-c48a397e35ea","3694","Xã Mường Giôn","xa_muong_gion","xã","1791616658326","1791616658326"
"e8ddd328-27f0-516b-a9ca-a7200d9be82d","e72f845d-81f3-5762-a56c-c48a397e35ea","3703","Xã Quỳnh Nhai","xa_quynh_nhai","xã","1791616658326","1791616658326"
"8e053781-822f-535b-914e-6be6f81e2240","e72f845d-81f3-5762-a56c-c48a397e35ea","3712","Xã Mường Sại","xa_muong_sai","xã","1791616658326","1791616658326"
"39185750-30f2-546f-aec1-b4cec7d59e44","e72f845d-81f3-5762-a56c-c48a397e35ea","3721","Xã Thuận Châu","xa_thuan_chau","xã","1791616658326","1791616658326"
"9e5349b0-95d1-56ca-9426-70d5f913be69","e72f845d-81f3-5762-a56c-c48a397e35ea","3724","Xã Bình Thuận","xa_binh_thuan","xã","1791616658326","1791616658326"
"ec259355-ba9f-51b0-8958-78d97f873a8b","e72f845d-81f3-5762-a56c-c48a397e35ea","3727","Xã Mường É","xa_muong_e","xã","1791616658326","1791616658326"
"482f6643-71b6-5872-a346-1d4851dc8810","e72f845d-81f3-5762-a56c-c48a397e35ea","3754","Xã Chiềng La","xa_chieng_la","xã","1791616658326","1791616658326"
"b0706e5c-09ad-50cc-a294-d64fe19c2f81","e72f845d-81f3-5762-a56c-c48a397e35ea","3757","Xã Mường Khiêng","xa_muong_khieng","xã","1791616658326","1791616658326"
"caa91b1b-9211-5d97-9c1d-4e38b8a73724","e72f845d-81f3-5762-a56c-c48a397e35ea","3760","Xã Mường Bám","xa_muong_bam","xã","1791616658326","1791616658326"
"e2234e01-194c-5df2-b7f2-56a613ad81e5","e72f845d-81f3-5762-a56c-c48a397e35ea","3763","Xã Long Hẹ","xa_long_he","xã","1791616658326","1791616658326"
"9c37e439-d7ab-5d0a-bc3a-2cae3ed497db","e72f845d-81f3-5762-a56c-c48a397e35ea","3781","Xã Co Mạ","xa_co_ma","xã","1791616658326","1791616658326"
"58e47846-758a-549a-8f2d-5727731c3b85","e72f845d-81f3-5762-a56c-c48a397e35ea","3784","Xã Nậm Lầu","xa_nam_lau","xã","1791616658326","1791616658326"
"c1fa7992-5fe9-5972-a169-ccb2a194bee3","e72f845d-81f3-5762-a56c-c48a397e35ea","3799","Xã Muổi Nọi","xa_muoi_noi","xã","1791616658326","1791616658326"
"27053aa0-d406-5aef-a269-d616f1e8b7bc","e72f845d-81f3-5762-a56c-c48a397e35ea","3808","Xã Mường La","xa_muong_la","xã","1791616658326","1791616658326"
"fb4242f8-df58-5b4c-8682-2215ccec61ab","e72f845d-81f3-5762-a56c-c48a397e35ea","3814","Xã Chiềng Lao","xa_chieng_lao","xã","1791616658326","1791616658326"
"a7dd021f-326d-5e48-8383-f5bd608d027b","e72f845d-81f3-5762-a56c-c48a397e35ea","3820","Xã Ngọc Chiến","xa_ngoc_chien","xã","1791616658326","1791616658326"
"0f206886-1f09-5ffd-9571-d81bcff6c638","e72f845d-81f3-5762-a56c-c48a397e35ea","3847","Xã Mường Bú","xa_muong_bu","xã","1791616658326","1791616658326"
"c5c0cc8f-e951-507e-b333-89bd82c36c97","e72f845d-81f3-5762-a56c-c48a397e35ea","3850","Xã Chiềng Hoa","xa_chieng_hoa","xã","1791616658326","1791616658326"
"4f4296e8-9b27-5d06-a981-e80a730c5691","e72f845d-81f3-5762-a56c-c48a397e35ea","3856","Xã Bắc Yên","xa_bac_yen","xã","1791616658326","1791616658326"
"fbe1d6d0-d468-5eae-ad98-bc914699bde9","e72f845d-81f3-5762-a56c-c48a397e35ea","3862","Xã Xím Vàng","xa_xim_vang","xã","1791616658326","1791616658326"
"56c8b33c-e460-5f1a-821c-d027d95b7d37","e72f845d-81f3-5762-a56c-c48a397e35ea","3868","Xã Tà Xùa","xa_ta_xua","xã","1791616658326","1791616658326"
"2854799d-b424-59b1-bbfa-484af7bfa0d8","e72f845d-81f3-5762-a56c-c48a397e35ea","3871","Xã Pắc Ngà","xa_pac_nga","xã","1791616658326","1791616658326"
"4e9badbb-44e3-5fda-b947-27abab670ecc","e72f845d-81f3-5762-a56c-c48a397e35ea","3880","Xã Tạ Khoa","xa_ta_khoa","xã","1791616658326","1791616658326"
"0b73a40b-5eb4-5edf-88dc-e2d544d1e2fe","e72f845d-81f3-5762-a56c-c48a397e35ea","3892","Xã Chiềng Sại","xa_chieng_sai","xã","1791616658326","1791616658326"
"4997d461-9b0b-52a5-b132-7b9478a4df2a","e72f845d-81f3-5762-a56c-c48a397e35ea","3901","Xã Suối Tọ","xa_suoi_to","xã","1791616658326","1791616658326"
"6d2b9a90-4995-5bed-b224-c3ab424dcf22","e72f845d-81f3-5762-a56c-c48a397e35ea","3907","Xã Mường Cơi","xa_muong_coi","xã","1791616658326","1791616658326"
"c2dc9042-aecb-5e4d-8f92-211adc51ebab","e72f845d-81f3-5762-a56c-c48a397e35ea","3910","Xã Phù Yên","xa_phu_yen","xã","1791616658326","1791616658326"
"0de7fd85-f183-5ac9-80a3-818fa17d8d35","e72f845d-81f3-5762-a56c-c48a397e35ea","3922","Xã Gia Phù","xa_gia_phu","xã","1791616658326","1791616658326"
"c8f8f4a7-1f42-55cb-918a-2069a74ace49","e72f845d-81f3-5762-a56c-c48a397e35ea","3943","Xã Mường Bang","xa_muong_bang","xã","1791616658326","1791616658326"
"9f154d20-f5dc-56fe-affb-7c3d062b113e","e72f845d-81f3-5762-a56c-c48a397e35ea","3958","Xã Tường Hạ","xa_tuong_ha","xã","1791616658326","1791616658326"
"a43931e3-404c-552f-bc2d-ade0c30412fb","e72f845d-81f3-5762-a56c-c48a397e35ea","3961","Xã Kim Bon","xa_kim_bon","xã","1791616658326","1791616658326"
"fb6e91c8-9844-50ca-9551-42cd38346b3e","e72f845d-81f3-5762-a56c-c48a397e35ea","3970","Xã Tân Phong","xa_tan_phong","xã","1791616658326","1791616658326"
"26d20dcd-1d52-569b-846c-1cf040d18a3d","e72f845d-81f3-5762-a56c-c48a397e35ea","3979","Phường Mộc Sơn","phuong_moc_son","phường","1791616658326","1791616658326"
"0870d181-a476-55ba-835a-f3e06c5c11d4","e72f845d-81f3-5762-a56c-c48a397e35ea","3980","Phường Mộc Châu","phuong_moc_chau","phường","1791616658326","1791616658326"
"c248fbe2-47a3-50c4-8611-d296123a7a18","e72f845d-81f3-5762-a56c-c48a397e35ea","3982","Phường Thảo Nguyên","phuong_thao_nguyen","phường","1791616658326","1791616658326"
"68072b9c-04a8-5b73-879a-336cf0982f8f","e72f845d-81f3-5762-a56c-c48a397e35ea","3985","Xã Chiềng Sơn","xa_chieng_son","xã","1791616658326","1791616658326"
"8ebe290a-fdf4-530c-bc19-41283fb24f56","e72f845d-81f3-5762-a56c-c48a397e35ea","3997","Xã Tân Yên","xa_tan_yen","xã","1791616658326","1791616658326"
"19b6fbbc-e6ea-5640-9ed1-b98c4bf53e1c","e72f845d-81f3-5762-a56c-c48a397e35ea","4000","Xã Đoàn Kết","xa_doan_ket","xã","1791616658326","1791616658326"
"33fc3b54-f131-5a89-aab0-0fd0171b97d1","e72f845d-81f3-5762-a56c-c48a397e35ea","4006","Xã Song Khủa","xa_song_khua","xã","1791616658326","1791616658326"
"5c118880-b7c5-5250-a01a-f27a9842a227","e72f845d-81f3-5762-a56c-c48a397e35ea","4018","Xã Tô Múa","xa_to_mua","xã","1791616658326","1791616658326"
"7eea3b58-9880-5065-9850-f056cf21ca51","e72f845d-81f3-5762-a56c-c48a397e35ea","4033","Phường Vân Sơn","phuong_van_son","phường","1791616658326","1791616658326"
"5522f5b4-45f6-57a7-9f01-888ffa979896","e72f845d-81f3-5762-a56c-c48a397e35ea","4045","Xã Lóng Sập","xa_long_sap","xã","1791616658326","1791616658326"
"d56ee715-988f-537e-8d09-02aa89bfbbb9","e72f845d-81f3-5762-a56c-c48a397e35ea","4048","Xã Vân Hồ","xa_van_ho","xã","1791616658326","1791616658326"
"fb7623ee-5657-5be4-9d8a-1ad406619549","e72f845d-81f3-5762-a56c-c48a397e35ea","4057","Xã Xuân Nha","xa_xuan_nha","xã","1791616658326","1791616658326"
"5dfcddac-6cc0-5859-8181-f203a810d359","e72f845d-81f3-5762-a56c-c48a397e35ea","4075","Xã Yên Châu","xa_yen_chau","xã","1791616658326","1791616658326"
"c458c6ec-80a5-5f4d-a3e2-47e1706b4414","e72f845d-81f3-5762-a56c-c48a397e35ea","4078","Xã Chiềng Hặc","xa_chieng_hac","xã","1791616658326","1791616658326"
"9ab9be2f-1994-5fd5-98f1-40c5a20655fe","e72f845d-81f3-5762-a56c-c48a397e35ea","4087","Xã Yên Sơn","xa_yen_son","xã","1791616658326","1791616658326"
"51718b92-a708-593c-877f-6c030278ae1c","e72f845d-81f3-5762-a56c-c48a397e35ea","4096","Xã Lóng Phiêng","xa_long_phieng","xã","1791616658326","1791616658326"
"9e0b2b28-ab96-5686-a3cc-b7c3b499c6f1","e72f845d-81f3-5762-a56c-c48a397e35ea","4099","Xã Phiêng Khoài","xa_phieng_khoai","xã","1791616658326","1791616658326"
"f2c0dd5a-9054-515d-96b6-db5efb696364","e72f845d-81f3-5762-a56c-c48a397e35ea","4105","Xã Mai Sơn","xa_mai_son","xã","1791616658326","1791616658326"
"87a9bf75-4a0d-5c56-8427-6daad0bf6c3c","e72f845d-81f3-5762-a56c-c48a397e35ea","4108","Xã Chiềng Sung","xa_chieng_sung","xã","1791616658326","1791616658326"
"3a264436-f12d-5e88-9ab3-8df57283282b","e72f845d-81f3-5762-a56c-c48a397e35ea","4117","Xã Mường Chanh","xa_muong_chanh","xã","1791616658326","1791616658326"
"75eb8fc3-ba30-5452-a4b5-44dd0ee5795b","e72f845d-81f3-5762-a56c-c48a397e35ea","4123","Xã Chiềng Mung","xa_chieng_mung","xã","1791616658326","1791616658326"
"3fbc9fc6-e26a-5418-a911-e6f83864c368","e72f845d-81f3-5762-a56c-c48a397e35ea","4132","Xã Chiềng Mai","xa_chieng_mai","xã","1791616658326","1791616658326"
"554852e0-887d-56f5-b660-1ffcec28bd6b","e72f845d-81f3-5762-a56c-c48a397e35ea","4136","Xã Tà Hộc","xa_ta_hoc","xã","1791616658326","1791616658326"
"1c505f19-4420-5a1f-9a4c-7934d28e5e59","e72f845d-81f3-5762-a56c-c48a397e35ea","4144","Xã Phiêng Cằm","xa_phieng_cam","xã","1791616658326","1791616658326"
"4856ae9c-4401-5e6d-83ed-50fd0d464d44","e72f845d-81f3-5762-a56c-c48a397e35ea","4159","Xã Phiêng Pằn","xa_phieng_pan","xã","1791616658326","1791616658326"
"d6e8c9fb-7398-5da5-b27c-ba8c66a88eee","e72f845d-81f3-5762-a56c-c48a397e35ea","4168","Xã Sông Mã","xa_song_ma","xã","1791616658326","1791616658326"
"2ad239f4-eef2-53f6-8448-6fc37f398856","e72f845d-81f3-5762-a56c-c48a397e35ea","4171","Xã Bó Sinh","xa_bo_sinh","xã","1791616658326","1791616658326"
"a8299e96-5099-56cf-8fe4-523656da7a8f","e72f845d-81f3-5762-a56c-c48a397e35ea","4183","Xã Mường Lầm","xa_muong_lam","xã","1791616658326","1791616658326"
"55517cd2-4ce2-530b-bbd4-563fb8c40146","e72f845d-81f3-5762-a56c-c48a397e35ea","4186","Xã Nậm Ty","xa_nam_ty","xã","1791616658326","1791616658326"
"86b5c529-7e83-54dd-8dee-7ff61ebf7baf","e72f845d-81f3-5762-a56c-c48a397e35ea","4195","Xã Chiềng Sơ","xa_chieng_so","xã","1791616658326","1791616658326"
"74024b29-d73d-5a4c-900b-b35fd46838d7","e72f845d-81f3-5762-a56c-c48a397e35ea","4204","Xã Chiềng Khoong","xa_chieng_khoong","xã","1791616658326","1791616658326"
"12150fce-9238-5f61-be9e-a84ba0ae4922","e72f845d-81f3-5762-a56c-c48a397e35ea","4210","Xã Huổi Một","xa_huoi_mot","xã","1791616658326","1791616658326"
"b09c2811-f540-5ef0-a047-a1c5d3600e34","e72f845d-81f3-5762-a56c-c48a397e35ea","4219","Xã Mường Hung","xa_muong_hung","xã","1791616658326","1791616658326"
"80d6f481-5eb1-511d-b0e8-317b49b523ae","e72f845d-81f3-5762-a56c-c48a397e35ea","4222","Xã Chiềng Khương","xa_chieng_khuong","xã","1791616658326","1791616658326"
"cf8c7da7-5f6c-540e-bf81-78444d89e609","e72f845d-81f3-5762-a56c-c48a397e35ea","4228","Xã Púng Bánh","xa_pung_banh","xã","1791616658326","1791616658326"
"f3d1dbc5-9ece-5f90-bb64-3c845345fc2c","e72f845d-81f3-5762-a56c-c48a397e35ea","4231","Xã Sốp Cộp","xa_sop_cop","xã","1791616658326","1791616658326"
"d6c992ff-f808-58fc-9d6b-a7ed6a933123","e72f845d-81f3-5762-a56c-c48a397e35ea","4240","Xã Mường Lèo","xa_muong_leo","xã","1791616658326","1791616658326"
"59ba6549-7d6f-58a6-9ee2-3d45bb455c5b","e72f845d-81f3-5762-a56c-c48a397e35ea","4246","Xã Mường Lạn","xa_muong_lan","xã","1791616658326","1791616658326"
"54326720-a52e-5fe5-b2d9-ae4c1eb03c99","5fdcda05-90ad-518d-8f51-33064d3560db","4252","Phường Yên Bái","phuong_yen_bai","phường","1791616658326","1791616658326"
"ae33e22f-bb03-5ab1-a075-f8ef6e8e4ce4","5fdcda05-90ad-518d-8f51-33064d3560db","4273","Phường Nam Cường","phuong_nam_cuong","phường","1791616658326","1791616658326"
"5fe11005-4eff-5973-8669-561f8d787d71","5fdcda05-90ad-518d-8f51-33064d3560db","4279","Phường Văn Phú","phuong_van_phu","phường","1791616658326","1791616658326"
"f6a0a269-d2a6-516c-ae75-5e2d0e68ba9d","5fdcda05-90ad-518d-8f51-33064d3560db","4288","Phường Nghĩa Lộ","phuong_nghia_lo","phường","1791616658326","1791616658326"
"2793402b-a0f5-5a63-8ef7-b9bbe8b7051f","5fdcda05-90ad-518d-8f51-33064d3560db","4303","Xã Lục Yên","xa_luc_yen","xã","1791616658326","1791616658326"
"caad3a50-d4c4-5b16-ac9a-6a0f3a9dc49a","5fdcda05-90ad-518d-8f51-33064d3560db","4309","Xã Lâm Thượng","xa_lam_thuong","xã","1791616658326","1791616658326"
"6cd72ad9-80ea-553c-9644-48859824604f","5fdcda05-90ad-518d-8f51-33064d3560db","4336","Xã Tân Lĩnh","xa_tan_linh","xã","1791616658326","1791616658326"
"83f6f284-1f00-50c4-a959-67f6cee9e51b","5fdcda05-90ad-518d-8f51-33064d3560db","4342","Xã Khánh Hòa","xa_khanh_hoa","xã","1791616658326","1791616658326"
"779c47f1-e38a-5911-a950-d43013d49e9c","5fdcda05-90ad-518d-8f51-33064d3560db","4345","Xã Mường Lai","xa_muong_lai","xã","1791616658326","1791616658326"
"e590ad0b-06d8-5377-930c-87fe32c6aa63","5fdcda05-90ad-518d-8f51-33064d3560db","4363","Xã Phúc Lợi","xa_phuc_loi","xã","1791616658326","1791616658326"
"f387ff07-d670-54c9-8216-7f4dc7aafc60","5fdcda05-90ad-518d-8f51-33064d3560db","4375","Xã Mậu A","xa_mau_a","xã","1791616658326","1791616658326"
"0f314180-218e-5080-a0f8-533381a6ffa2","5fdcda05-90ad-518d-8f51-33064d3560db","4381","Xã Lâm Giang","xa_lam_giang","xã","1791616658326","1791616658326"
"4abdaf38-dcf8-5c75-801f-b53f9203781e","5fdcda05-90ad-518d-8f51-33064d3560db","4387","Xã Châu Quế","xa_chau_que","xã","1791616658326","1791616658326"
"110365b3-d753-5cf6-985c-46e64380b0cd","5fdcda05-90ad-518d-8f51-33064d3560db","4399","Xã Đông Cuông","xa_dong_cuong","xã","1791616658326","1791616658326"
"fe3070fc-2635-5eed-a777-57bc137a6163","5fdcda05-90ad-518d-8f51-33064d3560db","4402","Xã Phong Dụ Hạ","xa_phong_du_ha","xã","1791616658326","1791616658326"
"9c30f2c8-b353-504f-8244-058ae6d17b08","5fdcda05-90ad-518d-8f51-33064d3560db","4423","Xã Phong Dụ Thượng","xa_phong_du_thuong","xã","1791616658326","1791616658326"
"64d3e65d-0b20-5636-bc5e-3aa1287c02c9","5fdcda05-90ad-518d-8f51-33064d3560db","4429","Xã Tân Hợp","xa_tan_hop","xã","1791616658326","1791616658326"
"3e26fccf-846c-5c70-9be8-b3f4c1478555","5fdcda05-90ad-518d-8f51-33064d3560db","4441","Xã Xuân Ái","xa_xuan_ai","xã","1791616658326","1791616658326"
"879de307-3826-5c2c-8e23-6e6db9c03d95","5fdcda05-90ad-518d-8f51-33064d3560db","4450","Xã Mỏ Vàng","xa_mo_vang","xã","1791616658326","1791616658326"
"4257cf99-a3e3-5ff9-88a1-ce2171b6dc92","5fdcda05-90ad-518d-8f51-33064d3560db","4456","Xã Mù Cang Chải","xa_mu_cang_chai","xã","1791616658326","1791616658326"
"ed321e61-12c3-5e5f-b3b5-467bf0797690","5fdcda05-90ad-518d-8f51-33064d3560db","4462","Xã Nậm Có","xa_nam_co","xã","1791616658326","1791616658326"
"b212a31f-1ef8-522a-ad52-fa7a9c04615c","5fdcda05-90ad-518d-8f51-33064d3560db","4465","Xã Khao Mang","xa_khao_mang","xã","1791616658326","1791616658326"
"11331b19-cdc2-539a-bb1d-363febc6b512","5fdcda05-90ad-518d-8f51-33064d3560db","4474","Xã Lao Chải","xa_lao_chai","xã","1791616658326","1791616658326"
"51352191-0b18-5b14-b1b8-542c29ad0527","5fdcda05-90ad-518d-8f51-33064d3560db","4489","Xã Chế Tạo","xa_che_tao","xã","1791616658326","1791616658326"
"a25965e8-e126-5a95-a73f-ee87d0face8d","5fdcda05-90ad-518d-8f51-33064d3560db","4492","Xã Púng Luông","xa_pung_luong","xã","1791616658326","1791616658326"
"05ed86af-681a-5bce-9037-711857bc9514","5fdcda05-90ad-518d-8f51-33064d3560db","4498","Xã Trấn Yên","xa_tran_yen","xã","1791616658326","1791616658326"
"8d7b60ad-8d82-5575-a6ae-a8528e3476a9","5fdcda05-90ad-518d-8f51-33064d3560db","4531","Xã Quy Mông","xa_quy_mong","xã","1791616658326","1791616658326"
"9d464339-406b-5723-9f03-75760f80214b","5fdcda05-90ad-518d-8f51-33064d3560db","4537","Xã Lương Thịnh","xa_luong_thinh","xã","1791616658326","1791616658326"
"3fda2fcb-1977-595a-8411-95f3db664c32","5fdcda05-90ad-518d-8f51-33064d3560db","4543","Phường Âu Lâu","phuong_au_lau","phường","1791616658326","1791616658326"
"893ba2fb-1183-5a19-abe2-53f5be33eee3","5fdcda05-90ad-518d-8f51-33064d3560db","4564","Xã Việt Hồng","xa_viet_hong","xã","1791616658326","1791616658326"
"1e4db478-531b-511a-b5a9-29154ca63edc","5fdcda05-90ad-518d-8f51-33064d3560db","4576","Xã Hưng Khánh","xa_hung_khanh","xã","1791616658326","1791616658326"
"475dc9cb-a09b-5e18-a633-1088e5c36d1c","5fdcda05-90ad-518d-8f51-33064d3560db","4585","Xã Hạnh Phúc","xa_hanh_phuc","xã","1791616658326","1791616658326"
"a523f46b-f463-5bc7-8614-19773bb63fa9","5fdcda05-90ad-518d-8f51-33064d3560db","4603","Xã Tà Xi Láng","xa_ta_xi_lang","xã","1791616658326","1791616658326"
"a20d4170-59ab-5048-ae3d-b6dfec9d0104","5fdcda05-90ad-518d-8f51-33064d3560db","4606","Xã Trạm Tấu","xa_tram_tau","xã","1791616658326","1791616658326"
"e7a39d18-b687-51a0-8a16-9f0d881d937d","5fdcda05-90ad-518d-8f51-33064d3560db","4609","Xã Phình Hồ","xa_phinh_ho","xã","1791616658326","1791616658326"
"eb70f71b-7905-5636-ba57-b533e76863aa","5fdcda05-90ad-518d-8f51-33064d3560db","4630","Xã Tú Lệ","xa_tu_le","xã","1791616658326","1791616658326"
"ece20270-8aff-5835-80fb-5b8103a70b13","5fdcda05-90ad-518d-8f51-33064d3560db","4636","Xã Gia Hội","xa_gia_hoi","xã","1791616658326","1791616658326"
"969644f7-dee6-5583-9eb0-def4757e38a8","5fdcda05-90ad-518d-8f51-33064d3560db","4651","Xã Sơn Lương","xa_son_luong","xã","1791616658326","1791616658326"
"f79a0b9c-6244-5057-8e9a-528fe39b6843","5fdcda05-90ad-518d-8f51-33064d3560db","4660","Xã Liên Sơn","xa_lien_son","xã","1791616658326","1791616658326"
"6616d38d-de75-5ee8-be95-7e54fa84dc2c","5fdcda05-90ad-518d-8f51-33064d3560db","4663","Phường Trung Tâm","phuong_trung_tam","phường","1791616658326","1791616658326"
"60cbab85-1410-5f70-b1cc-93b42a617621","5fdcda05-90ad-518d-8f51-33064d3560db","4672","Xã Văn Chấn","xa_van_chan","xã","1791616658326","1791616658326"
"07a520c4-c0e6-5bad-96d3-631227038ed6","5fdcda05-90ad-518d-8f51-33064d3560db","4681","Phường Cầu Thia","phuong_cau_thia","phường","1791616658326","1791616658326"
"0b34a832-f6ca-5964-9803-98fbe2840472","5fdcda05-90ad-518d-8f51-33064d3560db","4693","Xã Cát Thịnh","xa_cat_thinh","xã","1791616658326","1791616658326"
"fdf872c6-b48d-5e4a-9b42-0a40227b6b0f","5fdcda05-90ad-518d-8f51-33064d3560db","4699","Xã Chấn Thịnh","xa_chan_thinh","xã","1791616658326","1791616658326"
"64c40dec-3552-5dfd-8c18-3826970be3a3","5fdcda05-90ad-518d-8f51-33064d3560db","4705","Xã Thượng Bằng La","xa_thuong_bang_la","xã","1791616658326","1791616658326"
"e947fa7c-a6e7-5e8f-9b8d-7cb556a1ed36","5fdcda05-90ad-518d-8f51-33064d3560db","4711","Xã Nghĩa Tâm","xa_nghia_tam","xã","1791616658326","1791616658326"
"ac189eb1-ff9f-5453-b6a6-045d25368926","5fdcda05-90ad-518d-8f51-33064d3560db","4714","Xã Yên Bình","xa_yen_binh","xã","1791616658326","1791616658326"
"b80baa51-1cf5-5a85-b4f6-21b0395fb946","5fdcda05-90ad-518d-8f51-33064d3560db","4717","Xã Thác Bà","xa_thac_ba","xã","1791616658326","1791616658326"
"2f92921a-2b4c-5a12-a383-27706bcc094b","5fdcda05-90ad-518d-8f51-33064d3560db","4726","Xã Cảm Nhân","xa_cam_nhan","xã","1791616658326","1791616658326"
"c603c47c-e86d-5864-ac37-3ea80f3bf857","5fdcda05-90ad-518d-8f51-33064d3560db","4744","Xã Yên Thành","xa_yen_thanh","xã","1791616658326","1791616658326"
"86fddbba-a716-5797-ab5f-c16a16ab1725","5fdcda05-90ad-518d-8f51-33064d3560db","4750","Xã Bảo Ái","xa_bao_ai","xã","1791616658326","1791616658326"
"3296a0cd-9b6f-597b-a133-703e0c7d3c0d","2efd9cf4-551d-5f4d-8f81-0b2022762c90","4792","Phường Tân Hòa","phuong_tan_hoa","phường","1791616658326","1791616658326"
"0519f54c-23a9-52ea-b8d4-7966be3296cf","2efd9cf4-551d-5f4d-8f81-0b2022762c90","4795","Phường Hòa Bình","phuong_hoa_binh","phường","1791616658326","1791616658326"
"d12463eb-67b5-5204-a379-722db6fd64b1","2efd9cf4-551d-5f4d-8f81-0b2022762c90","4828","Phường Thống Nhất","phuong_thong_nhat","phường","1791616658326","1791616658326"
"c480a7f4-ea52-55db-aa0d-6b225dd990f8","2efd9cf4-551d-5f4d-8f81-0b2022762c90","4831","Xã Đà Bắc","xa_da_bac","xã","1791616658326","1791616658326"
"59fe4b74-67f0-5438-be34-2cc4cf71677d","2efd9cf4-551d-5f4d-8f81-0b2022762c90","4846","Xã Đức Nhàn","xa_duc_nhan","xã","1791616658326","1791616658326"
"ea95d94c-bb1d-50bc-920a-ed64fb9bf3ac","2efd9cf4-551d-5f4d-8f81-0b2022762c90","4849","Xã Tân Pheo","xa_tan_pheo","xã","1791616658326","1791616658326"
"7f2310ab-13c1-55c7-bd9a-50684e384c51","2efd9cf4-551d-5f4d-8f81-0b2022762c90","4873","Xã Quy Đức","xa_quy_duc","xã","1791616658326","1791616658326"
"36b4be19-360d-508f-aa9f-5c8fe6af9ff5","2efd9cf4-551d-5f4d-8f81-0b2022762c90","4876","Xã Cao Sơn","xa_cao_son","xã","1791616658326","1791616658326"
"fd6fe1b8-8df9-50b8-a0d1-8ca9c874b1af","2efd9cf4-551d-5f4d-8f81-0b2022762c90","4891","Xã Tiền Phong","xa_tien_phong","xã","1791616658326","1791616658326"
"eac8d62e-efdf-5422-bada-a57174593c2e","2efd9cf4-551d-5f4d-8f81-0b2022762c90","4894","Phường Kỳ Sơn","phuong_ky_son","phường","1791616658326","1791616658326"
"f4473326-d8f8-57ea-9301-fc0985ee8c97","2efd9cf4-551d-5f4d-8f81-0b2022762c90","4897","Xã Thịnh Minh","xa_thinh_minh","xã","1791616658326","1791616658326"
"07a239a4-580d-5307-af33-c622e0893146","2efd9cf4-551d-5f4d-8f81-0b2022762c90","4924","Xã Lương Sơn","xa_luong_son","xã","1791616658326","1791616658326"
"b43683bf-c121-5ba3-b57f-20382bc585fb","c898a2a2-1fb3-536d-b9e4-f2b312ad64bd","4930","Xã Yên Xuân","xa_yen_xuan","xã","1791616658326","1791616658326"
"9f5484ff-1ac3-57ac-8500-f69193d94281","2efd9cf4-551d-5f4d-8f81-0b2022762c90","4960","Xã Liên Sơn","xa_lien_son","xã","1791616658326","1791616658326"
"4e68ee31-fb09-5dae-a057-91250e6e0ad0","2efd9cf4-551d-5f4d-8f81-0b2022762c90","4978","Xã Kim Bôi","xa_kim_boi","xã","1791616658326","1791616658326"
"01aae9d5-cdbd-584c-a6cf-f897fead0861","2efd9cf4-551d-5f4d-8f81-0b2022762c90","4990","Xã Nật Sơn","xa_nat_son","xã","1791616658326","1791616658326"
"b48b22e5-0533-5225-8095-bcf31ae99eec","2efd9cf4-551d-5f4d-8f81-0b2022762c90","5014","Xã Mường Động","xa_muong_dong","xã","1791616658326","1791616658326"
"9d17ee68-ee13-5ac6-a5c3-d90b7153fed4","2efd9cf4-551d-5f4d-8f81-0b2022762c90","5047","Xã Cao Dương","xa_cao_duong","xã","1791616658326","1791616658326"
"824712c2-7ea7-580e-9769-0c78fd1587f8","2efd9cf4-551d-5f4d-8f81-0b2022762c90","5068","Xã Hợp Kim","xa_hop_kim","xã","1791616658326","1791616658326"
"f4b3dad6-588a-530e-bc28-c2f6d9bc117f","2efd9cf4-551d-5f4d-8f81-0b2022762c90","5086","Xã Dũng Tiến","xa_dung_tien","xã","1791616658326","1791616658326"
"3a7959ba-28d4-57c6-82a9-482df2fbd77b","2efd9cf4-551d-5f4d-8f81-0b2022762c90","5089","Xã Cao Phong","xa_cao_phong","xã","1791616658326","1791616658326"
"aef13524-eaca-5f8b-9ea3-ae7dd001f03c","2efd9cf4-551d-5f4d-8f81-0b2022762c90","5092","Xã Thung Nai","xa_thung_nai","xã","1791616658326","1791616658326"
"4d45c185-4b71-5979-b2e4-25947897f315","2efd9cf4-551d-5f4d-8f81-0b2022762c90","5116","Xã Mường Thàng","xa_muong_thang","xã","1791616658326","1791616658326"
"0174fd4d-328c-5237-b283-aa1d9f98e093","2efd9cf4-551d-5f4d-8f81-0b2022762c90","5128","Xã Tân Lạc","xa_tan_lac","xã","1791616658326","1791616658326"
"f0ddcfb5-2c7b-535e-a5a4-59ce708a93c9","2efd9cf4-551d-5f4d-8f81-0b2022762c90","5134","Xã Mường Hoa","xa_muong_hoa","xã","1791616658326","1791616658326"
"d54db5c0-b3b0-55ed-829d-450891392fd1","2efd9cf4-551d-5f4d-8f81-0b2022762c90","5152","Xã Vân Sơn","xa_van_son","xã","1791616658326","1791616658326"
"92df2e4e-2afe-5cb5-8435-1a4d6f6efa11","2efd9cf4-551d-5f4d-8f81-0b2022762c90","5158","Xã Mường Bi","xa_muong_bi","xã","1791616658326","1791616658326"
"b0c84626-9b2a-55f6-adc1-44ac9447d069","2efd9cf4-551d-5f4d-8f81-0b2022762c90","5191","Xã Toàn Thắng","xa_toan_thang","xã","1791616658326","1791616658326"
"c72b03f5-6e6f-514f-a9e8-b266971b0f0f","2efd9cf4-551d-5f4d-8f81-0b2022762c90","5200","Xã Mai Châu","xa_mai_chau","xã","1791616658326","1791616658326"
"d2433717-ffa4-5ca1-ae0c-84fc7d05630e","2efd9cf4-551d-5f4d-8f81-0b2022762c90","5206","Xã Tân Mai","xa_tan_mai","xã","1791616658326","1791616658326"
"7dfae600-7328-532e-a32b-c08f0de36ad7","2efd9cf4-551d-5f4d-8f81-0b2022762c90","5212","Xã Pà Cò","xa_pa_co","xã","1791616658326","1791616658326"
"224a4572-76e2-5f02-8b3a-58c21fa0365d","2efd9cf4-551d-5f4d-8f81-0b2022762c90","5245","Xã Bao La","xa_bao_la","xã","1791616658326","1791616658326"
"18a2aabf-a905-5bb7-a4e7-1ea131c7d463","2efd9cf4-551d-5f4d-8f81-0b2022762c90","5251","Xã Mai Hạ","xa_mai_ha","xã","1791616658326","1791616658326"
"5ef35032-3f98-5aca-afa2-be5cea6e112b","2efd9cf4-551d-5f4d-8f81-0b2022762c90","5266","Xã Lạc Sơn","xa_lac_son","xã","1791616658326","1791616658326"
"bf92b736-3e08-5218-ba5d-dab6c2183c0d","2efd9cf4-551d-5f4d-8f81-0b2022762c90","5287","Xã Mường Vang","xa_muong_vang","xã","1791616658326","1791616658326"
"6683b4e8-1361-5095-8d20-f98d4d87d494","2efd9cf4-551d-5f4d-8f81-0b2022762c90","5290","Xã Nhân Nghĩa","xa_nhan_nghia","xã","1791616658326","1791616658326"
"15d36d37-4787-52b2-8945-7da001bccdb8","2efd9cf4-551d-5f4d-8f81-0b2022762c90","5293","Xã Thượng Cốc","xa_thuong_coc","xã","1791616658326","1791616658326"
"f9f1a1ff-7ca0-5082-a466-f64a732adada","2efd9cf4-551d-5f4d-8f81-0b2022762c90","5305","Xã Yên Phú","xa_yen_phu","xã","1791616658326","1791616658326"
"584cbdc0-c037-5934-b9f7-01a704c8d622","2efd9cf4-551d-5f4d-8f81-0b2022762c90","5323","Xã Quyết Thắng","xa_quyet_thang","xã","1791616658326","1791616658326"
"dcc5a535-bb3e-5ffe-9c8e-f39a7d9304ad","2efd9cf4-551d-5f4d-8f81-0b2022762c90","5329","Xã Ngọc Sơn","xa_ngoc_son","xã","1791616658326","1791616658326"
"71c8a51a-b62c-5034-96d5-ac38f70ac56c","2efd9cf4-551d-5f4d-8f81-0b2022762c90","5347","Xã Đại Đồng","xa_dai_dong","xã","1791616658326","1791616658326"
"93d4292b-9122-541d-bc40-c78f9f9375bf","2efd9cf4-551d-5f4d-8f81-0b2022762c90","5353","Xã Yên Thủy","xa_yen_thuy","xã","1791616658326","1791616658326"
"c6e19f35-50e4-518b-b4cf-bca7167eaece","2efd9cf4-551d-5f4d-8f81-0b2022762c90","5362","Xã Lạc Lương","xa_lac_luong","xã","1791616658326","1791616658326"
"7824dc81-7ef2-5fc0-b921-aac790568e79","2efd9cf4-551d-5f4d-8f81-0b2022762c90","5386","Xã Yên Trị","xa_yen_tri","xã","1791616658326","1791616658326"
"5e11ae6d-0b2d-5cd6-9983-c279586a346b","2efd9cf4-551d-5f4d-8f81-0b2022762c90","5392","Xã Lạc Thủy","xa_lac_thuy","xã","1791616658326","1791616658326"
"35a27e07-ad7a-5eb9-a03d-9133559cd607","2efd9cf4-551d-5f4d-8f81-0b2022762c90","5395","Xã An Nghĩa","xa_an_nghia","xã","1791616658326","1791616658326"
"e2bb2285-46ad-5fa7-9ff1-e05e6c1bcb79","2efd9cf4-551d-5f4d-8f81-0b2022762c90","5425","Xã An Bình","xa_an_binh","xã","1791616658326","1791616658326"
"1adb2f20-2a70-5d6e-8d34-ac28cd5825e4","821434d1-9a76-525d-831e-16f508d0a41d","5443","Phường Phan Đình Phùng","phuong_phan_dinh_phung","phường","1791616658326","1791616658326"
"f84e6e82-9163-57ea-8d07-dc997830e76b","821434d1-9a76-525d-831e-16f508d0a41d","5455","Phường Quyết Thắng","phuong_quyet_thang","phường","1791616658326","1791616658326"
"0cf784ed-8729-529e-80f4-73a1d84ca2dd","821434d1-9a76-525d-831e-16f508d0a41d","5467","Phường Gia Sàng","phuong_gia_sang","phường","1791616658326","1791616658326"
"6ead0d81-8138-5e3b-ad67-e865823e6c7c","821434d1-9a76-525d-831e-16f508d0a41d","5482","Phường Quan Triều","phuong_quan_trieu","phường","1791616658326","1791616658326"
"e764819b-a996-57d2-9110-dfac1f7e2cae","821434d1-9a76-525d-831e-16f508d0a41d","5488","Xã Đại Phúc","xa_dai_phuc","xã","1791616658326","1791616658326"
"9d2aa7bf-9e94-5b4e-ad47-4e1f5c445af6","821434d1-9a76-525d-831e-16f508d0a41d","5500","Phường Tích Lương","phuong_tich_luong","phường","1791616658326","1791616658326"
"16959b40-1e21-52c0-8e20-aba2e7e46d74","821434d1-9a76-525d-831e-16f508d0a41d","5503","Xã Tân Cương","xa_tan_cuong","xã","1791616658326","1791616658326"
"5620dbf3-aa40-58dc-95a4-9354aaa1a714","821434d1-9a76-525d-831e-16f508d0a41d","5518","Phường Sông Công","phuong_song_cong","phường","1791616658326","1791616658326"
"bcca0cc3-b352-57bd-b1c4-40ccee372cf3","821434d1-9a76-525d-831e-16f508d0a41d","5528","Phường Bách Quang","phuong_bach_quang","phường","1791616658326","1791616658326"
"16678299-d490-5b64-bdef-d8430e6e9387","821434d1-9a76-525d-831e-16f508d0a41d","5533","Phường Bá Xuyên","phuong_ba_xuyen","phường","1791616658326","1791616658326"
"10b8ed81-3488-5ba3-a9e5-066193faed5b","821434d1-9a76-525d-831e-16f508d0a41d","5542","Xã Lam Vỹ","xa_lam_vy","xã","1791616658326","1791616658326"
"ab46a6e6-9839-5a59-83ed-fee8cb9022a0","821434d1-9a76-525d-831e-16f508d0a41d","5551","Xã Kim Phượng","xa_kim_phuong","xã","1791616658326","1791616658326"
"8c981b5b-bca2-5ee8-a45b-32aa3e2ee4a0","821434d1-9a76-525d-831e-16f508d0a41d","5563","Xã Phượng Tiến","xa_phuong_tien","xã","1791616658326","1791616658326"
"140b76c7-f3b1-5c71-bd57-df5db35e857c","821434d1-9a76-525d-831e-16f508d0a41d","5569","Xã Định Hóa","xa_dinh_hoa","xã","1791616658326","1791616658326"
"91e68554-1038-53dc-855c-f3df0704a56a","821434d1-9a76-525d-831e-16f508d0a41d","5581","Xã Trung Hội","xa_trung_hoi","xã","1791616658326","1791616658326"
"7638ce1f-6c18-59e6-9b32-8c5ce3263ffe","821434d1-9a76-525d-831e-16f508d0a41d","5587","Xã Bình Yên","xa_binh_yen","xã","1791616658326","1791616658326"
"180b18a9-c5d6-5c46-b5f2-93803a197179","821434d1-9a76-525d-831e-16f508d0a41d","5602","Xã Phú Đình","xa_phu_dinh","xã","1791616658326","1791616658326"
"c07dd0ac-2ef9-56ee-b0b4-be53b0aa7657","821434d1-9a76-525d-831e-16f508d0a41d","5605","Xã Bình Thành","xa_binh_thanh","xã","1791616658326","1791616658326"
"4709b99e-3de7-5284-ad89-42f45934726f","821434d1-9a76-525d-831e-16f508d0a41d","5611","Xã Phú Lương","xa_phu_luong","xã","1791616658326","1791616658326"
"099af9e4-6e95-525e-a713-9008d405589c","821434d1-9a76-525d-831e-16f508d0a41d","5620","Xã Yên Trạch","xa_yen_trach","xã","1791616658326","1791616658326"
"d78daba5-8987-50cf-9f87-6fc0e542d985","821434d1-9a76-525d-831e-16f508d0a41d","5632","Xã Hợp Thành","xa_hop_thanh","xã","1791616658326","1791616658326"
"c5fd90ae-74d9-5d91-82a6-96754ef67347","821434d1-9a76-525d-831e-16f508d0a41d","5641","Xã Vô Tranh","xa_vo_tranh","xã","1791616658326","1791616658326"
"5dd50859-781d-530c-a060-b101dd3ee41e","821434d1-9a76-525d-831e-16f508d0a41d","5662","Xã Trại Cau","xa_trai_cau","xã","1791616658326","1791616658326"
"08e1d91e-d529-5144-8a8a-54bb9c77d6e0","821434d1-9a76-525d-831e-16f508d0a41d","5665","Xã Văn Lăng","xa_van_lang","xã","1791616658326","1791616658326"
"edc19187-2aa1-50a2-a9ca-109420d7fbf2","821434d1-9a76-525d-831e-16f508d0a41d","5674","Xã Quang Sơn","xa_quang_son","xã","1791616658326","1791616658326"
"e6d5e9ed-0e8b-57fe-91ea-adc673410ce0","821434d1-9a76-525d-831e-16f508d0a41d","5680","Xã Văn Hán","xa_van_han","xã","1791616658326","1791616658326"
"190bc6b3-74e5-5a1c-b726-32fbbc6e75b6","821434d1-9a76-525d-831e-16f508d0a41d","5692","Xã Đồng Hỷ","xa_dong_hy","xã","1791616658326","1791616658326"
"c573f017-6e49-55b4-bb31-5c4bf755d793","821434d1-9a76-525d-831e-16f508d0a41d","5707","Xã Nam Hòa","xa_nam_hoa","xã","1791616658326","1791616658326"
"6c3ffd24-8d24-563a-ba78-6df8fb5dce30","821434d1-9a76-525d-831e-16f508d0a41d","5710","Phường Linh Sơn","phuong_linh_son","phường","1791616658326","1791616658326"
"422655e5-5026-5f96-b3b8-1c91030a4d11","821434d1-9a76-525d-831e-16f508d0a41d","5716","Xã Võ Nhai","xa_vo_nhai","xã","1791616658326","1791616658326"
"33b2b1e3-d27c-5b52-aa85-09249997f5f5","821434d1-9a76-525d-831e-16f508d0a41d","5719","Xã Sảng Mộc","xa_sang_moc","xã","1791616658326","1791616658326"
"3931d22d-b807-5b2a-bed0-df3c101f191e","821434d1-9a76-525d-831e-16f508d0a41d","5722","Xã Nghinh Tường","xa_nghinh_tuong","xã","1791616658326","1791616658326"
"5aba7941-e90c-5d4e-afe9-ae87b4b2fe04","821434d1-9a76-525d-831e-16f508d0a41d","5725","Xã Thần Sa","xa_than_sa","xã","1791616658326","1791616658326"
"a38796d9-74a4-5f53-a38f-cda31b0f84a4","821434d1-9a76-525d-831e-16f508d0a41d","5740","Xã La Hiên","xa_la_hien","xã","1791616658326","1791616658326"
"53cf1bee-718f-50c9-a53c-c93502669e6e","821434d1-9a76-525d-831e-16f508d0a41d","5746","Xã Tràng Xá","xa_trang_xa","xã","1791616658326","1791616658326"
"5a65bb1c-6838-5ff2-96ad-02cae6394c30","821434d1-9a76-525d-831e-16f508d0a41d","5755","Xã Dân Tiến","xa_dan_tien","xã","1791616658326","1791616658326"
"a80d233a-46ab-5fd8-a9b2-ab3b3fafa951","821434d1-9a76-525d-831e-16f508d0a41d","5773","Xã Phú Xuyên","xa_phu_xuyen","xã","1791616658326","1791616658326"
"0d0c2fb6-fb1b-5d6c-8739-c65b12f22660","821434d1-9a76-525d-831e-16f508d0a41d","5776","Xã Đức Lương","xa_duc_luong","xã","1791616658326","1791616658326"
"f8cb635c-0e93-5c1e-a348-807e0280a8c9","821434d1-9a76-525d-831e-16f508d0a41d","5788","Xã Phú Lạc","xa_phu_lac","xã","1791616658326","1791616658326"
"c72a1023-f194-572c-a191-13dd53856eb0","821434d1-9a76-525d-831e-16f508d0a41d","5800","Xã Phú Thịnh","xa_phu_thinh","xã","1791616658326","1791616658326"
"93173030-eb7a-5c6d-a53e-8b189cff517a","821434d1-9a76-525d-831e-16f508d0a41d","5809","Xã An Khánh","xa_an_khanh","xã","1791616658326","1791616658326"
"6d979f3e-92b2-5c6d-95e2-3684adec446c","821434d1-9a76-525d-831e-16f508d0a41d","5818","Xã La Bằng","xa_la_bang","xã","1791616658326","1791616658326"
"d4552ef0-87b2-530f-b43b-123c1f11c10e","821434d1-9a76-525d-831e-16f508d0a41d","5830","Xã Đại Từ","xa_dai_tu","xã","1791616658326","1791616658326"
"5ce6bd5c-70fc-5048-b82d-a5e5b05ca676","821434d1-9a76-525d-831e-16f508d0a41d","5845","Xã Vạn Phú","xa_van_phu","xã","1791616658326","1791616658326"
"48159d7f-f072-59f9-bc32-ae601d9ca366","821434d1-9a76-525d-831e-16f508d0a41d","5851","Xã Quân Chu","xa_quan_chu","xã","1791616658326","1791616658326"
"1566cfca-acb7-5d09-8106-83b896d488f7","821434d1-9a76-525d-831e-16f508d0a41d","5857","Phường Phúc Thuận","phuong_phuc_thuan","phường","1791616658326","1791616658326"
"60b8c6b2-143a-5558-9b3d-f69365f29828","821434d1-9a76-525d-831e-16f508d0a41d","5860","Phường Phổ Yên","phuong_pho_yen","phường","1791616658326","1791616658326"
"ee2a88a5-8fbb-5cba-8ac9-7b5c850a2702","821434d1-9a76-525d-831e-16f508d0a41d","5881","Xã Thành Công","xa_thanh_cong","xã","1791616658326","1791616658326"
"586cd934-e213-52ce-b5dd-85fef274e501","821434d1-9a76-525d-831e-16f508d0a41d","5890","Phường Vạn Xuân","phuong_van_xuan","phường","1791616658326","1791616658326"
"69991a74-4dd6-509b-9d99-9a6453fb89c7","821434d1-9a76-525d-831e-16f508d0a41d","5899","Phường Trung Thành","phuong_trung_thanh","phường","1791616658326","1791616658326"
"477dbd0f-c476-5c8e-9ba6-3497de1222cb","821434d1-9a76-525d-831e-16f508d0a41d","5908","Xã Phú Bình","xa_phu_binh","xã","1791616658326","1791616658326"
"e49c24f6-4cae-5647-9b29-b02b992a04a3","821434d1-9a76-525d-831e-16f508d0a41d","5917","Xã Tân Khánh","xa_tan_khanh","xã","1791616658326","1791616658326"
"cb699f71-7709-521b-ba55-e7d1e1cf89b0","821434d1-9a76-525d-831e-16f508d0a41d","5923","Xã Tân Thành","xa_tan_thanh","xã","1791616658326","1791616658326"
"067d8c15-c06c-5eaf-a715-d362b10d3ea7","821434d1-9a76-525d-831e-16f508d0a41d","5941","Xã Điềm Thụy","xa_diem_thuy","xã","1791616658326","1791616658326"
"52f50147-bef8-5d46-bd2a-f94336c6d633","821434d1-9a76-525d-831e-16f508d0a41d","5953","Xã Kha Sơn","xa_kha_son","xã","1791616658326","1791616658326"
"7dd70af0-bf6f-5c57-8219-a7dd25590d9d","916ce67d-9399-588a-9ae6-b6edf290cb36","5977","Phường Đông Kinh","phuong_dong_kinh","phường","1791616658326","1791616658326"
"629a71a4-6d4f-5a92-b408-c44eb6e7779c","916ce67d-9399-588a-9ae6-b6edf290cb36","5983","Phường Lương Văn Tri","phuong_luong_van_tri","phường","1791616658326","1791616658326"
"f62d5c24-8013-5c39-bdca-1e9c178b436f","916ce67d-9399-588a-9ae6-b6edf290cb36","5986","Phường Tam Thanh","phuong_tam_thanh","phường","1791616658326","1791616658326"
"fd988b49-61d4-5a4c-a33e-572bc4839071","916ce67d-9399-588a-9ae6-b6edf290cb36","6001","Xã Đoàn Kết","xa_doan_ket","xã","1791616658326","1791616658326"
"105c9ab6-cf0b-5891-88e2-b017649499e1","916ce67d-9399-588a-9ae6-b6edf290cb36","6004","Xã Quốc Khánh","xa_quoc_khanh","xã","1791616658326","1791616658326"
"55fcb0a8-699b-5ab7-a07b-15df8986ea73","916ce67d-9399-588a-9ae6-b6edf290cb36","6019","Xã Tân Tiến","xa_tan_tien","xã","1791616658326","1791616658326"
"812e6ace-ffce-5a48-91f1-21a1b59a6de5","916ce67d-9399-588a-9ae6-b6edf290cb36","6037","Xã Kháng Chiến","xa_khang_chien","xã","1791616658326","1791616658326"
"b4e17f73-ad82-5a2a-bdc0-f0b48b37e621","916ce67d-9399-588a-9ae6-b6edf290cb36","6040","Xã Thất Khê","xa_that_khe","xã","1791616658326","1791616658326"
"935b8bbd-1d0d-5715-aa5b-5eec31b5afca","916ce67d-9399-588a-9ae6-b6edf290cb36","6046","Xã Tràng Định","xa_trang_dinh","xã","1791616658326","1791616658326"
"c76c5a51-01ef-5208-ae70-bed218bf861d","916ce67d-9399-588a-9ae6-b6edf290cb36","6058","Xã Quốc Việt","xa_quoc_viet","xã","1791616658326","1791616658326"
"1562c912-2c4f-57cf-b637-939f042c3ba1","916ce67d-9399-588a-9ae6-b6edf290cb36","6073","Xã Hoa Thám","xa_hoa_tham","xã","1791616658326","1791616658326"
"76d1ab2d-6d8a-5b2a-8314-4c6c27198dd9","916ce67d-9399-588a-9ae6-b6edf290cb36","6076","Xã Quý Hòa","xa_quy_hoa","xã","1791616658326","1791616658326"
"9292f161-4c49-5938-b717-645b058f82af","916ce67d-9399-588a-9ae6-b6edf290cb36","6079","Xã Hồng Phong","xa_hong_phong","xã","1791616658326","1791616658326"
"c54530fa-63de-5d10-9868-48c1f17dcf04","916ce67d-9399-588a-9ae6-b6edf290cb36","6085","Xã Thiện Hòa","xa_thien_hoa","xã","1791616658326","1791616658326"
"a0284d89-5802-57f3-824f-feaed3b23990","916ce67d-9399-588a-9ae6-b6edf290cb36","6091","Xã Thiện Thuật","xa_thien_thuat","xã","1791616658326","1791616658326"
"aaa0d25b-1707-5e51-872b-f955a46da4d1","916ce67d-9399-588a-9ae6-b6edf290cb36","6103","Xã Thiện Long","xa_thien_long","xã","1791616658326","1791616658326"
"0bbfce1d-f0e6-5380-835b-ce279c66674c","916ce67d-9399-588a-9ae6-b6edf290cb36","6112","Xã Bình Gia","xa_binh_gia","xã","1791616658326","1791616658326"
"fda618ae-0232-524c-b4e4-ea20d0d23fd3","916ce67d-9399-588a-9ae6-b6edf290cb36","6115","Xã Tân Văn","xa_tan_van","xã","1791616658326","1791616658326"
"7a31e2af-c71d-5807-95d2-fc5af0330e5c","916ce67d-9399-588a-9ae6-b6edf290cb36","6124","Xã Na Sầm","xa_na_sam","xã","1791616658326","1791616658326"
"5da590a2-fdb0-5d6b-88f6-cf799bb97e74","916ce67d-9399-588a-9ae6-b6edf290cb36","6148","Xã Thụy Hùng","xa_thuy_hung","xã","1791616658326","1791616658326"
"6a086244-fc30-5dc3-b784-158f2d84b8cf","916ce67d-9399-588a-9ae6-b6edf290cb36","6151","Xã Hội Hoan","xa_hoi_hoan","xã","1791616658326","1791616658326"
"c9634953-d3b4-56d4-a8bc-35c00831c8b4","916ce67d-9399-588a-9ae6-b6edf290cb36","6154","Xã Văn Lãng","xa_van_lang","xã","1791616658326","1791616658326"
"3f8b6c66-4abc-558f-bea1-59ce4bdbc64b","916ce67d-9399-588a-9ae6-b6edf290cb36","6172","Xã Hoàng Văn Thụ","xa_hoang_van_thu","xã","1791616658326","1791616658326"
"144abcb0-e83d-5e40-abc7-d0a7c3be12c4","916ce67d-9399-588a-9ae6-b6edf290cb36","6184","Xã Đồng Đăng","xa_dong_dang","xã","1791616658326","1791616658326"
"2e9cd45d-7028-5412-8384-1f81a38085dc","916ce67d-9399-588a-9ae6-b6edf290cb36","6187","Phường Kỳ Lừa","phuong_ky_lua","phường","1791616658326","1791616658326"
"94c4357f-1053-543b-988c-77b3bb0492d6","916ce67d-9399-588a-9ae6-b6edf290cb36","6196","Xã Ba Sơn","xa_ba_son","xã","1791616658326","1791616658326"
"43d7f68f-9bf9-5d5f-9001-1046a2fd6143","916ce67d-9399-588a-9ae6-b6edf290cb36","6211","Xã Cao Lộc","xa_cao_loc","xã","1791616658326","1791616658326"
"21f0195e-bbc7-5897-98d1-b9e8f62bb653","916ce67d-9399-588a-9ae6-b6edf290cb36","6220","Xã Công Sơn","xa_cong_son","xã","1791616658326","1791616658326"
"eaabd260-36c8-5619-9a50-0b168fd6b16e","916ce67d-9399-588a-9ae6-b6edf290cb36","6253","Xã Văn Quan","xa_van_quan","xã","1791616658326","1791616658326"
"95551177-e0c7-5b3e-a007-80cbf455986a","916ce67d-9399-588a-9ae6-b6edf290cb36","6280","Xã Điềm He","xa_diem_he","xã","1791616658326","1791616658326"
"92d69a3b-7157-547b-ba9d-48984bd70f9c","916ce67d-9399-588a-9ae6-b6edf290cb36","6286","Xã Khánh Khê","xa_khanh_khe","xã","1791616658326","1791616658326"
"2eca7d78-0f01-50f0-af2c-3571e01b79c5","916ce67d-9399-588a-9ae6-b6edf290cb36","6298","Xã Yên Phúc","xa_yen_phuc","xã","1791616658326","1791616658326"
"b4ed1070-a1d5-5bd1-b41c-5aedc07e5d90","916ce67d-9399-588a-9ae6-b6edf290cb36","6313","Xã Tri Lễ","xa_tri_le","xã","1791616658326","1791616658326"
"a65fd4b7-af96-5eb3-8861-489ca0a98b27","916ce67d-9399-588a-9ae6-b6edf290cb36","6316","Xã Tân Đoàn","xa_tan_doan","xã","1791616658326","1791616658326"
"f78af730-4f09-58d3-9b48-485a4f2f802e","916ce67d-9399-588a-9ae6-b6edf290cb36","6325","xã Bắc Sơn","xa_bac_son","xã","1791616658326","1791616658326"
"a561f42d-f583-540f-aa38-3ba443fcee19","916ce67d-9399-588a-9ae6-b6edf290cb36","6337","Xã Tân Tri","xa_tan_tri","xã","1791616658326","1791616658326"
"52fda817-b2a6-5f47-9800-cdbf943c13cf","916ce67d-9399-588a-9ae6-b6edf290cb36","6349","Xã Hưng Vũ","xa_hung_vu","xã","1791616658326","1791616658326"
"4eb1a437-2511-5492-9ce3-05e12637f0e4","916ce67d-9399-588a-9ae6-b6edf290cb36","6364","Xã Vũ Lễ","xa_vu_le","xã","1791616658326","1791616658326"
"d7a4fdc0-e6f6-5076-8964-21ffd79eeb20","916ce67d-9399-588a-9ae6-b6edf290cb36","6367","Xã Vũ Lăng","xa_vu_lang","xã","1791616658326","1791616658326"
"b6f4e63c-f2f0-5336-90a0-6cd0675b1fa1","916ce67d-9399-588a-9ae6-b6edf290cb36","6376","Xã Nhất Hòa","xa_nhat_hoa","xã","1791616658326","1791616658326"
"39d6f765-7a4e-5695-bba0-8465f23e2a28","916ce67d-9399-588a-9ae6-b6edf290cb36","6385","Xã Hữu Lũng","xa_huu_lung","xã","1791616658326","1791616658326"
"1299900c-864b-584a-b13f-3a1de540f2b3","916ce67d-9399-588a-9ae6-b6edf290cb36","6391","Xã Yên Bình","xa_yen_binh","xã","1791616658326","1791616658326"
"313f75e0-00cf-55b7-ac6e-ea11e466c754","916ce67d-9399-588a-9ae6-b6edf290cb36","6400","Xã Hữu Liên","xa_huu_lien","xã","1791616658326","1791616658326"
"c699f00e-6ac2-5275-983e-f2e47657b3a3","916ce67d-9399-588a-9ae6-b6edf290cb36","6415","Xã Vân Nham","xa_van_nham","xã","1791616658326","1791616658326"
"c12e4db6-77cf-50cd-b3b9-7aaaa5afbf2f","916ce67d-9399-588a-9ae6-b6edf290cb36","6427","Xã Cai Kinh","xa_cai_kinh","xã","1791616658326","1791616658326"
"9d6b28a1-c5fe-5395-ba99-40864a215751","916ce67d-9399-588a-9ae6-b6edf290cb36","6436","Xã Thiện Tân","xa_thien_tan","xã","1791616658326","1791616658326"
"3ddde97b-6dd1-522b-9285-bf488e062d1a","916ce67d-9399-588a-9ae6-b6edf290cb36","6445","Xã Tân Thành","xa_tan_thanh","xã","1791616658326","1791616658326"
"e4c8032d-1dc8-577e-b64e-b7eaa91db744","916ce67d-9399-588a-9ae6-b6edf290cb36","6457","Xã Tuấn Sơn","xa_tuan_son","xã","1791616658326","1791616658326"
"2100280d-a230-5c38-83c7-b03b52cbc8a5","916ce67d-9399-588a-9ae6-b6edf290cb36","6463","Xã Chi Lăng","xa_chi_lang","xã","1791616658326","1791616658326"
"3fb9332a-9142-54b8-8918-d7b9c00f1fbf","916ce67d-9399-588a-9ae6-b6edf290cb36","6475","Xã Bằng Mạc","xa_bang_mac","xã","1791616658326","1791616658326"
"e4a7b40f-3489-5881-80eb-f1640c1cf4a4","916ce67d-9399-588a-9ae6-b6edf290cb36","6481","Xã Chiến Thắng","xa_chien_thang","xã","1791616658326","1791616658326"
"ce7ac14b-68f5-511a-bce0-301f7f90d511","916ce67d-9399-588a-9ae6-b6edf290cb36","6496","Xã Nhân Lý","xa_nhan_ly","xã","1791616658326","1791616658326"
"b137bb83-2352-5ad6-9c41-9128899c4dfc","916ce67d-9399-588a-9ae6-b6edf290cb36","6505","Xã Vạn Linh","xa_van_linh","xã","1791616658326","1791616658326"
"5e7a36c8-b107-59c6-8111-2e28237f7d06","916ce67d-9399-588a-9ae6-b6edf290cb36","6517","Xã Quan Sơn","xa_quan_son","xã","1791616658326","1791616658326"
"fdf7f983-b33a-5193-88e7-88edbdc8c643","916ce67d-9399-588a-9ae6-b6edf290cb36","6526","Xã Na Dương","xa_na_duong","xã","1791616658326","1791616658326"
"2909170d-58a4-52a9-9ce5-5e2f1324af04","916ce67d-9399-588a-9ae6-b6edf290cb36","6529","Xã Lộc Bình","xa_loc_binh","xã","1791616658326","1791616658326"
"033fb07b-0acd-53db-8e15-889e3577bd1d","916ce67d-9399-588a-9ae6-b6edf290cb36","6541","Xã Mẫu Sơn","xa_mau_son","xã","1791616658326","1791616658326"
"3c3a8afc-cbae-547c-8c35-fd5fb6eecb23","916ce67d-9399-588a-9ae6-b6edf290cb36","6565","Xã Khuất Xá","xa_khuat_xa","xã","1791616658326","1791616658326"
"b8f71c47-e78c-5870-af9b-29de90ce65d8","916ce67d-9399-588a-9ae6-b6edf290cb36","6577","Xã Thống Nhất","xa_thong_nhat","xã","1791616658326","1791616658326"
"f0914a3b-f4f8-5f8a-bcd2-2eeca425da86","916ce67d-9399-588a-9ae6-b6edf290cb36","6601","Xã Lợi Bác","xa_loi_bac","xã","1791616658326","1791616658326"
"b1e3e6fc-1bd3-5cf4-b206-a92a2c5afe33","916ce67d-9399-588a-9ae6-b6edf290cb36","6607","Xã Xuân Dương","xa_xuan_duong","xã","1791616658326","1791616658326"
"63b242ce-1a3b-5ea1-9cb9-f5c5b78f670c","916ce67d-9399-588a-9ae6-b6edf290cb36","6613","Xã Đình Lập","xa_dinh_lap","xã","1791616658326","1791616658326"
"35f05701-2211-554d-894f-ee5d56b6edf2","916ce67d-9399-588a-9ae6-b6edf290cb36","6616","Xã Thái Bình","xa_thai_binh","xã","1791616658326","1791616658326"
"c2cf995f-c01a-539c-a1d4-15ab05358900","916ce67d-9399-588a-9ae6-b6edf290cb36","6625","Xã Kiên Mộc","xa_kien_moc","xã","1791616658326","1791616658326"
"a44f12fe-faad-584a-affc-934f53dd1f18","916ce67d-9399-588a-9ae6-b6edf290cb36","6637","Xã Châu Sơn","xa_chau_son","xã","1791616658326","1791616658326"
"ae8a49c9-5bfe-5017-9cd6-7e219237da9f","ce198f30-5597-5ee3-825c-aaa09703e845","6652","Phường Hà Tu","phuong_ha_tu","phường","1791616658326","1791616658326"
"3b30b93e-7bfc-5690-8690-8fadca399181","ce198f30-5597-5ee3-825c-aaa09703e845","6658","Phường Cao Xanh","phuong_cao_xanh","phường","1791616658326","1791616658326"
"a07c896e-cf15-5d40-9069-9d2cc16740c5","ce198f30-5597-5ee3-825c-aaa09703e845","6661","Phường Việt Hưng","phuong_viet_hung","phường","1791616658326","1791616658326"
"8a8829ba-6a6c-5cfa-b963-08211df51de2","ce198f30-5597-5ee3-825c-aaa09703e845","6673","Phường Bãi Cháy","phuong_bai_chay","phường","1791616658326","1791616658326"
"7be7a0bf-ea34-528a-aa3d-0ef094ceb23e","ce198f30-5597-5ee3-825c-aaa09703e845","6676","Phường Hà Lầm","phuong_ha_lam","phường","1791616658326","1791616658326"
"96a42e99-8f09-5bae-b7db-aba82a706f65","ce198f30-5597-5ee3-825c-aaa09703e845","6685","Phường Hồng Gai","phuong_hong_gai","phường","1791616658326","1791616658326"
"9e800404-a863-5123-b299-f83443256799","ce198f30-5597-5ee3-825c-aaa09703e845","6688","Phường Hạ Long","phuong_ha_long","phường","1791616658326","1791616658326"
"350952de-d67a-593d-87f5-1c98430fc624","ce198f30-5597-5ee3-825c-aaa09703e845","6706","Phường Tuần Châu","phuong_tuan_chau","phường","1791616658326","1791616658326"
"6576fc0b-5fe0-5d01-a64c-8ed83bce7455","ce198f30-5597-5ee3-825c-aaa09703e845","6709","Phường Móng Cái 2","phuong_mong_cai_2","phường","1791616658326","1791616658326"
"58207938-39d6-54c2-80ac-b48daa5585ad","ce198f30-5597-5ee3-825c-aaa09703e845","6712","Phường Móng Cái 1","phuong_mong_cai_1","phường","1791616658326","1791616658326"
"e178ba51-cb71-5fbc-bcf6-f8171fe65872","ce198f30-5597-5ee3-825c-aaa09703e845","6724","Xã Hải Sơn","xa_hai_son","xã","1791616658326","1791616658326"
"96603270-ce47-59d9-aa86-965290532cc0","ce198f30-5597-5ee3-825c-aaa09703e845","6733","Xã Hải Ninh","xa_hai_ninh","xã","1791616658326","1791616658326"
"645c5b4a-ad4c-5014-a1fe-76d5052a9d05","ce198f30-5597-5ee3-825c-aaa09703e845","6736","Phường Móng Cái 3","phuong_mong_cai_3","phường","1791616658326","1791616658326"
"8f0a9f38-b3a2-52ef-99b2-e35cb4bf0754","ce198f30-5597-5ee3-825c-aaa09703e845","6757","Xã Vĩnh Thực","xa_vinh_thuc","xã","1791616658326","1791616658326"
"13bbe8a0-cfcb-556f-b0c6-7f7788a48426","ce198f30-5597-5ee3-825c-aaa09703e845","6760","Phường Mông Dương","phuong_mong_duong","phường","1791616658326","1791616658326"
"4926d22f-595a-538a-85ba-d0e0bf7e5c9e","ce198f30-5597-5ee3-825c-aaa09703e845","6778","Phường Quang Hanh","phuong_quang_hanh","phường","1791616658326","1791616658326"
"bdec06ad-f4ef-521f-b552-be6127504d02","ce198f30-5597-5ee3-825c-aaa09703e845","6781","Phường Cửa Ông","phuong_cua_ong","phường","1791616658326","1791616658326"
"11dd7f10-613c-53b1-a197-271cb19429f8","ce198f30-5597-5ee3-825c-aaa09703e845","6793","Phường Cẩm Phả","phuong_cam_pha","phường","1791616658326","1791616658326"
"50203793-4d49-5332-b128-8d23c5e567b4","ce198f30-5597-5ee3-825c-aaa09703e845","6799","Xã Hải Hòa","xa_hai_hoa","xã","1791616658326","1791616658326"
"e5dcdb05-c558-5e04-a7c5-b1b5f3df4945","ce198f30-5597-5ee3-825c-aaa09703e845","6811","Phường Uông Bí","phuong_uong_bi","phường","1791616658326","1791616658326"
"5651c6e4-1d7a-5d1f-9e3f-8241a441443f","ce198f30-5597-5ee3-825c-aaa09703e845","6820","Phường Vàng Danh","phuong_vang_danh","phường","1791616658326","1791616658326"
"dc16ffb9-2f97-530d-bb49-473da728b26f","ce198f30-5597-5ee3-825c-aaa09703e845","6832","Phường Yên Tử","phuong_yen_tu","phường","1791616658326","1791616658326"
"a8fc5d38-90ba-5801-9275-8bcf9f94a4b5","ce198f30-5597-5ee3-825c-aaa09703e845","6838","Xã Bình Liêu","xa_binh_lieu","xã","1791616658326","1791616658326"
"ec146abf-ded0-58f8-a0de-4865f86853ad","ce198f30-5597-5ee3-825c-aaa09703e845","6841","Xã Hoành Mô","xa_hoanh_mo","xã","1791616658326","1791616658326"
"b31f8a73-7b82-5c3c-a745-08c80d948b78","ce198f30-5597-5ee3-825c-aaa09703e845","6856","Xã Lục Hồn","xa_luc_hon","xã","1791616658326","1791616658326"
"5736c2a2-7a92-54d7-8f67-82ab91ecb5ab","ce198f30-5597-5ee3-825c-aaa09703e845","6862","Xã Tiên Yên","xa_tien_yen","xã","1791616658326","1791616658326"
"8d0590e5-20db-56d7-a937-a1854a62f715","ce198f30-5597-5ee3-825c-aaa09703e845","6874","Xã Điền Xá","xa_dien_xa","xã","1791616658326","1791616658326"
"92a42b30-4fd7-5575-839a-fba61ff79977","ce198f30-5597-5ee3-825c-aaa09703e845","6877","Xã Đông Ngũ","xa_dong_ngu","xã","1791616658326","1791616658326"
"45da77d0-759c-508f-b2b0-e358cd99e5ef","ce198f30-5597-5ee3-825c-aaa09703e845","6886","Xã Hải Lạng","xa_hai_lang","xã","1791616658326","1791616658326"
"774b3ea6-d918-5f86-9977-d71dc66f78fd","ce198f30-5597-5ee3-825c-aaa09703e845","6895","Xã Đầm Hà","xa_dam_ha","xã","1791616658326","1791616658326"
"117072f8-1b3c-5397-b693-7d812533eada","ce198f30-5597-5ee3-825c-aaa09703e845","6913","Xã Quảng Tân","xa_quang_tan","xã","1791616658326","1791616658326"
"f1633ea9-dbed-5798-8b8d-3923dac195cb","ce198f30-5597-5ee3-825c-aaa09703e845","6922","Xã Quảng Hà","xa_quang_ha","xã","1791616658326","1791616658326"
"94c5cb0c-5fe6-56ac-a753-f53a541101a3","ce198f30-5597-5ee3-825c-aaa09703e845","6931","Xã Quảng Đức","xa_quang_duc","xã","1791616658326","1791616658326"
"5f40cc82-2b1b-5fc5-9fbe-813839412680","ce198f30-5597-5ee3-825c-aaa09703e845","6946","Xã Đường Hoa","xa_duong_hoa","xã","1791616658326","1791616658326"
"b8ada688-67c4-5021-b827-0619a0a91eb7","ce198f30-5597-5ee3-825c-aaa09703e845","6967","Xã Cái Chiên","xa_cai_chien","xã","1791616658326","1791616658326"
"3d73dcb9-8cc1-5681-acac-49bc1609a0c4","ce198f30-5597-5ee3-825c-aaa09703e845","6970","Xã Ba Chẽ","xa_ba_che","xã","1791616658326","1791616658326"
"33166aeb-686b-5da1-b974-118f3e860d41","ce198f30-5597-5ee3-825c-aaa09703e845","6979","Xã Kỳ Thượng","xa_ky_thuong","xã","1791616658326","1791616658326"
"0efa86a9-d7a9-511e-8999-ce08a70f9a6f","ce198f30-5597-5ee3-825c-aaa09703e845","6985","Xã Lương Minh","xa_luong_minh","xã","1791616658326","1791616658326"
"8cb670ac-9549-56ab-8b74-0fdb60e70a1f","ce198f30-5597-5ee3-825c-aaa09703e845","6994","Đặc khu Vân Đồn","dac_khu_van_don","đặc khu","1791616658326","1791616658326"
"56feb2b5-7ea7-541e-a07c-9d131eaf4023","ce198f30-5597-5ee3-825c-aaa09703e845","7030","Phường Hoành Bồ","phuong_hoanh_bo","phường","1791616658326","1791616658326"
"bfdccabf-94e6-53c4-b45b-f6fb855cb112","ce198f30-5597-5ee3-825c-aaa09703e845","7054","Xã Quảng La","xa_quang_la","xã","1791616658326","1791616658326"
"a299355a-c6e6-5927-a543-89855dc3aab8","ce198f30-5597-5ee3-825c-aaa09703e845","7060","Xã Thống Nhất","xa_thong_nhat","xã","1791616658326","1791616658326"
"cadb47f4-2a56-5d01-bbd3-ab2ef4f1c6b7","ce198f30-5597-5ee3-825c-aaa09703e845","7069","Phường Mạo Khê","phuong_mao_khe","phường","1791616658326","1791616658326"
"8315576e-88f8-58aa-9687-f31a88c7feb4","ce198f30-5597-5ee3-825c-aaa09703e845","7081","Phường Bình Khê","phuong_binh_khe","phường","1791616658326","1791616658326"
"fbcbb000-1efb-5786-81c4-6eb2970e848d","ce198f30-5597-5ee3-825c-aaa09703e845","7090","Phường An Sinh","phuong_an_sinh","phường","1791616658326","1791616658326"
"ac129fba-2d29-5eb5-957c-b67dc67b901e","ce198f30-5597-5ee3-825c-aaa09703e845","7093","Phường Đông Triều","phuong_dong_trieu","phường","1791616658326","1791616658326"
"1148be8b-eeb5-5f97-9f6a-4f8ea011fba7","ce198f30-5597-5ee3-825c-aaa09703e845","7114","Phường Hoàng Quế","phuong_hoang_que","phường","1791616658326","1791616658326"
"63f0ca74-b76f-5a8e-a4cf-632cf54997ea","ce198f30-5597-5ee3-825c-aaa09703e845","7132","Phường Quảng Yên","phuong_quang_yen","phường","1791616658326","1791616658326"
"aaef29f3-c042-58c3-801d-79b5e59ccf81","ce198f30-5597-5ee3-825c-aaa09703e845","7135","Phường Đông Mai","phuong_dong_mai","phường","1791616658326","1791616658326"
"03fe4a47-6c76-5c6f-b764-2d2840ed9aa2","ce198f30-5597-5ee3-825c-aaa09703e845","7147","Phường Hiệp Hòa","phuong_hiep_hoa","phường","1791616658326","1791616658326"
"b8d8233d-a119-5f65-bd29-f6cf0f6a1668","ce198f30-5597-5ee3-825c-aaa09703e845","7168","Phường Hà An","phuong_ha_an","phường","1791616658326","1791616658326"
"dd91c92f-18eb-52e5-a4aa-77aa2d108172","ce198f30-5597-5ee3-825c-aaa09703e845","7180","Phường Liên Hòa","phuong_lien_hoa","phường","1791616658326","1791616658326"
"669144f3-3c71-5174-b3ad-c4a73ae3f4e8","ce198f30-5597-5ee3-825c-aaa09703e845","7183","Phường Phong Cốc","phuong_phong_coc","phường","1791616658326","1791616658326"
"8f3e2e0c-1c93-5617-b8e1-ee526ef419cb","ce198f30-5597-5ee3-825c-aaa09703e845","7192","Đặc khu Cô Tô","dac_khu_co_to","đặc khu","1791616658326","1791616658326"
"5aff30da-9ea9-5f71-99e1-ecf19d020f79","6edb6f90-4b6e-589c-982c-b9936c9ccbb4","7210","Phường Bắc Giang","phuong_bac_giang","phường","1791616658326","1791616658326"
"877e4bc1-d43d-5676-85da-881fdac82025","6edb6f90-4b6e-589c-982c-b9936c9ccbb4","7228","Phường Đa Mai","phuong_da_mai","phường","1791616658326","1791616658326"
"f32b167a-9711-5ae4-923f-e6ddcd0e0eab","6edb6f90-4b6e-589c-982c-b9936c9ccbb4","7246","Xã Xuân Lương","xa_xuan_luong","xã","1791616658326","1791616658326"
"1a170503-ea58-5a01-8751-8425fa774822","6edb6f90-4b6e-589c-982c-b9936c9ccbb4","7264","Xã Tam Tiến","xa_tam_tien","xã","1791616658326","1791616658326"
"8ae0b7f0-cd66-54ea-902b-f537c5c1e358","6edb6f90-4b6e-589c-982c-b9936c9ccbb4","7282","Xã Đồng Kỳ","xa_dong_ky","xã","1791616658326","1791616658326"
"3689ed8d-32bf-5e2c-9e62-562fb474b4ea","6edb6f90-4b6e-589c-982c-b9936c9ccbb4","7288","Xã Yên Thế","xa_yen_the","xã","1791616658326","1791616658326"
"142feced-22cd-5e81-98a3-d71ed495ffbb","6edb6f90-4b6e-589c-982c-b9936c9ccbb4","7294","Xã Bố Hạ","xa_bo_ha","xã","1791616658326","1791616658326"
"487ff145-d1e8-50df-a20c-bf798771240f","6edb6f90-4b6e-589c-982c-b9936c9ccbb4","7306","Xã Nhã Nam","xa_nha_nam","xã","1791616658326","1791616658326"
"b3ee42b3-8d42-5e10-aaba-daaea35c6a81","6edb6f90-4b6e-589c-982c-b9936c9ccbb4","7330","Xã Phúc Hòa","xa_phuc_hoa","xã","1791616658326","1791616658326"
"2915ded4-50a3-54db-a73e-8eaa040ddece","6edb6f90-4b6e-589c-982c-b9936c9ccbb4","7333","Xã Quang Trung","xa_quang_trung","xã","1791616658326","1791616658326"
"47c32392-2b0c-5c02-ad50-8c112f5db20b","6edb6f90-4b6e-589c-982c-b9936c9ccbb4","7339","Xã Tân Yên","xa_tan_yen","xã","1791616658326","1791616658326"
"38e5c220-072e-59e5-bd75-276ba408f14d","6edb6f90-4b6e-589c-982c-b9936c9ccbb4","7351","Xã Ngọc Thiện","xa_ngoc_thien","xã","1791616658326","1791616658326"
"659afb1e-4d07-5271-acc9-fd9cd960c554","6edb6f90-4b6e-589c-982c-b9936c9ccbb4","7375","Xã Lạng Giang","xa_lang_giang","xã","1791616658326","1791616658326"
"f82007e1-c91b-5c2e-930c-73e6e8c34e48","6edb6f90-4b6e-589c-982c-b9936c9ccbb4","7381","Xã Tiên Lục","xa_tien_luc","xã","1791616658326","1791616658326"
"aa9d7aca-de85-59bf-81e9-5f20561c38e1","6edb6f90-4b6e-589c-982c-b9936c9ccbb4","7399","Xã Kép","xa_kep","xã","1791616658326","1791616658326"
"c795abe3-4b70-5a94-8315-aa947b5d25da","6edb6f90-4b6e-589c-982c-b9936c9ccbb4","7420","Xã Mỹ Thái","xa_my_thai","xã","1791616658326","1791616658326"
"d2ab8f41-2ab0-5df1-b649-040abd2093f5","6edb6f90-4b6e-589c-982c-b9936c9ccbb4","7432","Xã Tân Dĩnh","xa_tan_dinh","xã","1791616658326","1791616658326"
"fcec8ae9-df26-59c8-a551-5afaa00a7007","6edb6f90-4b6e-589c-982c-b9936c9ccbb4","7444","Xã Lục Nam","xa_luc_nam","xã","1791616658326","1791616658326"
"6da48d63-19ff-5dca-9cce-f5056fdf1f45","6edb6f90-4b6e-589c-982c-b9936c9ccbb4","7450","Xã Đông Phú","xa_dong_phu","xã","1791616658326","1791616658326"
"0c42f281-29ad-5056-b6e8-5435104db6f4","6edb6f90-4b6e-589c-982c-b9936c9ccbb4","7462","Xã Bảo Đài","xa_bao_dai","xã","1791616658326","1791616658326"
"faa14e1c-cfb9-5569-a9d2-4303ed69049d","6edb6f90-4b6e-589c-982c-b9936c9ccbb4","7486","Xã Nghĩa Phương","xa_nghia_phuong","xã","1791616658326","1791616658326"
"3dbd7be8-2260-53f8-bf2b-cd4ad6431a5c","6edb6f90-4b6e-589c-982c-b9936c9ccbb4","7489","Xã Trường Sơn","xa_truong_son","xã","1791616658326","1791616658326"
"944e18c7-7e8d-5a51-9cbe-ca910e5e9bfd","6edb6f90-4b6e-589c-982c-b9936c9ccbb4","7492","Xã Lục Sơn","xa_luc_son","xã","1791616658326","1791616658326"
"8b8bb65f-e598-5a09-ae79-0dc98f12d982","6edb6f90-4b6e-589c-982c-b9936c9ccbb4","7498","Xã Bắc Lũng","xa_bac_lung","xã","1791616658326","1791616658326"
"a500e91a-0a75-5f73-bbb2-3cd794e3d89f","6edb6f90-4b6e-589c-982c-b9936c9ccbb4","7519","Xã Cẩm Lý","xa_cam_ly","xã","1791616658326","1791616658326"
"a46f34d9-966d-5684-a8f3-5fac2418a300","6edb6f90-4b6e-589c-982c-b9936c9ccbb4","7525","Phường Chũ","phuong_chu","phường","1791616658326","1791616658326"
"7e025f3e-b6c8-5cce-81db-15e18faa15c0","6edb6f90-4b6e-589c-982c-b9936c9ccbb4","7531","Xã Tân Sơn","xa_tan_son","xã","1791616658326","1791616658326"
"6c50387c-1f9a-5c3c-97a7-a0682723d7aa","6edb6f90-4b6e-589c-982c-b9936c9ccbb4","7534","Xã Sa Lý","xa_sa_ly","xã","1791616658326","1791616658326"
"bb4f6d73-4375-5a21-a594-eb2823f2f19e","6edb6f90-4b6e-589c-982c-b9936c9ccbb4","7537","Xã Biên Sơn","xa_bien_son","xã","1791616658326","1791616658326"
"1fa1baa9-7782-523d-9645-aaa5f7a8c260","6edb6f90-4b6e-589c-982c-b9936c9ccbb4","7543","Xã Sơn Hải","xa_son_hai","xã","1791616658326","1791616658326"
"dabd2ecc-8c17-54dd-a8fd-051f6ae21c0f","6edb6f90-4b6e-589c-982c-b9936c9ccbb4","7552","Xã Kiên Lao","xa_kien_lao","xã","1791616658326","1791616658326"
"64ffdac4-d767-59fe-a291-c4dad550fae9","6edb6f90-4b6e-589c-982c-b9936c9ccbb4","7573","Xã Biển Động","xa_bien_dong","xã","1791616658326","1791616658326"
"e61e1961-5c07-52ab-9f87-6543a36d93ce","6edb6f90-4b6e-589c-982c-b9936c9ccbb4","7582","Xã Lục Ngạn","xa_luc_ngan","xã","1791616658326","1791616658326"
"895957dc-6cf7-5fb9-851c-f28dbffb1206","6edb6f90-4b6e-589c-982c-b9936c9ccbb4","7594","Xã Đèo Gia","xa_deo_gia","xã","1791616658326","1791616658326"
"e528ed34-f853-59ef-84ce-fe8414562398","6edb6f90-4b6e-589c-982c-b9936c9ccbb4","7603","Xã Nam Dương","xa_nam_duong","xã","1791616658326","1791616658326"
"c552c41b-ca09-5a76-a118-412e3209d8f4","6edb6f90-4b6e-589c-982c-b9936c9ccbb4","7612","Phường Phượng Sơn","phuong_phuong_son","phường","1791616658326","1791616658326"
"ddee68f8-c07f-5765-95d8-9bb06c74f656","6edb6f90-4b6e-589c-982c-b9936c9ccbb4","7615","Xã Sơn Động","xa_son_dong","xã","1791616658326","1791616658326"
"4dd24410-1842-5bdb-96f3-43af72833c46","6edb6f90-4b6e-589c-982c-b9936c9ccbb4","7616","Xã Tây Yên Tử","xa_tay_yen_tu","xã","1791616658326","1791616658326"
"49384e80-9c9e-57bc-a63c-35827e9a1bf3","6edb6f90-4b6e-589c-982c-b9936c9ccbb4","7621","Xã Vân Sơn","xa_van_son","xã","1791616658326","1791616658326"
"5d83212d-1ae6-5de3-a051-36868ff232e3","6edb6f90-4b6e-589c-982c-b9936c9ccbb4","7627","Xã Đại Sơn","xa_dai_son","xã","1791616658326","1791616658326"
"8c68cb73-58dc-5d96-8ea5-f65352d37d18","6edb6f90-4b6e-589c-982c-b9936c9ccbb4","7642","Xã Yên Định","xa_yen_dinh","xã","1791616658326","1791616658326"
"f9f328d8-549e-5977-bc9f-dac831c86fd2","6edb6f90-4b6e-589c-982c-b9936c9ccbb4","7654","Xã An Lạc","xa_an_lac","xã","1791616658326","1791616658326"
"22dd11c2-f7e7-5de5-a13f-81ab621730a8","6edb6f90-4b6e-589c-982c-b9936c9ccbb4","7663","Xã Tuấn Đạo","xa_tuan_dao","xã","1791616658326","1791616658326"
"16373f95-fd92-5cc2-b3bb-4f721a682ac0","6edb6f90-4b6e-589c-982c-b9936c9ccbb4","7672","Xã Dương Hưu","xa_duong_huu","xã","1791616658326","1791616658326"
"e8f4a740-e8ca-5aca-980c-1368d97d9e65","6edb6f90-4b6e-589c-982c-b9936c9ccbb4","7681","Phường Yên Dũng","phuong_yen_dung","phường","1791616658326","1791616658326"
"cbe7e9b2-aa93-5656-88ca-0756d5f3f0f4","6edb6f90-4b6e-589c-982c-b9936c9ccbb4","7682","Phường Tân An","phuong_tan_an","phường","1791616658326","1791616658326"
"258c948e-df8d-58d3-860e-747b00f7a118","6edb6f90-4b6e-589c-982c-b9936c9ccbb4","7696","Phường Tiền Phong","phuong_tien_phong","phường","1791616658326","1791616658326"
"3ee91d20-70a6-5050-8490-fe2c5ba880c5","6edb6f90-4b6e-589c-982c-b9936c9ccbb4","7699","Phường Tân Tiến","phuong_tan_tien","phường","1791616658326","1791616658326"
"c0f8dca3-f832-584e-8101-9f1f4ad684e5","6edb6f90-4b6e-589c-982c-b9936c9ccbb4","7735","Xã Đồng Việt","xa_dong_viet","xã","1791616658326","1791616658326"
"3723da93-305b-5a67-b065-e7c41fd5b620","6edb6f90-4b6e-589c-982c-b9936c9ccbb4","7738","Phường Cảnh Thụy","phuong_canh_thuy","phường","1791616658326","1791616658326"
"ec5d9801-8df1-5799-b4aa-e5b26f4f6172","6edb6f90-4b6e-589c-982c-b9936c9ccbb4","7774","Phường Tự Lạn","phuong_tu_lan","phường","1791616658326","1791616658326"
"dfe39df0-6c55-5ff6-a164-0f9e5767726b","6edb6f90-4b6e-589c-982c-b9936c9ccbb4","7777","Phường Việt Yên","phuong_viet_yen","phường","1791616658326","1791616658326"
"fac47a9a-463e-5674-8a71-06a113222dcc","6edb6f90-4b6e-589c-982c-b9936c9ccbb4","7795","Phường Nếnh","phuong_nenh","phường","1791616658326","1791616658326"
"f7c8661d-548c-5b8c-8441-56c9785d920c","6edb6f90-4b6e-589c-982c-b9936c9ccbb4","7798","Phường Vân Hà","phuong_van_ha","phường","1791616658326","1791616658326"
"3fdf31b7-0ef4-5653-b9a2-97d40f22a0fe","6edb6f90-4b6e-589c-982c-b9936c9ccbb4","7822","Xã Hoàng Vân","xa_hoang_van","xã","1791616658326","1791616658326"
"61a405aa-4ace-592a-a824-98f9cf69e4b2","6edb6f90-4b6e-589c-982c-b9936c9ccbb4","7840","Xã Hiệp Hoà","xa_hiep_hoa","xã","1791616658326","1791616658326"
"da4d86cb-c051-50b6-94c5-969eaab0ac23","6edb6f90-4b6e-589c-982c-b9936c9ccbb4","7864","Xã Hợp Thịnh","xa_hop_thinh","xã","1791616658326","1791616658326"
"d8c23373-acb9-593d-9857-21ded5a3c1b9","6edb6f90-4b6e-589c-982c-b9936c9ccbb4","7870","Xã Xuân Cẩm","xa_xuan_cam","xã","1791616658326","1791616658326"
"9676acde-7a89-5774-b963-c576c7a352ec","2efd9cf4-551d-5f4d-8f81-0b2022762c90","7894","Phường Nông Trang","phuong_nong_trang","phường","1791616658326","1791616658326"
"a3e7787e-b8f5-51de-aee5-27249ed7f685","2efd9cf4-551d-5f4d-8f81-0b2022762c90","7900","Phường Việt Trì","phuong_viet_tri","phường","1791616658326","1791616658326"
"c6d72cdb-c498-5679-83d5-61df7eada5ff","2efd9cf4-551d-5f4d-8f81-0b2022762c90","7909","Phường Thanh Miếu","phuong_thanh_mieu","phường","1791616658326","1791616658326"
"1fbd8bd2-6b64-5ae0-9881-6a7101d9f942","2efd9cf4-551d-5f4d-8f81-0b2022762c90","7918","Phường Vân Phú","phuong_van_phu","phường","1791616658326","1791616658326"
"ebba6231-6472-557c-a7f1-17e1ddebc337","2efd9cf4-551d-5f4d-8f81-0b2022762c90","7942","Phường Phú Thọ","phuong_phu_tho","phường","1791616658326","1791616658326"
"f9ac3ef6-21cf-5359-b553-52c5932ff170","2efd9cf4-551d-5f4d-8f81-0b2022762c90","7948","Phường Âu Cơ","phuong_au_co","phường","1791616658326","1791616658326"
"c982f96f-db1d-5f91-af7f-bb9c5e9f0b3d","2efd9cf4-551d-5f4d-8f81-0b2022762c90","7954","Phường Phong Châu","phuong_phong_chau","phường","1791616658326","1791616658326"
"5bd3e0b3-e496-5204-a75b-8fb20e3844b2","2efd9cf4-551d-5f4d-8f81-0b2022762c90","7969","Xã Đoan Hùng","xa_doan_hung","xã","1791616658326","1791616658326"
"3331ff43-8363-5cde-8801-5e6a53f1aa1b","2efd9cf4-551d-5f4d-8f81-0b2022762c90","7996","Xã Bằng Luân","xa_bang_luan","xã","1791616658326","1791616658326"
"14ce1aa7-cd24-5cc1-9cbf-1c12518de6de","2efd9cf4-551d-5f4d-8f81-0b2022762c90","7999","Xã Chí Đám","xa_chi_dam","xã","1791616658326","1791616658326"
"7567e591-ed56-5ac6-8b52-17554241827f","2efd9cf4-551d-5f4d-8f81-0b2022762c90","8023","Xã Tây Cốc","xa_tay_coc","xã","1791616658326","1791616658326"
"900954bb-bf99-53ca-b84f-9448aac490cd","2efd9cf4-551d-5f4d-8f81-0b2022762c90","8038","Xã Chân Mộng","xa_chan_mong","xã","1791616658326","1791616658326"
"80eaf8ef-0a0e-51d2-aab2-4f187f7e9842","2efd9cf4-551d-5f4d-8f81-0b2022762c90","8053","Xã Hạ Hòa","xa_ha_hoa","xã","1791616658326","1791616658326"
"0b3c4193-faa5-5f46-ae86-e209a2bdb752","2efd9cf4-551d-5f4d-8f81-0b2022762c90","8071","Xã Đan Thượng","xa_dan_thuong","xã","1791616658326","1791616658326"
"51bebe8a-f276-5f57-997f-cec463c4cb7b","2efd9cf4-551d-5f4d-8f81-0b2022762c90","8110","Xã Hiền Lương","xa_hien_luong","xã","1791616658326","1791616658326"
"0580890f-b463-5fae-93dc-3311588c5d0f","2efd9cf4-551d-5f4d-8f81-0b2022762c90","8113","Xã Yên Kỳ","xa_yen_ky","xã","1791616658326","1791616658326"
"c89c2f4e-9d21-5488-8760-1a9970ff16f5","2efd9cf4-551d-5f4d-8f81-0b2022762c90","8134","Xã Văn Lang","xa_van_lang","xã","1791616658326","1791616658326"
"a96d4605-7a19-5af4-8a2b-c1c352c4b19f","2efd9cf4-551d-5f4d-8f81-0b2022762c90","8143","Xã Vĩnh Chân","xa_vinh_chan","xã","1791616658326","1791616658326"
"60bf0a43-b07b-51dc-b993-732afd4e63ba","2efd9cf4-551d-5f4d-8f81-0b2022762c90","8152","Xã Thanh Ba","xa_thanh_ba","xã","1791616658326","1791616658326"
"c9f6ebea-5c22-5788-93c1-dd2de5bf2d8e","2efd9cf4-551d-5f4d-8f81-0b2022762c90","8173","Xã Quảng Yên","xa_quang_yen","xã","1791616658326","1791616658326"
"84cd152a-8710-54d5-a227-13c41bb00459","2efd9cf4-551d-5f4d-8f81-0b2022762c90","8203","Xã Hoàng Cương","xa_hoang_cuong","xã","1791616658326","1791616658326"
"c60c4ce6-52c2-55d3-9011-84fdb3c19377","2efd9cf4-551d-5f4d-8f81-0b2022762c90","8209","Xã Đông Thành","xa_dong_thanh","xã","1791616658326","1791616658326"
"5e3109f4-d84c-5b33-96f5-12a75c60c880","2efd9cf4-551d-5f4d-8f81-0b2022762c90","8218","Xã Chí Tiên","xa_chi_tien","xã","1791616658326","1791616658326"
"f70b11da-95f3-5a31-adbb-9bbbbfff7a8f","2efd9cf4-551d-5f4d-8f81-0b2022762c90","8227","Xã Liên Minh","xa_lien_minh","xã","1791616658326","1791616658326"
"155193cd-9cc4-5df0-bb83-58b99c39f227","2efd9cf4-551d-5f4d-8f81-0b2022762c90","8230","Xã Phù Ninh","xa_phu_ninh","xã","1791616658326","1791616658326"
"526def1a-136f-572b-b668-53da5db1cfe2","2efd9cf4-551d-5f4d-8f81-0b2022762c90","8236","Xã Phú Mỹ","xa_phu_my","xã","1791616658326","1791616658326"
"881bd6fd-562d-52b1-9f09-1373e21ec7d2","2efd9cf4-551d-5f4d-8f81-0b2022762c90","8245","Xã Trạm Thản","xa_tram_than","xã","1791616658326","1791616658326"
"f6afa846-a728-5d39-ada6-6e3c660d164b","2efd9cf4-551d-5f4d-8f81-0b2022762c90","8254","Xã Dân Chủ","xa_dan_chu","xã","1791616658326","1791616658326"
"4d6da4b1-2542-5532-aafe-bb61db1046dc","2efd9cf4-551d-5f4d-8f81-0b2022762c90","8275","Xã Bình Phú","xa_binh_phu","xã","1791616658326","1791616658326"
"060662a9-1f10-5941-949c-6065677f8960","2efd9cf4-551d-5f4d-8f81-0b2022762c90","8290","Xã Yên Lập","xa_yen_lap","xã","1791616658326","1791616658326"
"8d726912-2b2b-5d7d-99ec-76aa78246121","2efd9cf4-551d-5f4d-8f81-0b2022762c90","8296","Xã Sơn Lương","xa_son_luong","xã","1791616658326","1791616658326"
"66ee0258-822f-5f24-8bc3-37a3f89e00b9","2efd9cf4-551d-5f4d-8f81-0b2022762c90","8305","Xã Xuân Viên","xa_xuan_vien","xã","1791616658326","1791616658326"
"e2842297-fc23-561c-8bf4-08347ee768a5","2efd9cf4-551d-5f4d-8f81-0b2022762c90","8311","Xã Trung Sơn","xa_trung_son","xã","1791616658326","1791616658326"
"924f280e-7999-5086-9176-a8876362cc86","2efd9cf4-551d-5f4d-8f81-0b2022762c90","8323","Xã Thượng Long","xa_thuong_long","xã","1791616658326","1791616658326"
"6c7cd008-b8c2-5393-80c5-e6c5c3073ca4","2efd9cf4-551d-5f4d-8f81-0b2022762c90","8338","Xã Minh Hòa","xa_minh_hoa","xã","1791616658326","1791616658326"
"cd3933b6-db11-5749-a24d-074b1a6911a1","2efd9cf4-551d-5f4d-8f81-0b2022762c90","8341","Xã Cẩm Khê","xa_cam_khe","xã","1791616658326","1791616658326"
"e70eb0d0-bb65-5602-afcf-63de0a53a96a","2efd9cf4-551d-5f4d-8f81-0b2022762c90","8344","Xã Tiên Lương","xa_tien_luong","xã","1791616658326","1791616658326"
"2c9e5001-c250-5d0d-a244-e195d93d47e9","2efd9cf4-551d-5f4d-8f81-0b2022762c90","8377","Xã Vân Bán","xa_van_ban","xã","1791616658326","1791616658326"
"d08499b6-8700-5b26-9ed7-0cc49605dd36","2efd9cf4-551d-5f4d-8f81-0b2022762c90","8398","Xã Phú Khê","xa_phu_khe","xã","1791616658326","1791616658326"
"e84e6492-7515-5e3e-b91c-e158d18e90bd","2efd9cf4-551d-5f4d-8f81-0b2022762c90","8416","Xã Hùng Việt","xa_hung_viet","xã","1791616658326","1791616658326"
"570e6744-763b-56f4-8b9a-e2857b2a60c0","2efd9cf4-551d-5f4d-8f81-0b2022762c90","8431","Xã Đồng Lương","xa_dong_luong","xã","1791616658326","1791616658326"
"bace834a-13e5-59dd-a40a-283f44d5772f","2efd9cf4-551d-5f4d-8f81-0b2022762c90","8434","Xã Tam Nông","xa_tam_nong","xã","1791616658326","1791616658326"
"ecdfcfff-523e-56ce-8bd6-414ba5286900","2efd9cf4-551d-5f4d-8f81-0b2022762c90","8443","Xã Hiền Quan","xa_hien_quan","xã","1791616658326","1791616658326"
"474ccbbd-7441-5510-a007-9387c48f33bd","2efd9cf4-551d-5f4d-8f81-0b2022762c90","8467","Xã Vạn Xuân","xa_van_xuan","xã","1791616658326","1791616658326"
"81dfe066-0b86-5e55-bbde-41817dbac2b1","2efd9cf4-551d-5f4d-8f81-0b2022762c90","8479","Xã Thọ Văn","xa_tho_van","xã","1791616658326","1791616658326"
"010c889b-4980-5988-b222-fd1c0dab3589","2efd9cf4-551d-5f4d-8f81-0b2022762c90","8494","Xã Lâm Thao","xa_lam_thao","xã","1791616658326","1791616658326"
"7a72d2d3-1878-5eb9-b3b3-5cb8772c6c70","2efd9cf4-551d-5f4d-8f81-0b2022762c90","8500","Xã Xuân Lũng","xa_xuan_lung","xã","1791616658326","1791616658326"
"9d6cfa4e-63ec-58fc-b1b4-4924e66fa258","2efd9cf4-551d-5f4d-8f81-0b2022762c90","8515","Xã Hy Cương","xa_hy_cuong","xã","1791616658326","1791616658326"
"ba427104-5f80-57df-bf1d-9fe6a89a8c1a","2efd9cf4-551d-5f4d-8f81-0b2022762c90","8521","Xã Phùng Nguyên","xa_phung_nguyen","xã","1791616658326","1791616658326"
"60675d76-3319-5411-a4e6-467abbe1f43c","2efd9cf4-551d-5f4d-8f81-0b2022762c90","8527","Xã Bản Nguyên","xa_ban_nguyen","xã","1791616658326","1791616658326"
"57147e34-7211-57f9-afb0-92afcfdd001f","2efd9cf4-551d-5f4d-8f81-0b2022762c90","8542","Xã Thanh Sơn","xa_thanh_son","xã","1791616658326","1791616658326"
"577e441e-cc8c-5837-8c9b-19edf5ed6800","2efd9cf4-551d-5f4d-8f81-0b2022762c90","8545","Xã Thu Cúc","xa_thu_cuc","xã","1791616658326","1791616658326"
"ef827c49-57fc-5f8a-aeb6-d3dfdeddab27","2efd9cf4-551d-5f4d-8f81-0b2022762c90","8560","Xã Lai Đồng","xa_lai_dong","xã","1791616658326","1791616658326"
"6edaf96a-4f56-5b72-a823-43e3e6b50aac","2efd9cf4-551d-5f4d-8f81-0b2022762c90","8566","Xã Tân Sơn","xa_tan_son","xã","1791616658326","1791616658326"
"f913654c-f5b9-5e70-b126-d3fa03f60d74","2efd9cf4-551d-5f4d-8f81-0b2022762c90","8584","Xã Võ Miếu","xa_vo_mieu","xã","1791616658326","1791616658326"
"4b23d939-e19c-5504-839c-878b4cf3fa59","2efd9cf4-551d-5f4d-8f81-0b2022762c90","8590","Xã Xuân Đài","xa_xuan_dai","xã","1791616658326","1791616658326"
"3e2e068a-7d16-56ba-8a5d-1a06c5e38f0d","2efd9cf4-551d-5f4d-8f81-0b2022762c90","8593","Xã Minh Đài","xa_minh_dai","xã","1791616658326","1791616658326"
"5dfc9739-2cce-5a07-8c60-c019c5b2b473","2efd9cf4-551d-5f4d-8f81-0b2022762c90","8611","Xã Văn Miếu","xa_van_mieu","xã","1791616658326","1791616658326"
"48b132b9-873a-5f19-8bf0-915501ef658f","2efd9cf4-551d-5f4d-8f81-0b2022762c90","8614","Xã Cự Đồng","xa_cu_dong","xã","1791616658326","1791616658326"
"2aaad52a-5dc0-583e-bd40-7d84c9926a91","2efd9cf4-551d-5f4d-8f81-0b2022762c90","8620","Xã Long Cốc","xa_long_coc","xã","1791616658326","1791616658326"
"6d508c8b-db16-5392-ae49-00a90e677b0f","2efd9cf4-551d-5f4d-8f81-0b2022762c90","8632","Xã Hương Cần","xa_huong_can","xã","1791616658326","1791616658326"
"c8f7704e-fbb1-5d35-9fe9-f555005abd75","2efd9cf4-551d-5f4d-8f81-0b2022762c90","8635","Xã Khả Cửu","xa_kha_cuu","xã","1791616658326","1791616658326"
"c8b6e9e7-c1d7-51d3-8d30-b0a4dd1796af","2efd9cf4-551d-5f4d-8f81-0b2022762c90","8656","Xã Yên Sơn","xa_yen_son","xã","1791616658326","1791616658326"
"90f9eba0-23ba-57bd-87b2-12c7871319f2","2efd9cf4-551d-5f4d-8f81-0b2022762c90","8662","Xã Đào Xá","xa_dao_xa","xã","1791616658326","1791616658326"
"11d2fd4c-0b88-5005-b8ac-8a7fe35dd62b","2efd9cf4-551d-5f4d-8f81-0b2022762c90","8674","Xã Thanh Thủy","xa_thanh_thuy","xã","1791616658326","1791616658326"
"11d53a97-e2a4-56d3-af2f-c5b95a6caa83","2efd9cf4-551d-5f4d-8f81-0b2022762c90","8686","Xã Tu Vũ","xa_tu_vu","xã","1791616658326","1791616658326"
"f0932d38-a1e0-59ad-8ef4-45a3aa326439","2efd9cf4-551d-5f4d-8f81-0b2022762c90","8707","Phường Vĩnh Yên","phuong_vinh_yen","phường","1791616658326","1791616658326"
"ad2159f2-a9a2-556b-8e16-55fc6b5b60ff","2efd9cf4-551d-5f4d-8f81-0b2022762c90","8716","Phường Vĩnh Phúc","phuong_vinh_phuc","phường","1791616658326","1791616658326"
"25aa7ff0-3e00-5f5d-8701-2c6fca8b6e5c","2efd9cf4-551d-5f4d-8f81-0b2022762c90","8740","Phường Phúc Yên","phuong_phuc_yen","phường","1791616658326","1791616658326"
"8e03a0cf-01ca-573b-be2c-08607963011d","2efd9cf4-551d-5f4d-8f81-0b2022762c90","8746","Phường Xuân Hòa","phuong_xuan_hoa","phường","1791616658326","1791616658326"
"5dbce9fb-f0b3-5097-9203-defdad6b0bbe","2efd9cf4-551d-5f4d-8f81-0b2022762c90","8761","Xã Lập Thạch","xa_lap_thach","xã","1791616658326","1791616658326"
"471229cd-409a-5cb2-bef8-b2853a1b7a8a","2efd9cf4-551d-5f4d-8f81-0b2022762c90","8770","Xã Hợp Lý","xa_hop_ly","xã","1791616658326","1791616658326"
"621ec093-603a-5afa-b2db-87051ba6d163","2efd9cf4-551d-5f4d-8f81-0b2022762c90","8773","Xã Yên Lãng","xa_yen_lang","xã","1791616658326","1791616658326"
"e36b9753-0d28-52f6-91fb-59c61b46de1a","2efd9cf4-551d-5f4d-8f81-0b2022762c90","8782","Xã Hải Lựu","xa_hai_luu","xã","1791616658326","1791616658326"
"d5a696a5-5718-5eee-b5a0-bb5328ebd0ad","2efd9cf4-551d-5f4d-8f81-0b2022762c90","8788","Xã Thái Hòa","xa_thai_hoa","xã","1791616658326","1791616658326"
"2f3e834c-5ef7-5d37-926f-798577afbae8","2efd9cf4-551d-5f4d-8f81-0b2022762c90","8812","Xã Liên Hòa","xa_lien_hoa","xã","1791616658326","1791616658326"
"2fae326d-4cea-5043-ad51-c1c2296a7821","2efd9cf4-551d-5f4d-8f81-0b2022762c90","8824","Xã Tam Sơn","xa_tam_son","xã","1791616658326","1791616658326"
"1dc6796a-5416-5363-a4aa-c27042e97c09","2efd9cf4-551d-5f4d-8f81-0b2022762c90","8842","Xã Tiên Lữ","xa_tien_lu","xã","1791616658326","1791616658326"
"0b28ece2-e378-5eb5-90e3-68214260589d","2efd9cf4-551d-5f4d-8f81-0b2022762c90","8848","Xã Sông Lô","xa_song_lo","xã","1791616658326","1791616658326"
"ef970a51-fa3f-5ba0-b2de-7e24c274f20a","2efd9cf4-551d-5f4d-8f81-0b2022762c90","8866","Xã Sơn Đông","xa_son_dong","xã","1791616658326","1791616658326"
"dd4c0214-3a0d-573c-bb43-0f0fa0f901d8","2efd9cf4-551d-5f4d-8f81-0b2022762c90","8869","Xã Tam Dương","xa_tam_duong","xã","1791616658326","1791616658326"
"c021c8bc-254a-5e21-aa46-0be390ce6bb6","2efd9cf4-551d-5f4d-8f81-0b2022762c90","8872","Xã Tam Dương Bắc","xa_tam_duong_bac","xã","1791616658326","1791616658326"
"3f909e47-e3f5-5527-bf24-56228d3c3e6e","2efd9cf4-551d-5f4d-8f81-0b2022762c90","8896","Xã Hoàng An","xa_hoang_an","xã","1791616658326","1791616658326"
"91819819-b30c-5934-a0f4-30fc29e08664","2efd9cf4-551d-5f4d-8f81-0b2022762c90","8905","Xã Hội Thịnh","xa_hoi_thinh","xã","1791616658326","1791616658326"
"9331f740-c52f-5336-969c-9bdff3ac3c08","2efd9cf4-551d-5f4d-8f81-0b2022762c90","8911","Xã Tam Đảo","xa_tam_dao","xã","1791616658326","1791616658326"
"195faf44-b893-5e19-9800-6263140bd60c","2efd9cf4-551d-5f4d-8f81-0b2022762c90","8914","Xã Đạo Trù","xa_dao_tru","xã","1791616658326","1791616658326"
"351e32af-d994-5f78-8168-95f467245495","2efd9cf4-551d-5f4d-8f81-0b2022762c90","8923","Xã Đại Đình","xa_dai_dinh","xã","1791616658326","1791616658326"
"13504881-7a86-5adb-9142-bcfe59e5c5dc","2efd9cf4-551d-5f4d-8f81-0b2022762c90","8935","Xã Bình Nguyên","xa_binh_nguyen","xã","1791616658326","1791616658326"
"dd5ca7a9-a9d0-5288-a7b8-9f0b1c88d3de","2efd9cf4-551d-5f4d-8f81-0b2022762c90","8944","Xã Bình Tuyền","xa_binh_tuyen","xã","1791616658326","1791616658326"
"9cd40210-d432-59a2-ac55-dcd26030df0f","2efd9cf4-551d-5f4d-8f81-0b2022762c90","8950","Xã Bình Xuyên","xa_binh_xuyen","xã","1791616658326","1791616658326"
"eef1c518-8d1d-56db-87c9-5ac616a536ca","2efd9cf4-551d-5f4d-8f81-0b2022762c90","8971","Xã Xuân Lãng","xa_xuan_lang","xã","1791616658326","1791616658326"
"d530fb93-32b5-510c-8665-a78c9e77a01d","c898a2a2-1fb3-536d-b9e4-f2b312ad64bd","8974","Xã Quang Minh","xa_quang_minh","xã","1791616658326","1791616658326"
"b53ffedb-1b8c-5806-9609-3bd5de89857b","c898a2a2-1fb3-536d-b9e4-f2b312ad64bd","8980","Xã Yên Lãng","xa_yen_lang","xã","1791616658326","1791616658326"
"d7797c21-f955-5732-a54e-2dafeae8fc09","c898a2a2-1fb3-536d-b9e4-f2b312ad64bd","8995","Xã Tiến Thắng","xa_tien_thang","xã","1791616658326","1791616658326"
"82cb436f-acf8-5e65-b294-4936e49e3dfa","c898a2a2-1fb3-536d-b9e4-f2b312ad64bd","9022","Xã Mê Linh","xa_me_linh","xã","1791616658326","1791616658326"
"8ff75702-7d5b-5b86-a53f-63dad2f41237","2efd9cf4-551d-5f4d-8f81-0b2022762c90","9025","Xã Yên Lạc","xa_yen_lac","xã","1791616658326","1791616658326"
"41914889-ace6-57b7-9051-6806ee664f04","2efd9cf4-551d-5f4d-8f81-0b2022762c90","9040","Xã Tề Lỗ","xa_te_lo","xã","1791616658326","1791616658326"
"2b7bf018-29dd-5759-9406-9b52ceaf8f37","2efd9cf4-551d-5f4d-8f81-0b2022762c90","9043","Xã Tam Hồng","xa_tam_hong","xã","1791616658326","1791616658326"
"9f565400-c2aa-5f01-96a7-dcb252acc5b2","2efd9cf4-551d-5f4d-8f81-0b2022762c90","9052","Xã Nguyệt Đức","xa_nguyet_duc","xã","1791616658326","1791616658326"
"82d1751b-f7fe-54fa-8e78-51639af9c743","2efd9cf4-551d-5f4d-8f81-0b2022762c90","9064","Xã Liên Châu","xa_lien_chau","xã","1791616658326","1791616658326"
"71687bca-93c3-5f1d-ba86-7ace27ae5624","2efd9cf4-551d-5f4d-8f81-0b2022762c90","9076","Xã Vĩnh Tường","xa_vinh_tuong","xã","1791616658326","1791616658326"
"de1a89b6-9eb9-56c0-8358-2acda9d2618c","2efd9cf4-551d-5f4d-8f81-0b2022762c90","9079","Xã Vĩnh An","xa_vinh_an","xã","1791616658326","1791616658326"
"125e6efc-b539-5b97-977b-b3696bc6b7a6","2efd9cf4-551d-5f4d-8f81-0b2022762c90","9100","Xã Vĩnh Hưng","xa_vinh_hung","xã","1791616658326","1791616658326"
"2c677c45-bda9-5cfe-890c-e831d8581bfb","2efd9cf4-551d-5f4d-8f81-0b2022762c90","9106","Xã Vĩnh Thành","xa_vinh_thanh","xã","1791616658326","1791616658326"
"13860b8f-047a-58e5-a85d-1ee30ad5339e","2efd9cf4-551d-5f4d-8f81-0b2022762c90","9112","Xã Thổ Tang","xa_tho_tang","xã","1791616658326","1791616658326"
"be2c4123-0eeb-5c31-a422-e9097ec76612","2efd9cf4-551d-5f4d-8f81-0b2022762c90","9154","Xã Vĩnh Phú","xa_vinh_phu","xã","1791616658326","1791616658326"
"d11d67c9-a016-529b-a6b6-8e1ddf5b6396","6edb6f90-4b6e-589c-982c-b9936c9ccbb4","9169","Phường Vũ Ninh","phuong_vu_ninh","phường","1791616658326","1791616658326"
"cf3b7f66-6b6e-560c-bd73-f5cc4455adb1","6edb6f90-4b6e-589c-982c-b9936c9ccbb4","9187","Phường Kinh Bắc","phuong_kinh_bac","phường","1791616658326","1791616658326"
"2690effe-f7ae-538b-8349-9ac959171181","6edb6f90-4b6e-589c-982c-b9936c9ccbb4","9190","Phường Võ Cường","phuong_vo_cuong","phường","1791616658326","1791616658326"
"3add5674-f073-5800-99cf-0a2b30d488d8","6edb6f90-4b6e-589c-982c-b9936c9ccbb4","9193","Xã Yên Phong","xa_yen_phong","xã","1791616658326","1791616658326"
"260224f6-83e5-50e8-b379-195455084cea","6edb6f90-4b6e-589c-982c-b9936c9ccbb4","9202","Xã Tam Giang","xa_tam_giang","xã","1791616658326","1791616658326"
"f35939d4-87cd-5f1b-acb2-421333111f39","6edb6f90-4b6e-589c-982c-b9936c9ccbb4","9205","Xã Yên Trung","xa_yen_trung","xã","1791616658326","1791616658326"
"2fdf29d6-74eb-54cd-8d98-8aa41a38bbca","6edb6f90-4b6e-589c-982c-b9936c9ccbb4","9208","Xã Tam Đa","xa_tam_da","xã","1791616658326","1791616658326"
"9ae6ab3b-25d5-5c54-8b84-553303b9eda9","6edb6f90-4b6e-589c-982c-b9936c9ccbb4","9238","Xã Văn Môn","xa_van_mon","xã","1791616658326","1791616658326"
"9e34606f-4593-5305-924d-548ee7951f1d","6edb6f90-4b6e-589c-982c-b9936c9ccbb4","9247","Phường Quế Võ","phuong_que_vo","phường","1791616658326","1791616658326"
"057289ac-f876-5289-b8e0-b5c27f300c9b","6edb6f90-4b6e-589c-982c-b9936c9ccbb4","9253","Phường Nhân Hòa","phuong_nhan_hoa","phường","1791616658326","1791616658326"
"dd5c3483-456e-5814-b459-5d92ea58a7a4","6edb6f90-4b6e-589c-982c-b9936c9ccbb4","9265","Phường Phương Liễu","phuong_phuong_lieu","phường","1791616658326","1791616658326"
"4729025d-e522-5f02-84ab-f59786a02603","6edb6f90-4b6e-589c-982c-b9936c9ccbb4","9286","Phường Nam Sơn","phuong_nam_son","phường","1791616658326","1791616658326"
"834bac3c-84e2-5e78-87fb-6c7c6b3231ec","6edb6f90-4b6e-589c-982c-b9936c9ccbb4","9292","Xã Phù Lãng","xa_phu_lang","xã","1791616658326","1791616658326"
"c40a5b2f-2578-59bd-8a92-d2efe2e6bec6","6edb6f90-4b6e-589c-982c-b9936c9ccbb4","9295","Phường Bồng Lai","phuong_bong_lai","phường","1791616658326","1791616658326"
"f571a84e-755b-5175-8845-4ddd2f0e3841","6edb6f90-4b6e-589c-982c-b9936c9ccbb4","9301","Phường Đào Viên","phuong_dao_vien","phường","1791616658326","1791616658326"
"7d5b36aa-8673-5a87-a6dd-ef95da22ab53","6edb6f90-4b6e-589c-982c-b9936c9ccbb4","9313","Xã Chi Lăng","xa_chi_lang","xã","1791616658326","1791616658326"
"1c889e68-daa4-5621-9421-5518864d940d","6edb6f90-4b6e-589c-982c-b9936c9ccbb4","9319","Xã Tiên Du","xa_tien_du","xã","1791616658326","1791616658326"
"432ebef2-0de9-5091-a231-6b7664509d54","6edb6f90-4b6e-589c-982c-b9936c9ccbb4","9325","Phường Hạp Lĩnh","phuong_hap_linh","phường","1791616658326","1791616658326"
"e40bca35-cfc7-5e76-aa91-bb6b218d54dc","6edb6f90-4b6e-589c-982c-b9936c9ccbb4","9334","Xã Liên Bão","xa_lien_bao","xã","1791616658326","1791616658326"
"d652f182-be65-518a-b2d5-7327c39b2714","6edb6f90-4b6e-589c-982c-b9936c9ccbb4","9340","Xã Đại Đồng","xa_dai_dong","xã","1791616658326","1791616658326"
"86b80260-260d-5305-83e1-be045606470f","6edb6f90-4b6e-589c-982c-b9936c9ccbb4","9343","Xã Tân Chi","xa_tan_chi","xã","1791616658326","1791616658326"
"6419e51c-aef8-5661-9724-085800bf725d","6edb6f90-4b6e-589c-982c-b9936c9ccbb4","9349","Xã Phật Tích","xa_phat_tich","xã","1791616658326","1791616658326"
"267c7c9c-5a3f-5b47-899e-9f11a0340043","6edb6f90-4b6e-589c-982c-b9936c9ccbb4","9367","Phường Từ Sơn","phuong_tu_son","phường","1791616658326","1791616658326"
"2529c0e4-b031-53ad-bfda-4426f9461a29","6edb6f90-4b6e-589c-982c-b9936c9ccbb4","9370","Phường Tam Sơn","phuong_tam_son","phường","1791616658326","1791616658326"
"947cc738-92b7-573f-8ddc-be6182053ac3","6edb6f90-4b6e-589c-982c-b9936c9ccbb4","9379","Phường Phù Khê","phuong_phu_khe","phường","1791616658326","1791616658326"
"8cca0935-6ad7-5cd3-beaf-fd89b5e491f4","6edb6f90-4b6e-589c-982c-b9936c9ccbb4","9385","Phường Đồng Nguyên","phuong_dong_nguyen","phường","1791616658326","1791616658326"
"007c9f79-859b-5bf2-8fde-1dbd62dad96c","6edb6f90-4b6e-589c-982c-b9936c9ccbb4","9400","Phường Thuận Thành","phuong_thuan_thanh","phường","1791616658326","1791616658326"
"4716c062-b6c0-57be-bed3-1f1b5e540aeb","6edb6f90-4b6e-589c-982c-b9936c9ccbb4","9409","Phường Mão Điền","phuong_mao_dien","phường","1791616658326","1791616658326"
"00bcee8a-74b0-5027-9139-30ca791189ca","6edb6f90-4b6e-589c-982c-b9936c9ccbb4","9427","Phường Trí Quả","phuong_tri_qua","phường","1791616658326","1791616658326"
"30dbbdba-3a87-5928-b552-a3b10ad91dfa","6edb6f90-4b6e-589c-982c-b9936c9ccbb4","9430","Phường Trạm Lộ","phuong_tram_lo","phường","1791616658326","1791616658326"
"152fdc5a-c908-56e8-8514-7119fddceab1","6edb6f90-4b6e-589c-982c-b9936c9ccbb4","9433","Phường Song Liễu","phuong_song_lieu","phường","1791616658326","1791616658326"
"8a51637d-52f6-5f8c-aa84-1c9d756c0f40","6edb6f90-4b6e-589c-982c-b9936c9ccbb4","9445","Phường Ninh Xá","phuong_ninh_xa","phường","1791616658326","1791616658326"
"2a7ffeaf-0151-504e-8dbf-2e5e956fe8f8","6edb6f90-4b6e-589c-982c-b9936c9ccbb4","9454","Xã Gia Bình","xa_gia_binh","xã","1791616658326","1791616658326"
"dc3a56b0-9303-5f00-ade6-19a7d48b14b6","6edb6f90-4b6e-589c-982c-b9936c9ccbb4","9466","Xã Cao Đức","xa_cao_duc","xã","1791616658326","1791616658326"
"8e098803-43bc-5d62-bd44-ac7dbc62c46c","6edb6f90-4b6e-589c-982c-b9936c9ccbb4","9469","Xã Đại Lai","xa_dai_lai","xã","1791616658326","1791616658326"
"f3822334-da59-5e4d-8867-fa955740c76b","6edb6f90-4b6e-589c-982c-b9936c9ccbb4","9475","Xã Nhân Thắng","xa_nhan_thang","xã","1791616658326","1791616658326"
"6436575f-84c6-5771-92d7-10443032adc6","6edb6f90-4b6e-589c-982c-b9936c9ccbb4","9487","Xã Đông Cứu","xa_dong_cuu","xã","1791616658326","1791616658326"
"2e32ec5d-9de9-5ce8-bb36-a8c98268f532","6edb6f90-4b6e-589c-982c-b9936c9ccbb4","9496","Xã Lương Tài","xa_luong_tai","xã","1791616658326","1791616658326"
"6b93bc51-08b9-5bbe-bbae-8457bee4ad16","6edb6f90-4b6e-589c-982c-b9936c9ccbb4","9499","Xã Trung Kênh","xa_trung_kenh","xã","1791616658326","1791616658326"
"439fe6d4-0f9d-5257-b34b-d26d4ed25360","6edb6f90-4b6e-589c-982c-b9936c9ccbb4","9523","Xã Trung Chính","xa_trung_chinh","xã","1791616658326","1791616658326"
"3aa83b4a-df87-5dbc-b393-b9dcdddc3a54","6edb6f90-4b6e-589c-982c-b9936c9ccbb4","9529","Xã Lâm Thao","xa_lam_thao","xã","1791616658326","1791616658326"
"cba23bcb-c1dc-51ce-b983-ca82b5dad1da","c898a2a2-1fb3-536d-b9e4-f2b312ad64bd","9552","Phường Kiến Hưng","phuong_kien_hung","phường","1791616658326","1791616658326"
"752fe63c-130f-5039-ad01-13a612d9d4f7","c898a2a2-1fb3-536d-b9e4-f2b312ad64bd","9556","Phường Hà Đông","phuong_ha_dong","phường","1791616658326","1791616658326"
"22a4dc64-0a6b-5c2a-a242-301fe159996b","c898a2a2-1fb3-536d-b9e4-f2b312ad64bd","9562","Phường Yên Nghĩa","phuong_yen_nghia","phường","1791616658326","1791616658326"
"8640b082-41d3-5049-9d19-83eb20eb938f","c898a2a2-1fb3-536d-b9e4-f2b312ad64bd","9568","Phường Phú Lương","phuong_phu_luong","phường","1791616658326","1791616658326"
"01da16a7-cac4-511d-a295-4295894579cb","c898a2a2-1fb3-536d-b9e4-f2b312ad64bd","9574","Phường Sơn Tây","phuong_son_tay","phường","1791616658326","1791616658326"
"5beb6017-56bf-5ca5-9c00-8178457578ad","c898a2a2-1fb3-536d-b9e4-f2b312ad64bd","9604","Phường Tùng Thiện","phuong_tung_thien","phường","1791616658326","1791616658326"
"d4191d70-3cb3-5d6b-af0a-9cc2d175516b","c898a2a2-1fb3-536d-b9e4-f2b312ad64bd","9616","Xã Đoài Phương","xa_doai_phuong","xã","1791616658326","1791616658326"
"26227f44-cb54-5d68-bd1f-d272df36c10d","c898a2a2-1fb3-536d-b9e4-f2b312ad64bd","9619","Xã Quảng Oai","xa_quang_oai","xã","1791616658326","1791616658326"
"371534ed-f759-5a0e-89a8-90b1d7874bbb","c898a2a2-1fb3-536d-b9e4-f2b312ad64bd","9634","Xã Cổ Đô","xa_co_do","xã","1791616658326","1791616658326"
"c198adf5-e210-5d72-9615-bec496488b73","c898a2a2-1fb3-536d-b9e4-f2b312ad64bd","9661","Xã Minh Châu","xa_minh_chau","xã","1791616658326","1791616658326"
"394ccdea-bd8a-58d0-b7b3-0febeb859e44","c898a2a2-1fb3-536d-b9e4-f2b312ad64bd","9664","Xã Vật Lại","xa_vat_lai","xã","1791616658326","1791616658326"
"6254ff32-29a6-5906-a7e5-fc08a21d2280","c898a2a2-1fb3-536d-b9e4-f2b312ad64bd","9676","Xã Bất Bạt","xa_bat_bat","xã","1791616658326","1791616658326"
"76f8cdb4-90ed-598d-8dc8-8aee25990019","c898a2a2-1fb3-536d-b9e4-f2b312ad64bd","9694","Xã Suối Hai","xa_suoi_hai","xã","1791616658326","1791616658326"
"e8807e0c-6371-5504-b19d-2559da4c594f","c898a2a2-1fb3-536d-b9e4-f2b312ad64bd","9700","Xã Ba Vì","xa_ba_vi","xã","1791616658326","1791616658326"
"cdb78fc0-b59a-5abe-9cc8-e0707edfb93e","c898a2a2-1fb3-536d-b9e4-f2b312ad64bd","9706","Xã Yên Bài","xa_yen_bai","xã","1791616658326","1791616658326"
"1d8896c2-785d-54b4-bc8f-317b0eb369bb","c898a2a2-1fb3-536d-b9e4-f2b312ad64bd","9715","Xã Phúc Thọ","xa_phuc_tho","xã","1791616658326","1791616658326"
"524e8146-e735-54e8-a1f1-0a042a4a02d8","c898a2a2-1fb3-536d-b9e4-f2b312ad64bd","9739","Xã Phúc Lộc","xa_phuc_loc","xã","1791616658326","1791616658326"
"cf0f40dc-076c-58ae-b273-0d149288190e","c898a2a2-1fb3-536d-b9e4-f2b312ad64bd","9772","Xã Hát Môn","xa_hat_mon","xã","1791616658326","1791616658326"
"9cdde54d-45dc-59ce-9d23-c328a9104525","c898a2a2-1fb3-536d-b9e4-f2b312ad64bd","9784","Xã Đan Phượng","xa_dan_phuong","xã","1791616658326","1791616658326"
"471eb2c4-19f7-55c7-b5f0-e43ae13b30b6","c898a2a2-1fb3-536d-b9e4-f2b312ad64bd","9787","Xã Liên Minh","xa_lien_minh","xã","1791616658326","1791616658326"
"ff31317e-9220-5e70-badd-1c4db64d942a","c898a2a2-1fb3-536d-b9e4-f2b312ad64bd","9817","Xã Ô Diên","xa_o_dien","xã","1791616658326","1791616658326"
"e050f639-a26c-5cc7-8110-5ba796e185ec","c898a2a2-1fb3-536d-b9e4-f2b312ad64bd","9832","Xã Hoài Đức","xa_hoai_duc","xã","1791616658326","1791616658326"
"9a6df66a-33c5-5b18-b8f5-dc731b5b9b36","c898a2a2-1fb3-536d-b9e4-f2b312ad64bd","9856","Xã Dương Hòa","xa_duong_hoa","xã","1791616658326","1791616658326"
"99045420-811d-58fc-b181-f08e8f4862d5","c898a2a2-1fb3-536d-b9e4-f2b312ad64bd","9871","Xã Sơn Đồng","xa_son_dong","xã","1791616658326","1791616658326"
"f777a577-2758-5d4e-970d-c176d393d9e7","c898a2a2-1fb3-536d-b9e4-f2b312ad64bd","9877","Xã An Khánh","xa_an_khanh","xã","1791616658326","1791616658326"
"c0b1194d-afe7-5bf5-a8fe-30b637679c8e","c898a2a2-1fb3-536d-b9e4-f2b312ad64bd","9886","Phường Dương Nội","phuong_duong_noi","phường","1791616658326","1791616658326"
"7ef2089e-c28a-5a7c-8295-fa0a06714d48","c898a2a2-1fb3-536d-b9e4-f2b312ad64bd","9895","Xã Quốc Oai","xa_quoc_oai","xã","1791616658326","1791616658326"
"8927464e-8f1c-59b7-9ec5-45edb8411957","c898a2a2-1fb3-536d-b9e4-f2b312ad64bd","9910","Xã Kiều Phú","xa_kieu_phu","xã","1791616658326","1791616658326"
"0ac1f043-303d-57ce-8456-c40ded87bf05","c898a2a2-1fb3-536d-b9e4-f2b312ad64bd","9931","Xã Hưng Đạo","xa_hung_dao","xã","1791616658326","1791616658326"
"4d0942a4-3696-5000-babe-2f770d7e3d8e","c898a2a2-1fb3-536d-b9e4-f2b312ad64bd","9952","Xã Phú Cát","xa_phu_cat","xã","1791616658326","1791616658326"
"a762e326-5f6a-5680-8350-5526dc89975b","c898a2a2-1fb3-536d-b9e4-f2b312ad64bd","9955","Xã Thạch Thất","xa_thach_that","xã","1791616658326","1791616658326"
"fefceea6-507a-5e2b-aa97-952007d24beb","c898a2a2-1fb3-536d-b9e4-f2b312ad64bd","9982","Xã Hạ Bằng","xa_ha_bang","xã","1791616658326","1791616658326"
"ebf8ed31-84fb-50cb-8784-b0c82510c3a0","c898a2a2-1fb3-536d-b9e4-f2b312ad64bd","9988","Xã Hòa Lạc","xa_hoa_lac","xã","1791616658326","1791616658326"
"3a167af0-1ae0-58cf-a808-f609357bc17b","c898a2a2-1fb3-536d-b9e4-f2b312ad64bd","10003","Xã Tây Phương","xa_tay_phuong","xã","1791616658326","1791616658326"
"1839520d-94c7-562d-ab89-1c23f87d16a8","c898a2a2-1fb3-536d-b9e4-f2b312ad64bd","10015","Phường Chương Mỹ","phuong_chuong_my","phường","1791616658326","1791616658326"
"df45c6dc-c79a-59d9-beeb-17c1d3af06c7","c898a2a2-1fb3-536d-b9e4-f2b312ad64bd","10030","Xã Phú Nghĩa","xa_phu_nghia","xã","1791616658326","1791616658326"
"e1c4c661-9471-5b26-8591-62e7d62eb1c1","c898a2a2-1fb3-536d-b9e4-f2b312ad64bd","10045","Xã Xuân Mai","xa_xuan_mai","xã","1791616658326","1791616658326"
"dec179d3-a43f-5e0b-a100-e02916917f08","c898a2a2-1fb3-536d-b9e4-f2b312ad64bd","10072","Xã Quảng Bị","xa_quang_bi","xã","1791616658326","1791616658326"
"96ff53f8-6dcc-5e46-80e1-ab18b951515e","c898a2a2-1fb3-536d-b9e4-f2b312ad64bd","10081","Xã Trần Phú","xa_tran_phu","xã","1791616658326","1791616658326"
"ba590387-7b2a-5b17-bd1b-713084a449ca","c898a2a2-1fb3-536d-b9e4-f2b312ad64bd","10096","Xã Hòa Phú","xa_hoa_phu","xã","1791616658326","1791616658326"
"e585bc0e-9c7d-518e-a325-b5288232fd06","c898a2a2-1fb3-536d-b9e4-f2b312ad64bd","10114","Xã Thanh Oai","xa_thanh_oai","xã","1791616658326","1791616658326"
"ca45d7e9-682a-5a07-81cf-2d6cb981d264","c898a2a2-1fb3-536d-b9e4-f2b312ad64bd","10126","Xã Bình Minh","xa_binh_minh","xã","1791616658326","1791616658326"
"eddd0f37-522e-5432-89a1-dbb55f88c946","c898a2a2-1fb3-536d-b9e4-f2b312ad64bd","10144","Xã Tam Hưng","xa_tam_hung","xã","1791616658326","1791616658326"
"a99253a3-a450-59b6-9fe0-9184edd2e775","c898a2a2-1fb3-536d-b9e4-f2b312ad64bd","10180","Xã Dân Hòa","xa_dan_hoa","xã","1791616658326","1791616658326"
"2a567f28-2e02-585a-bcf0-e5886ff0b5a1","c898a2a2-1fb3-536d-b9e4-f2b312ad64bd","10183","Xã Thường Tín","xa_thuong_tin","xã","1791616658326","1791616658326"
"40942e0d-2bd1-5c92-9a62-1f33f5c8aa19","c898a2a2-1fb3-536d-b9e4-f2b312ad64bd","10210","Xã Hồng Vân","xa_hong_van","xã","1791616658326","1791616658326"
"5344ff8d-f7f6-5062-b260-b59aa6e8f186","c898a2a2-1fb3-536d-b9e4-f2b312ad64bd","10231","Xã Thượng Phúc","xa_thuong_phuc","xã","1791616658326","1791616658326"
"8901573b-95fb-5d98-bd5f-8b8a81615a64","c898a2a2-1fb3-536d-b9e4-f2b312ad64bd","10237","Xã Chương Dương","xa_chuong_duong","xã","1791616658326","1791616658326"
"bbad5d17-daed-5183-be78-97daab71065e","c898a2a2-1fb3-536d-b9e4-f2b312ad64bd","10273","Xã Phú Xuyên","xa_phu_xuyen","xã","1791616658326","1791616658326"
"ed6f10cc-4052-5791-892a-4342abb3b650","c898a2a2-1fb3-536d-b9e4-f2b312ad64bd","10279","Xã Phượng Dực","xa_phuong_duc","xã","1791616658326","1791616658326"
"fb47060c-e3ac-588c-9963-64c8a5177c13","c898a2a2-1fb3-536d-b9e4-f2b312ad64bd","10330","Xã Chuyên Mỹ","xa_chuyen_my","xã","1791616658326","1791616658326"
"ca42321e-5cd1-5afb-ac83-34815d60c8be","c898a2a2-1fb3-536d-b9e4-f2b312ad64bd","10342","Xã Đại Xuyên","xa_dai_xuyen","xã","1791616658326","1791616658326"
"0e5efb47-14da-5cde-a451-19ce7f2d19d9","c898a2a2-1fb3-536d-b9e4-f2b312ad64bd","10354","Xã Vân Đình","xa_van_dinh","xã","1791616658326","1791616658326"
"6b82bc47-d524-5e38-bc3d-d8e46edeff4f","c898a2a2-1fb3-536d-b9e4-f2b312ad64bd","10369","Xã Ứng Thiên","xa_ung_thien","xã","1791616658326","1791616658326"
"b27e1543-3c06-513b-b279-407338d04e78","c898a2a2-1fb3-536d-b9e4-f2b312ad64bd","10402","Xã Ứng Hòa","xa_ung_hoa","xã","1791616658326","1791616658326"
"c909a608-37db-5745-ae8b-aa65eea76ff5","c898a2a2-1fb3-536d-b9e4-f2b312ad64bd","10417","Xã Hòa Xá","xa_hoa_xa","xã","1791616658326","1791616658326"
"0c8d3bc7-1f7d-5c6c-a5be-815832f7e4fe","c898a2a2-1fb3-536d-b9e4-f2b312ad64bd","10441","Xã Mỹ Đức","xa_my_duc","xã","1791616658326","1791616658326"
"c18e2db7-fdb4-5dd4-8375-a8fd6ee4da96","c898a2a2-1fb3-536d-b9e4-f2b312ad64bd","10459","Xã Phúc Sơn","xa_phuc_son","xã","1791616658326","1791616658326"
"0cf1c1dd-ca6e-5e84-8b7c-17a30a687090","c898a2a2-1fb3-536d-b9e4-f2b312ad64bd","10465","Xã Hồng Sơn","xa_hong_son","xã","1791616658326","1791616658326"
"7e50730a-598c-5d16-861d-64afddaaef3a","c898a2a2-1fb3-536d-b9e4-f2b312ad64bd","10489","Xã Hương Sơn","xa_huong_son","xã","1791616658326","1791616658326"
"5a0db4ca-fb80-59e1-85b0-41e14674a0b0","06810982-a1cd-5bcd-8829-c584cbcfcdf4","10507","Phường Thành Đông","phuong_thanh_dong","phường","1791616658326","1791616658326"
"deec4416-154d-5858-b231-ab6d7c071ef6","06810982-a1cd-5bcd-8829-c584cbcfcdf4","10525","Phường Hải Dương","phuong_hai_duong","phường","1791616658326","1791616658326"
"b4309b55-e73b-5abf-90f2-3506444d0dee","06810982-a1cd-5bcd-8829-c584cbcfcdf4","10532","Phường Lê Thanh Nghị","phuong_le_thanh_nghi","phường","1791616658326","1791616658326"
"a2be60ba-9f47-5fdc-bc7a-7abd7bff2605","06810982-a1cd-5bcd-8829-c584cbcfcdf4","10537","Phường Tân Hưng","phuong_tan_hung","phường","1791616658326","1791616658326"
"abca1148-678c-53cb-a9b7-2bcd2fd0c4ed","06810982-a1cd-5bcd-8829-c584cbcfcdf4","10543","Phường Việt Hòa","phuong_viet_hoa","phường","1791616658326","1791616658326"
"191530b5-8160-5211-a0c3-e499759e08de","06810982-a1cd-5bcd-8829-c584cbcfcdf4","10546","Phường Chí Linh","phuong_chi_linh","phường","1791616658326","1791616658326"
"6d3f78b9-5a3d-5cdf-9a20-6a19eb69a90b","06810982-a1cd-5bcd-8829-c584cbcfcdf4","10549","Phường Chu Văn An","phuong_chu_van_an","phường","1791616658326","1791616658326"
"323b79f1-dfae-5b47-973e-8f8ad1b485a3","06810982-a1cd-5bcd-8829-c584cbcfcdf4","10552","Phường Nguyễn Trãi","phuong_nguyen_trai","phường","1791616658326","1791616658326"
"1432d501-c97e-5771-afa6-26631a715019","06810982-a1cd-5bcd-8829-c584cbcfcdf4","10570","Phường Trần Hưng Đạo","phuong_tran_hung_dao","phường","1791616658326","1791616658326"
"2a2b9beb-d47a-5042-ba2b-47e50a119e0c","06810982-a1cd-5bcd-8829-c584cbcfcdf4","10573","Phường Trần Nhân Tông","phuong_tran_nhan_tong","phường","1791616658326","1791616658326"
"6f9dbb5f-2512-5640-ad76-2a3cdfb573b5","06810982-a1cd-5bcd-8829-c584cbcfcdf4","10603","Phường Lê Đại Hành","phuong_le_dai_hanh","phường","1791616658326","1791616658326"
"82e7d3ba-2afc-581f-aef5-637fcbff81c2","06810982-a1cd-5bcd-8829-c584cbcfcdf4","10606","Xã Nam Sách","xa_nam_sach","xã","1791616658326","1791616658326"
"fe3ec7ab-aed9-5863-972f-e7b00b6b999a","06810982-a1cd-5bcd-8829-c584cbcfcdf4","10615","Xã Hợp Tiến","xa_hop_tien","xã","1791616658326","1791616658326"
"f894ab6a-cb5f-53c9-ad79-391bddf00509","06810982-a1cd-5bcd-8829-c584cbcfcdf4","10633","Xã Trần Phú","xa_tran_phu","xã","1791616658326","1791616658326"
"dd0e4582-3530-5e12-b3c3-35e9f1fe2df0","06810982-a1cd-5bcd-8829-c584cbcfcdf4","10642","Xã Thái Tân","xa_thai_tan","xã","1791616658326","1791616658326"
"c817490a-ce4e-51c7-b7ba-26de839692c0","06810982-a1cd-5bcd-8829-c584cbcfcdf4","10645","Xã An Phú","xa_an_phu","xã","1791616658326","1791616658326"
"28b480a0-2495-5c60-a108-e4bc021db581","06810982-a1cd-5bcd-8829-c584cbcfcdf4","10660","Phường Ái Quốc","phuong_ai_quoc","phường","1791616658326","1791616658326"
"4d978b34-c5a4-59aa-904a-065437092777","06810982-a1cd-5bcd-8829-c584cbcfcdf4","10675","Phường Kinh Môn","phuong_kinh_mon","phường","1791616658326","1791616658326"
"d0120df1-a27e-573c-8cc0-edcb9d3639c5","06810982-a1cd-5bcd-8829-c584cbcfcdf4","10678","Phường Bắc An Phụ","phuong_bac_an_phu","phường","1791616658326","1791616658326"
"62b8af6e-e7a9-5f75-bfa9-cb58a258d883","06810982-a1cd-5bcd-8829-c584cbcfcdf4","10705","Xã Nam An Phụ","xa_nam_an_phu","xã","1791616658326","1791616658326"
"9ab91678-be92-5e80-8768-b1357fb0b2d8","06810982-a1cd-5bcd-8829-c584cbcfcdf4","10714","Phường Nhị Chiểu","phuong_nhi_chieu","phường","1791616658326","1791616658326"
"b779b06b-40e0-505e-a6fc-1f4f491229e0","06810982-a1cd-5bcd-8829-c584cbcfcdf4","10726","Phường Phạm Sư Mạnh","phuong_pham_su_manh","phường","1791616658326","1791616658326"
"ce949141-41c8-5d96-95d4-b837638b4cae","06810982-a1cd-5bcd-8829-c584cbcfcdf4","10729","Phường Trần Liễu","phuong_tran_lieu","phường","1791616658326","1791616658326"
"de1bd9be-3531-53ab-9e31-c4f740c81d24","06810982-a1cd-5bcd-8829-c584cbcfcdf4","10744","Phường Nguyễn Đại Năng","phuong_nguyen_dai_nang","phường","1791616658326","1791616658326"
"20f50cb5-c811-51bb-9278-c1e3c1c974d7","06810982-a1cd-5bcd-8829-c584cbcfcdf4","10750","Xã Phú Thái","xa_phu_thai","xã","1791616658326","1791616658326"
"9bdf615d-a3c5-5bc0-90da-087fb260ae45","06810982-a1cd-5bcd-8829-c584cbcfcdf4","10756","Xã Lai Khê","xa_lai_khe","xã","1791616658326","1791616658326"
"728f0002-5bfb-5f0b-9a6f-62747965231f","06810982-a1cd-5bcd-8829-c584cbcfcdf4","10792","Xã An Thành","xa_an_thanh","xã","1791616658326","1791616658326"
"0c46ffae-79d9-5d7b-9b4d-db8eb1799357","06810982-a1cd-5bcd-8829-c584cbcfcdf4","10804","Xã Kim Thành","xa_kim_thanh","xã","1791616658326","1791616658326"
"a7945673-f455-568e-ac39-aa723f678cb8","06810982-a1cd-5bcd-8829-c584cbcfcdf4","10813","Xã Thanh Hà","xa_thanh_ha","xã","1791616658326","1791616658326"
"09a38b7f-b9cd-5321-9b19-c13082a6ea8e","06810982-a1cd-5bcd-8829-c584cbcfcdf4","10816","Xã Hà Bắc","xa_ha_bac","xã","1791616658326","1791616658326"
"e0a37540-ae1a-540a-9db6-309e7f6eb959","06810982-a1cd-5bcd-8829-c584cbcfcdf4","10837","Phường Nam Đồng","phuong_nam_dong","phường","1791616658326","1791616658326"
"60366861-8964-5f44-bcaa-c4ff65340435","06810982-a1cd-5bcd-8829-c584cbcfcdf4","10843","Xã Hà Nam","xa_ha_nam","xã","1791616658326","1791616658326"
"7d14fdf6-c96a-5f72-b092-5730286b32ff","06810982-a1cd-5bcd-8829-c584cbcfcdf4","10846","Xã Hà Tây","xa_ha_tay","xã","1791616658326","1791616658326"
"2912765f-5a96-55cc-962c-4223a5b5dc96","06810982-a1cd-5bcd-8829-c584cbcfcdf4","10882","Xã Hà Đông","xa_ha_dong","xã","1791616658326","1791616658326"
"ffc81a0e-8007-528d-90a2-746f806efe44","06810982-a1cd-5bcd-8829-c584cbcfcdf4","10888","Xã Cẩm Giang","xa_cam_giang","xã","1791616658326","1791616658326"
"fe4faba8-ed21-5a31-a8fb-f3bedac20733","06810982-a1cd-5bcd-8829-c584cbcfcdf4","10891","Phường Tứ Minh","phuong_tu_minh","phường","1791616658326","1791616658326"
"28256e8a-fa2d-56da-af39-01d3993142bd","06810982-a1cd-5bcd-8829-c584cbcfcdf4","10903","Xã Cẩm Giàng","xa_cam_giang","xã","1791616658326","1791616658326"
"6ee11692-519e-54c0-9bad-39123320d335","06810982-a1cd-5bcd-8829-c584cbcfcdf4","10909","Xã Tuệ Tĩnh","xa_tue_tinh","xã","1791616658326","1791616658326"
"c0f8138c-b77c-58cb-b344-c5fd41f8d113","06810982-a1cd-5bcd-8829-c584cbcfcdf4","10930","Xã Mao Điền","xa_mao_dien","xã","1791616658326","1791616658326"
"6e9e7ef5-6674-5c8c-a451-43f0e7d5cd3b","06810982-a1cd-5bcd-8829-c584cbcfcdf4","10945","Xã Kẻ Sặt","xa_ke_sat","xã","1791616658326","1791616658326"
"a22866ca-473c-5e74-ac3f-08932dcef34c","06810982-a1cd-5bcd-8829-c584cbcfcdf4","10966","Xã Bình Giang","xa_binh_giang","xã","1791616658326","1791616658326"
"af6ee4e8-d42e-5c3a-ad29-af151b50ed70","06810982-a1cd-5bcd-8829-c584cbcfcdf4","10972","Xã Đường An","xa_duong_an","xã","1791616658326","1791616658326"
"353d05a0-4746-548b-ad7f-6c5e8538140b","06810982-a1cd-5bcd-8829-c584cbcfcdf4","10993","Xã Thượng Hồng","xa_thuong_hong","xã","1791616658326","1791616658326"
"d3264c62-a0da-51a5-acd5-99444b3c89b9","06810982-a1cd-5bcd-8829-c584cbcfcdf4","10999","Xã Gia Lộc","xa_gia_loc","xã","1791616658326","1791616658326"
"25c27df6-33e8-5f30-9085-5e894f047250","06810982-a1cd-5bcd-8829-c584cbcfcdf4","11002","Phường Thạch Khôi","phuong_thach_khoi","phường","1791616658326","1791616658326"
"c21d7246-77f9-546c-a1b6-6dd4b4a7ec3b","06810982-a1cd-5bcd-8829-c584cbcfcdf4","11020","Xã Yết Kiêu","xa_yet_kieu","xã","1791616658326","1791616658326"
"aac9d97a-3624-55a6-a74c-9cdaf07e34fb","06810982-a1cd-5bcd-8829-c584cbcfcdf4","11050","Xã Gia Phúc","xa_gia_phuc","xã","1791616658326","1791616658326"
"197d5a54-8f3b-583e-953f-f8c4c5310a03","06810982-a1cd-5bcd-8829-c584cbcfcdf4","11065","Xã Trường Tân","xa_truong_tan","xã","1791616658326","1791616658326"
"1d6a8ea5-9bc6-5ed9-87bc-fffc7b22cda7","06810982-a1cd-5bcd-8829-c584cbcfcdf4","11074","Xã Tứ Kỳ","xa_tu_ky","xã","1791616658326","1791616658326"
"2788b928-a6a2-5147-8aa6-3b9b6ae32027","06810982-a1cd-5bcd-8829-c584cbcfcdf4","11086","Xã Đại Sơn","xa_dai_son","xã","1791616658326","1791616658326"
"ec8bcb08-2fe7-5930-b653-046d3c579f75","06810982-a1cd-5bcd-8829-c584cbcfcdf4","11113","Xã Tân Kỳ","xa_tan_ky","xã","1791616658326","1791616658326"
"ce5d16a3-e19f-5cd9-9d58-d19f6d4eb8e2","06810982-a1cd-5bcd-8829-c584cbcfcdf4","11131","Xã Chí Minh","xa_chi_minh","xã","1791616658326","1791616658326"
"c934fe5a-cdf5-573b-a2be-2a24a1af1af8","06810982-a1cd-5bcd-8829-c584cbcfcdf4","11140","Xã Lạc Phượng","xa_lac_phuong","xã","1791616658326","1791616658326"
"626dea8e-17fe-544e-9143-a22fbcc54349","06810982-a1cd-5bcd-8829-c584cbcfcdf4","11146","Xã Nguyên Giáp","xa_nguyen_giap","xã","1791616658326","1791616658326"
"d42f836c-ccd8-5815-a701-0c3752bb5391","06810982-a1cd-5bcd-8829-c584cbcfcdf4","11164","Xã Vĩnh Lại","xa_vinh_lai","xã","1791616658326","1791616658326"
"40ce5d61-b63b-5c83-a398-39b70672102f","06810982-a1cd-5bcd-8829-c584cbcfcdf4","11167","Xã Tân An","xa_tan_an","xã","1791616658326","1791616658326"
"0ffedec5-cac9-5413-8829-c7448146c71f","06810982-a1cd-5bcd-8829-c584cbcfcdf4","11203","Xã Ninh Giang","xa_ninh_giang","xã","1791616658326","1791616658326"
"1a17f0cd-6c23-5cbc-b31d-e1a64e2e5a14","06810982-a1cd-5bcd-8829-c584cbcfcdf4","11218","Xã Hồng Châu","xa_hong_chau","xã","1791616658326","1791616658326"
"055d107c-7bcf-5032-9c9c-4a01adef43f2","06810982-a1cd-5bcd-8829-c584cbcfcdf4","11224","Xã Khúc Thừa Dụ","xa_khuc_thua_du","xã","1791616658326","1791616658326"
"50563337-17bc-5cf3-a7e6-7b863851089e","06810982-a1cd-5bcd-8829-c584cbcfcdf4","11239","Xã Thanh Miện","xa_thanh_mien","xã","1791616658326","1791616658326"
"209fe5d5-6e88-56cb-9a00-cbe32762a7e2","06810982-a1cd-5bcd-8829-c584cbcfcdf4","11242","Xã Nguyễn Lương Bằng","xa_nguyen_luong_bang","xã","1791616658326","1791616658326"
"960fca56-d419-5141-bcf7-fcf6cd2fd190","06810982-a1cd-5bcd-8829-c584cbcfcdf4","11254","Xã Bắc Thanh Miện","xa_bac_thanh_mien","xã","1791616658326","1791616658326"
"5ebcc74b-50ae-52d4-a939-b92b1e3355a7","06810982-a1cd-5bcd-8829-c584cbcfcdf4","11257","Xã Hải Hưng","xa_hai_hung","xã","1791616658326","1791616658326"
"fafa7b2a-e1c5-59dd-a5eb-e5a5f0f19d9d","06810982-a1cd-5bcd-8829-c584cbcfcdf4","11284","Xã Nam Thanh Miện","xa_nam_thanh_mien","xã","1791616658326","1791616658326"
"85a47bf9-fec7-5d33-a67b-6fd83904eb14","06810982-a1cd-5bcd-8829-c584cbcfcdf4","11311","Phường Hồng Bàng","phuong_hong_bang","phường","1791616658326","1791616658326"
"787ef9b8-4872-55a0-8830-4ca7996a6edc","06810982-a1cd-5bcd-8829-c584cbcfcdf4","11329","Phường Ngô Quyền","phuong_ngo_quyen","phường","1791616658326","1791616658326"
"44794bfd-aebd-5d39-874c-559b548c1e9c","06810982-a1cd-5bcd-8829-c584cbcfcdf4","11359","Phường Gia Viên","phuong_gia_vien","phường","1791616658326","1791616658326"
"6d686060-71e8-55d4-9b1a-51337721e34e","06810982-a1cd-5bcd-8829-c584cbcfcdf4","11383","Phường Lê Chân","phuong_le_chan","phường","1791616658326","1791616658326"
"bcf3d44c-19a4-531f-991f-94d04a47be9f","06810982-a1cd-5bcd-8829-c584cbcfcdf4","11407","Phường An Biên","phuong_an_bien","phường","1791616658326","1791616658326"
"72d288f6-3f2b-5904-bd45-035ed99d0dbf","06810982-a1cd-5bcd-8829-c584cbcfcdf4","11411","Phường Đông Hải","phuong_dong_hai","phường","1791616658326","1791616658326"
"da3ba2ce-0ffb-5b14-8662-36e629030a6f","06810982-a1cd-5bcd-8829-c584cbcfcdf4","11413","Phường Hải An","phuong_hai_an","phường","1791616658326","1791616658326"
"4b4851d4-1639-5226-aa4a-272998e61156","06810982-a1cd-5bcd-8829-c584cbcfcdf4","11443","Phường Kiến An","phuong_kien_an","phường","1791616658326","1791616658326"
"4cd8670d-b704-54d4-8423-36c044be9abd","06810982-a1cd-5bcd-8829-c584cbcfcdf4","11446","Phường Phù Liễn","phuong_phu_lien","phường","1791616658326","1791616658326"
"b33f2173-385e-5afb-a8dd-4d78937931f9","06810982-a1cd-5bcd-8829-c584cbcfcdf4","11455","Phường Đồ Sơn","phuong_do_son","phường","1791616658326","1791616658326"
"1cb5e38c-cec4-56b4-89ec-6853777324a0","06810982-a1cd-5bcd-8829-c584cbcfcdf4","11473","Phường Bạch Đằng","phuong_bach_dang","phường","1791616658326","1791616658326"
"af3abd4b-edcc-57d8-b63a-78826ce02ce4","06810982-a1cd-5bcd-8829-c584cbcfcdf4","11488","Phường Lưu Kiếm","phuong_luu_kiem","phường","1791616658326","1791616658326"
"3438e8ab-7e35-57ca-9d3b-f85199b95908","06810982-a1cd-5bcd-8829-c584cbcfcdf4","11503","Xã Việt Khê","xa_viet_khe","xã","1791616658326","1791616658326"
"2f7075f3-8856-58d5-ba8a-1cfab424580e","06810982-a1cd-5bcd-8829-c584cbcfcdf4","11506","Phường Lê Ích Mộc","phuong_le_ich_moc","phường","1791616658326","1791616658326"
"a20162eb-b3a6-5f6e-bf82-514ac902d941","06810982-a1cd-5bcd-8829-c584cbcfcdf4","11533","Phường Hòa Bình","phuong_hoa_binh","phường","1791616658326","1791616658326"
"bb561c61-0e70-53b0-aba6-ed360909a0b9","06810982-a1cd-5bcd-8829-c584cbcfcdf4","11542","Phường Nam Triệu","phuong_nam_trieu","phường","1791616658326","1791616658326"
"c5641856-2a6d-5e31-b254-3cf779553594","06810982-a1cd-5bcd-8829-c584cbcfcdf4","11557","Phường Thiên Hương","phuong_thien_huong","phường","1791616658326","1791616658326"
"b4728cf7-d651-5569-bf26-e3497ede4ebe","06810982-a1cd-5bcd-8829-c584cbcfcdf4","11560","Phường Thủy Nguyên","phuong_thuy_nguyen","phường","1791616658326","1791616658326"
"d154e618-554a-5978-b1b5-287679946306","06810982-a1cd-5bcd-8829-c584cbcfcdf4","11581","Phường An Dương","phuong_an_duong","phường","1791616658326","1791616658326"
"5e951c11-e722-57eb-952b-478e80a4350f","06810982-a1cd-5bcd-8829-c584cbcfcdf4","11593","Phường An Phong","phuong_an_phong","phường","1791616658326","1791616658326"
"74ad2892-0723-5ac2-80ca-80e08ddad26d","06810982-a1cd-5bcd-8829-c584cbcfcdf4","11602","Phường Hồng An","phuong_hong_an","phường","1791616658326","1791616658326"
"b9380a5d-5469-51d5-ad9a-c5d08de921aa","06810982-a1cd-5bcd-8829-c584cbcfcdf4","11617","Phường An Hải","phuong_an_hai","phường","1791616658326","1791616658326"
"31a31b91-208c-5bd6-acb7-5d5d16ac2f3f","06810982-a1cd-5bcd-8829-c584cbcfcdf4","11629","Xã An Lão","xa_an_lao","xã","1791616658326","1791616658326"
"ead18cb4-8bb7-566b-91d7-5e0d19d6fa65","06810982-a1cd-5bcd-8829-c584cbcfcdf4","11635","Xã An Trường","xa_an_truong","xã","1791616658326","1791616658326"
"bd015a91-2def-59c9-98c2-3268b119fb0a","06810982-a1cd-5bcd-8829-c584cbcfcdf4","11647","Xã An Quang","xa_an_quang","xã","1791616658326","1791616658326"
"b2b618e9-4f9b-5ff9-acb4-915ad213d792","06810982-a1cd-5bcd-8829-c584cbcfcdf4","11668","Xã An Khánh","xa_an_khanh","xã","1791616658326","1791616658326"
"d6e348d6-1640-5738-b70b-8e46175a5b8f","06810982-a1cd-5bcd-8829-c584cbcfcdf4","11674","Xã An Hưng","xa_an_hung","xã","1791616658326","1791616658326"
"0ef87006-2e30-584e-b275-dbf46cea9e09","06810982-a1cd-5bcd-8829-c584cbcfcdf4","11680","Xã Kiến Thụy","xa_kien_thuy","xã","1791616658326","1791616658326"
"a8ab5ab6-5275-5769-b8ee-6354ad145d3e","06810982-a1cd-5bcd-8829-c584cbcfcdf4","11689","Phường Hưng Đạo","phuong_hung_dao","phường","1791616658326","1791616658326"
"2785cda1-fd80-5fe0-9135-a3ea2651d88d","06810982-a1cd-5bcd-8829-c584cbcfcdf4","11692","Phường Dương Kinh","phuong_duong_kinh","phường","1791616658326","1791616658326"
"935c4b97-ce5b-52df-97b9-fe48b3dfc651","06810982-a1cd-5bcd-8829-c584cbcfcdf4","11713","Xã Nghi Dương","xa_nghi_duong","xã","1791616658326","1791616658326"
"7291f6b8-7ec2-51c3-ad73-32955377ef1b","06810982-a1cd-5bcd-8829-c584cbcfcdf4","11725","Xã Kiến Minh","xa_kien_minh","xã","1791616658326","1791616658326"
"5a6c25c0-3ea4-5f2f-9958-02c9f34aca74","06810982-a1cd-5bcd-8829-c584cbcfcdf4","11728","Xã Kiến Hưng","xa_kien_hung","xã","1791616658326","1791616658326"
"8989c975-62d1-5bde-b861-16eb11b37043","06810982-a1cd-5bcd-8829-c584cbcfcdf4","11737","Phường Nam Đồ Sơn","phuong_nam_do_son","phường","1791616658326","1791616658326"
"46e635ce-048d-554a-961e-e1ae7adcbb36","06810982-a1cd-5bcd-8829-c584cbcfcdf4","11749","Xã Kiến Hải","xa_kien_hai","xã","1791616658326","1791616658326"
"85751d4f-aa77-594c-996d-8e36cd929d45","06810982-a1cd-5bcd-8829-c584cbcfcdf4","11755","Xã Tiên Lãng","xa_tien_lang","xã","1791616658326","1791616658326"
"bc87fff2-f8ea-5750-acd9-972ce023ee95","06810982-a1cd-5bcd-8829-c584cbcfcdf4","11761","Xã Quyết Thắng","xa_quyet_thang","xã","1791616658326","1791616658326"
"5197a341-2f99-526b-868b-a9c255231eec","06810982-a1cd-5bcd-8829-c584cbcfcdf4","11779","Xã Tân Minh","xa_tan_minh","xã","1791616658326","1791616658326"
"a4579f62-ab85-5720-931d-ea8fc19d5089","06810982-a1cd-5bcd-8829-c584cbcfcdf4","11791","Xã Tiên Minh","xa_tien_minh","xã","1791616658326","1791616658326"
"12e90bbf-1e33-53aa-a7fb-a6c723d9f831","06810982-a1cd-5bcd-8829-c584cbcfcdf4","11806","Xã Chấn Hưng","xa_chan_hung","xã","1791616658326","1791616658326"
"6ce2938b-97b9-590d-9817-a46c63a766ab","06810982-a1cd-5bcd-8829-c584cbcfcdf4","11809","Xã Hùng Thắng","xa_hung_thang","xã","1791616658326","1791616658326"
"6de22409-c220-55e4-a921-70a86a52287c","06810982-a1cd-5bcd-8829-c584cbcfcdf4","11824","Xã Vĩnh Bảo","xa_vinh_bao","xã","1791616658326","1791616658326"
"1ef619c5-07de-54c9-869d-393429f29de8","06810982-a1cd-5bcd-8829-c584cbcfcdf4","11836","Xã Vĩnh Thịnh","xa_vinh_thinh","xã","1791616658326","1791616658326"
"9af2aea1-7f55-5c8d-985f-323ff77d9e5e","06810982-a1cd-5bcd-8829-c584cbcfcdf4","11842","Xã Vĩnh Thuận","xa_vinh_thuan","xã","1791616658326","1791616658326"
"6f701caf-c850-5bf2-b1f0-5e062b87108a","06810982-a1cd-5bcd-8829-c584cbcfcdf4","11848","Xã Vĩnh Hòa","xa_vinh_hoa","xã","1791616658326","1791616658326"
"94261d8f-e5c3-58a8-97b0-138db20ce71e","06810982-a1cd-5bcd-8829-c584cbcfcdf4","11875","Xã Vĩnh Hải","xa_vinh_hai","xã","1791616658326","1791616658326"
"914f766c-4dbd-5fa6-b139-caa27c490fab","06810982-a1cd-5bcd-8829-c584cbcfcdf4","11887","Xã Vĩnh Am","xa_vinh_am","xã","1791616658326","1791616658326"
"069b342d-af8a-5f7b-b57d-215dc67a0bb5","06810982-a1cd-5bcd-8829-c584cbcfcdf4","11911","Xã Nguyễn Bỉnh Khiêm","xa_nguyen_binh_khiem","xã","1791616658326","1791616658326"
"b41f596b-18f2-58b2-ba9c-7ec6b871686c","06810982-a1cd-5bcd-8829-c584cbcfcdf4","11914","Đặc khu Cát Hải","dac_khu_cat_hai","đặc khu","1791616658326","1791616658326"
"90d27b0a-a662-56dc-b190-e210d9163170","06810982-a1cd-5bcd-8829-c584cbcfcdf4","11948","Đặc khu Bạch Long Vĩ","dac_khu_bach_long_vi","đặc khu","1791616658326","1791616658326"
"cb0e63ab-0fd2-56d7-9b82-1400d39ee5c0","6271a751-09a5-51f8-87cb-99ff89aa0c96","11953","Phường Phố Hiến","phuong_pho_hien","phường","1791616658326","1791616658326"
"78a6fe3e-346a-53c2-b486-42bed360ff45","6271a751-09a5-51f8-87cb-99ff89aa0c96","11977","Xã Tân Hưng","xa_tan_hung","xã","1791616658326","1791616658326"
"32a76f12-c365-5802-9edf-3b4fc4dcebaa","6271a751-09a5-51f8-87cb-99ff89aa0c96","11980","Phường Hồng Châu","phuong_hong_chau","phường","1791616658326","1791616658326"
"f5a0d837-aa2c-541a-9d4b-77b8cd6317e2","6271a751-09a5-51f8-87cb-99ff89aa0c96","11983","Phường Sơn Nam","phuong_son_nam","phường","1791616658326","1791616658326"
"2806dbe9-0a3a-5f2d-a5fb-68a40d5af436","6271a751-09a5-51f8-87cb-99ff89aa0c96","11992","Xã Lạc Đạo","xa_lac_dao","xã","1791616658326","1791616658326"
"a963618f-5b68-5ec1-829e-801e2c50d693","6271a751-09a5-51f8-87cb-99ff89aa0c96","11995","Xã Đại Đồng","xa_dai_dong","xã","1791616658326","1791616658326"
"793e3a3e-c7df-5153-a951-d0062a9700c8","6271a751-09a5-51f8-87cb-99ff89aa0c96","12004","Xã Như Quỳnh","xa_nhu_quynh","xã","1791616658326","1791616658326"
"55cc3c4a-c20a-5631-9410-68a5122481b4","6271a751-09a5-51f8-87cb-99ff89aa0c96","12019","Xã Văn Giang","xa_van_giang","xã","1791616658326","1791616658326"
"0a142655-ab41-505c-8957-1fef474e87a6","6271a751-09a5-51f8-87cb-99ff89aa0c96","12025","Xã Phụng Công","xa_phung_cong","xã","1791616658326","1791616658326"
"90b8b241-9bd7-5df9-a780-a0b421140389","6271a751-09a5-51f8-87cb-99ff89aa0c96","12031","Xã Nghĩa Trụ","xa_nghia_tru","xã","1791616658326","1791616658326"
"b052eba0-ecf1-5398-b682-64e952fe8c52","6271a751-09a5-51f8-87cb-99ff89aa0c96","12049","Xã Mễ Sở","xa_me_so","xã","1791616658326","1791616658326"
"b2bbbf3e-1675-5f78-8837-693f3f962fc6","6271a751-09a5-51f8-87cb-99ff89aa0c96","12064","Xã Nguyễn Văn Linh","xa_nguyen_van_linh","xã","1791616658326","1791616658326"
"d53a17d7-b940-57aa-a9d7-92749a43ef4f","6271a751-09a5-51f8-87cb-99ff89aa0c96","12070","Xã Hoàn Long","xa_hoan_long","xã","1791616658326","1791616658326"
"5c508dd0-4e00-5da9-ad5d-47dbfd5dbe54","6271a751-09a5-51f8-87cb-99ff89aa0c96","12073","Xã Yên Mỹ","xa_yen_my","xã","1791616658326","1791616658326"
"33c043b7-f261-5823-b414-36dcd4a53a50","6271a751-09a5-51f8-87cb-99ff89aa0c96","12091","Xã Việt Yên","xa_viet_yen","xã","1791616658326","1791616658326"
"5221ea5a-d588-5b5c-bd97-57f65d5ec534","6271a751-09a5-51f8-87cb-99ff89aa0c96","12103","Phường Mỹ Hào","phuong_my_hao","phường","1791616658326","1791616658326"
"ee8bcbe8-f240-5c0c-bece-bfd80578530f","6271a751-09a5-51f8-87cb-99ff89aa0c96","12127","Phường Thượng Hồng","phuong_thuong_hong","phường","1791616658326","1791616658326"
"e63a0edd-c39a-50fe-882f-44d3ae09578d","6271a751-09a5-51f8-87cb-99ff89aa0c96","12133","Phường Đường Hào","phuong_duong_hao","phường","1791616658326","1791616658326"
"1c43ed0c-c73e-5c5c-996f-3ae688d7093c","6271a751-09a5-51f8-87cb-99ff89aa0c96","12142","Xã Ân Thi","xa_an_thi","xã","1791616658326","1791616658326"
"d433b58e-4797-53a7-8a1e-0d4a37ff426e","6271a751-09a5-51f8-87cb-99ff89aa0c96","12148","Xã Phạm Ngũ Lão","xa_pham_ngu_lao","xã","1791616658326","1791616658326"
"ebe99afe-db49-5428-9ec0-5691173b26f1","6271a751-09a5-51f8-87cb-99ff89aa0c96","12166","Xã Xuân Trúc","xa_xuan_truc","xã","1791616658326","1791616658326"
"822cee7b-d8ad-5683-9b04-6fa8d8ba9d90","6271a751-09a5-51f8-87cb-99ff89aa0c96","12184","Xã Nguyễn Trãi","xa_nguyen_trai","xã","1791616658326","1791616658326"
"8eccb17e-b4aa-5d97-87b4-57111acec5ab","6271a751-09a5-51f8-87cb-99ff89aa0c96","12196","Xã Hồng Quang","xa_hong_quang","xã","1791616658326","1791616658326"
"7183735e-85fc-5b28-b4c5-195a8420fbde","6271a751-09a5-51f8-87cb-99ff89aa0c96","12205","Xã Khoái Châu","xa_khoai_chau","xã","1791616658326","1791616658326"
"19656a07-bd68-589b-94c7-ec8e85f29516","6271a751-09a5-51f8-87cb-99ff89aa0c96","12223","Xã Triệu Việt Vương","xa_trieu_viet_vuong","xã","1791616658326","1791616658326"
"ed1b2e24-3dbc-5d75-9ac8-d1b567b9a49f","6271a751-09a5-51f8-87cb-99ff89aa0c96","12238","Xã Việt Tiến","xa_viet_tien","xã","1791616658326","1791616658326"
"0eecbfe0-99bd-51a6-8b43-d22e5d7ef042","6271a751-09a5-51f8-87cb-99ff89aa0c96","12247","Xã Châu Ninh","xa_chau_ninh","xã","1791616658326","1791616658326"
"e9bc5370-4d2e-5493-a49a-f5f5caf0ed6a","6271a751-09a5-51f8-87cb-99ff89aa0c96","12271","Xã Chí Minh","xa_chi_minh","xã","1791616658326","1791616658326"
"10b6ab3a-dd7e-5cb9-8d29-3a165352b96c","6271a751-09a5-51f8-87cb-99ff89aa0c96","12280","Xã Lương Bằng","xa_luong_bang","xã","1791616658326","1791616658326"
"ac78e349-6fe5-5063-9cbb-7f66ad060bca","6271a751-09a5-51f8-87cb-99ff89aa0c96","12286","Xã Nghĩa Dân","xa_nghia_dan","xã","1791616658326","1791616658326"
"1533bb1b-facf-5d87-8087-be4796e1cf2c","6271a751-09a5-51f8-87cb-99ff89aa0c96","12313","Xã Đức Hợp","xa_duc_hop","xã","1791616658326","1791616658326"
"5558b57d-f568-5cd0-81cc-02bb1f1800c9","6271a751-09a5-51f8-87cb-99ff89aa0c96","12322","Xã Hiệp Cường","xa_hiep_cuong","xã","1791616658326","1791616658326"
"ccc0619f-a1ba-5102-8c2f-d96fe960c46c","6271a751-09a5-51f8-87cb-99ff89aa0c96","12337","Xã Hoàng Hoa Thám","xa_hoang_hoa_tham","xã","1791616658326","1791616658326"
"aa9a9c40-6263-54a3-a99c-274926d60c83","6271a751-09a5-51f8-87cb-99ff89aa0c96","12361","Xã Tiên Hoa","xa_tien_hoa","xã","1791616658326","1791616658326"
"116e1b86-4021-5e87-862b-c3935e9afec4","6271a751-09a5-51f8-87cb-99ff89aa0c96","12364","Xã Tiên Lữ","xa_tien_lu","xã","1791616658326","1791616658326"
"71bb8563-beec-5f36-8ad2-ee32d64beda9","6271a751-09a5-51f8-87cb-99ff89aa0c96","12391","Xã Quang Hưng","xa_quang_hung","xã","1791616658326","1791616658326"
"116bbf04-bb4c-5cf6-b414-e3ad7e47767e","6271a751-09a5-51f8-87cb-99ff89aa0c96","12406","Xã Đoàn Đào","xa_doan_dao","xã","1791616658326","1791616658326"
"935c3b7f-8ed7-54b9-bb44-b6ddab2c10ba","6271a751-09a5-51f8-87cb-99ff89aa0c96","12424","Xã Tiên Tiến","xa_tien_tien","xã","1791616658326","1791616658326"
"e803bce5-a41a-566a-9b75-b4c6fdaec890","6271a751-09a5-51f8-87cb-99ff89aa0c96","12427","Xã Tống Trân","xa_tong_tran","xã","1791616658326","1791616658326"
"bf800e65-2e31-5b8b-a842-1fa36313c5b3","6271a751-09a5-51f8-87cb-99ff89aa0c96","12452","Phường Trần Hưng Đạo","phuong_tran_hung_dao","phường","1791616658326","1791616658326"
"b6d470bd-82eb-52ad-8ed5-b8f7c3b4dfdd","6271a751-09a5-51f8-87cb-99ff89aa0c96","12454","Phường Trần Lãm","phuong_tran_lam","phường","1791616658326","1791616658326"
"6fc881a6-60ee-5608-8f60-b391ab814735","6271a751-09a5-51f8-87cb-99ff89aa0c96","12466","Phường Vũ Phúc","phuong_vu_phuc","phường","1791616658326","1791616658326"
"5e4d830f-bc97-59d2-b68e-2d89b6af648a","6271a751-09a5-51f8-87cb-99ff89aa0c96","12472","Xã Quỳnh Phụ","xa_quynh_phu","xã","1791616658326","1791616658326"
"5cb6a6af-1fe7-5a68-a4ac-72c66a965abb","6271a751-09a5-51f8-87cb-99ff89aa0c96","12499","Xã A Sào","xa_a_sao","xã","1791616658326","1791616658326"
"679f4682-d201-57fe-92fe-905301a95216","6271a751-09a5-51f8-87cb-99ff89aa0c96","12511","Xã Minh Thọ","xa_minh_tho","xã","1791616658326","1791616658326"
"203999c3-0796-582f-927b-4007ad5d0f9a","6271a751-09a5-51f8-87cb-99ff89aa0c96","12517","Xã Ngọc Lâm","xa_ngoc_lam","xã","1791616658326","1791616658326"
"d7115f4e-52da-52fd-ab14-87a1f8fdddff","6271a751-09a5-51f8-87cb-99ff89aa0c96","12523","Xã Phụ Dực","xa_phu_duc","xã","1791616658326","1791616658326"
"b2ca1989-9310-5b8c-9cb7-f9cb8ce476ad","6271a751-09a5-51f8-87cb-99ff89aa0c96","12526","Xã Đồng Bằng","xa_dong_bang","xã","1791616658326","1791616658326"
"43a59082-89aa-5eda-8b7f-ecc769123650","6271a751-09a5-51f8-87cb-99ff89aa0c96","12532","Xã Nguyễn Du","xa_nguyen_du","xã","1791616658326","1791616658326"
"b8522251-59d9-5827-981e-6c6d6ad54d0c","6271a751-09a5-51f8-87cb-99ff89aa0c96","12577","Xã Quỳnh An","xa_quynh_an","xã","1791616658326","1791616658326"
"61ec160b-f93b-5d78-8c63-49bc26fec759","6271a751-09a5-51f8-87cb-99ff89aa0c96","12583","Xã Tân Tiến","xa_tan_tien","xã","1791616658326","1791616658326"
"9a4da4a6-44e4-519d-80d1-f9be72679542","6271a751-09a5-51f8-87cb-99ff89aa0c96","12586","Xã Hưng Hà","xa_hung_ha","xã","1791616658326","1791616658326"
"b34eeef9-7be9-5b5a-bb3d-fa4d478bd70c","6271a751-09a5-51f8-87cb-99ff89aa0c96","12595","Xã Ngự Thiên","xa_ngu_thien","xã","1791616658326","1791616658326"
"d942ba53-b538-52f9-b8b8-c315b92fd85a","6271a751-09a5-51f8-87cb-99ff89aa0c96","12613","Xã Long Hưng","xa_long_hung","xã","1791616658326","1791616658326"
"5f7ca00f-7a6c-5c35-81ce-9af3a50069cd","6271a751-09a5-51f8-87cb-99ff89aa0c96","12619","Xã Diên Hà","xa_dien_ha","xã","1791616658326","1791616658326"
"3543caaf-65c7-56e7-b131-eed4bbb90d99","6271a751-09a5-51f8-87cb-99ff89aa0c96","12631","Xã Thần Khê","xa_than_khe","xã","1791616658326","1791616658326"
"94029198-c1fe-59ed-82a1-10dc42d87abf","6271a751-09a5-51f8-87cb-99ff89aa0c96","12634","Xã Tiên La","xa_tien_la","xã","1791616658326","1791616658326"
"3dd8054d-a4b5-5c94-b959-2ae5911cf2d2","6271a751-09a5-51f8-87cb-99ff89aa0c96","12676","Xã Lê Quý Đôn","xa_le_quy_don","xã","1791616658326","1791616658326"
"70b9ee1a-18ad-5695-b40e-5da4fb827365","6271a751-09a5-51f8-87cb-99ff89aa0c96","12685","Xã Hồng Minh","xa_hong_minh","xã","1791616658326","1791616658326"
"496504a5-b24e-564a-8507-4628565156db","6271a751-09a5-51f8-87cb-99ff89aa0c96","12688","Xã Đông Hưng","xa_dong_hung","xã","1791616658326","1791616658326"
"2da49d23-da79-519a-9f7c-cf09e8ea3d31","6271a751-09a5-51f8-87cb-99ff89aa0c96","12694","Xã Bắc Đông Hưng","xa_bac_dong_hung","xã","1791616658326","1791616658326"
"5fc5d931-65de-565a-8939-6470be32f6a5","6271a751-09a5-51f8-87cb-99ff89aa0c96","12700","Xã Bắc Tiên Hưng","xa_bac_tien_hung","xã","1791616658326","1791616658326"
"5b68f27b-c4cb-58e2-8c6d-9d6eeb380e5f","6271a751-09a5-51f8-87cb-99ff89aa0c96","12736","Xã Đông Tiên Hưng","xa_dong_tien_hung","xã","1791616658326","1791616658326"
"10429aa4-1af8-573a-a423-bb734dbd447f","6271a751-09a5-51f8-87cb-99ff89aa0c96","12745","Xã Bắc Đông Quan","xa_bac_dong_quan","xã","1791616658326","1791616658326"
"4beccded-6dd7-593a-9617-05c42aebfb73","6271a751-09a5-51f8-87cb-99ff89aa0c96","12754","Xã Tiên Hưng","xa_tien_hung","xã","1791616658326","1791616658326"
"7726bf76-9a5b-5914-a226-078aec1d7428","6271a751-09a5-51f8-87cb-99ff89aa0c96","12763","Xã Nam Tiên Hưng","xa_nam_tien_hung","xã","1791616658326","1791616658326"
"32259a43-cacf-52dc-baf6-dcf343f79229","6271a751-09a5-51f8-87cb-99ff89aa0c96","12775","Xã Nam Đông Hưng","xa_nam_dong_hung","xã","1791616658326","1791616658326"
"88834299-b6fd-5ee4-ae27-07226bacace8","6271a751-09a5-51f8-87cb-99ff89aa0c96","12793","Xã Đông Quan","xa_dong_quan","xã","1791616658326","1791616658326"
"1fa6e18a-aeb4-51bf-a4dd-14008ebcdf0c","6271a751-09a5-51f8-87cb-99ff89aa0c96","12817","Phường Trà Lý","phuong_tra_ly","phường","1791616658326","1791616658326"
"b6d876eb-6253-57ab-9021-a4f067f7aa78","6271a751-09a5-51f8-87cb-99ff89aa0c96","12826","Xã Thái Thụy","xa_thai_thuy","xã","1791616658326","1791616658326"
"b2b2cc56-310c-59fd-8e06-7a317277bd8c","6271a751-09a5-51f8-87cb-99ff89aa0c96","12850","Xã Tây Thụy Anh","xa_tay_thuy_anh","xã","1791616658326","1791616658326"
"d37d71d1-bbdc-52a4-8ea9-25418a78c307","6271a751-09a5-51f8-87cb-99ff89aa0c96","12859","Xã Bắc Thụy Anh","xa_bac_thuy_anh","xã","1791616658326","1791616658326"
"bbbee2ce-ca0b-5448-9435-36ab26edc8c7","6271a751-09a5-51f8-87cb-99ff89aa0c96","12862","Xã Đông Thụy Anh","xa_dong_thuy_anh","xã","1791616658326","1791616658326"
"d2a65772-5e55-552c-a036-b15079da71e6","6271a751-09a5-51f8-87cb-99ff89aa0c96","12865","Xã Thụy Anh","xa_thuy_anh","xã","1791616658326","1791616658326"
"3574d71d-a1d9-5f40-a3fe-ea6d2f2f2c13","6271a751-09a5-51f8-87cb-99ff89aa0c96","12904","Xã Nam Thụy Anh","xa_nam_thuy_anh","xã","1791616658326","1791616658326"
"0f602e1b-5b41-5f12-af2f-83f2c3dbfd29","6271a751-09a5-51f8-87cb-99ff89aa0c96","12916","Xã Bắc Thái Ninh","xa_bac_thai_ninh","xã","1791616658326","1791616658326"
"38acaad6-2be1-5300-9e30-a05b29a2086f","6271a751-09a5-51f8-87cb-99ff89aa0c96","12919","Xã Tây Thái Ninh","xa_tay_thai_ninh","xã","1791616658326","1791616658326"
"fd86ca9e-a736-5970-8649-e006902d184c","6271a751-09a5-51f8-87cb-99ff89aa0c96","12922","Xã Thái Ninh","xa_thai_ninh","xã","1791616658326","1791616658326"
"58fd48c8-43db-5b99-875e-9660781e591d","6271a751-09a5-51f8-87cb-99ff89aa0c96","12943","Xã Đông Thái Ninh","xa_dong_thai_ninh","xã","1791616658326","1791616658326"
"af2e374f-c864-5272-b07a-773c55fadac9","6271a751-09a5-51f8-87cb-99ff89aa0c96","12961","Xã Nam Thái Ninh","xa_nam_thai_ninh","xã","1791616658326","1791616658326"
"77c14fb1-7c17-5ff5-a86b-bde75efdef8b","6271a751-09a5-51f8-87cb-99ff89aa0c96","12970","Xã Tiền Hải","xa_tien_hai","xã","1791616658326","1791616658326"
"69fd8afc-ca89-5da0-85f9-dab8342a0cbd","6271a751-09a5-51f8-87cb-99ff89aa0c96","12988","Xã Đông Tiền Hải","xa_dong_tien_hai","xã","1791616658326","1791616658326"
"fa05535d-e9b7-5d24-ac16-d07f9cc4fac4","6271a751-09a5-51f8-87cb-99ff89aa0c96","13003","Xã Đồng Châu","xa_dong_chau","xã","1791616658326","1791616658326"
"18fced93-fe73-5196-a5de-f42a5e7d931a","6271a751-09a5-51f8-87cb-99ff89aa0c96","13021","Xã Ái Quốc","xa_ai_quoc","xã","1791616658326","1791616658326"
"2d90b47a-8b1d-53d5-b13f-8cad1360c08c","6271a751-09a5-51f8-87cb-99ff89aa0c96","13039","Xã Tây Tiền Hải","xa_tay_tien_hai","xã","1791616658326","1791616658326"
"af418b6b-88a6-56b7-a410-71aba917cfc6","6271a751-09a5-51f8-87cb-99ff89aa0c96","13057","Xã Nam Cường","xa_nam_cuong","xã","1791616658326","1791616658326"
"4c7f38d6-9680-57be-aa02-09dba11144ae","6271a751-09a5-51f8-87cb-99ff89aa0c96","13063","Xã Nam Tiền Hải","xa_nam_tien_hai","xã","1791616658326","1791616658326"
"e8af5ef7-8d4c-56d5-83fb-2421540999c9","6271a751-09a5-51f8-87cb-99ff89aa0c96","13066","Xã Hưng Phú","xa_hung_phu","xã","1791616658326","1791616658326"
"24e54f04-79f8-5f8c-9ed4-68f29dadc428","6271a751-09a5-51f8-87cb-99ff89aa0c96","13075","Xã Kiến Xương","xa_kien_xuong","xã","1791616658326","1791616658326"
"4bbf0d8c-54d1-584f-8451-95bd20567be4","6271a751-09a5-51f8-87cb-99ff89aa0c96","13093","Xã Trà Giang","xa_tra_giang","xã","1791616658326","1791616658326"
"dbcc01a6-5ae3-5865-890a-f07cfd91e6e0","6271a751-09a5-51f8-87cb-99ff89aa0c96","13096","Xã Bình Nguyên","xa_binh_nguyen","xã","1791616658326","1791616658326"
"fc9dd312-ce77-581d-89f7-75656791189d","6271a751-09a5-51f8-87cb-99ff89aa0c96","13120","Xã Lê Lợi","xa_le_loi","xã","1791616658326","1791616658326"
"8a4209e7-c3bf-5dbb-a095-80ef2978141c","6271a751-09a5-51f8-87cb-99ff89aa0c96","13132","Xã Quang Lịch","xa_quang_lich","xã","1791616658326","1791616658326"
"97250106-561c-5438-902a-09abb8aaa0ac","6271a751-09a5-51f8-87cb-99ff89aa0c96","13141","Xã Vũ Quý","xa_vu_quy","xã","1791616658326","1791616658326"
"73e8e82e-edbf-575b-a1c7-8ecb4d187791","6271a751-09a5-51f8-87cb-99ff89aa0c96","13159","Xã Hồng Vũ","xa_hong_vu","xã","1791616658326","1791616658326"
"7fca87a1-2ff5-56bc-be66-e8f2c7e2aa7f","6271a751-09a5-51f8-87cb-99ff89aa0c96","13183","Xã Bình Thanh","xa_binh_thanh","xã","1791616658326","1791616658326"
"15a31b6b-2eab-5af5-9b42-086a1f0749e1","6271a751-09a5-51f8-87cb-99ff89aa0c96","13186","Xã Bình Định","xa_binh_dinh","xã","1791616658326","1791616658326"
"8ae1d69d-ef31-5cef-99c3-2074e776336a","6271a751-09a5-51f8-87cb-99ff89aa0c96","13192","Xã Vũ Thư","xa_vu_thu","xã","1791616658326","1791616658326"
"816a0fa3-c302-53bd-acf9-e5d90ff4010e","6271a751-09a5-51f8-87cb-99ff89aa0c96","13219","Xã Vạn Xuân","xa_van_xuan","xã","1791616658326","1791616658326"
"a670c103-7388-5bb7-8340-f8c11aa350a1","6271a751-09a5-51f8-87cb-99ff89aa0c96","13222","Xã Thư Trì","xa_thu_tri","xã","1791616658326","1791616658326"
"06777041-0198-5647-a8c5-00716d295d09","6271a751-09a5-51f8-87cb-99ff89aa0c96","13225","Phường Thái Bình","phuong_thai_binh","phường","1791616658326","1791616658326"
"e0f30fd3-27d3-59a5-883a-027c3661541f","6271a751-09a5-51f8-87cb-99ff89aa0c96","13246","Xã Tân Thuận","xa_tan_thuan","xã","1791616658326","1791616658326"
"4c21d608-b7a2-5e15-a701-e73abb2d011b","6271a751-09a5-51f8-87cb-99ff89aa0c96","13264","Xã Thư Vũ","xa_thu_vu","xã","1791616658326","1791616658326"
"4accbe68-bbf4-56bd-9864-44cf2399ab8b","6271a751-09a5-51f8-87cb-99ff89aa0c96","13279","Xã Vũ Tiên","xa_vu_tien","xã","1791616658326","1791616658326"
"3066d94b-c0a1-5a35-98fa-1deac9586ad6","6ebfc978-b0f9-53ea-b796-0369a519a505","13285","Phường Phủ Lý","phuong_phu_ly","phường","1791616658326","1791616658326"
"cd807b13-9ce0-51c1-a5c6-52077d66ebe9","6ebfc978-b0f9-53ea-b796-0369a519a505","13291","Phường Phù Vân","phuong_phu_van","phường","1791616658326","1791616658326"
"24569610-470a-5fc8-b958-dca4c00de89b","6ebfc978-b0f9-53ea-b796-0369a519a505","13318","Phường Châu Sơn","phuong_chau_son","phường","1791616658326","1791616658326"
"dffe4e60-0cba-5b4b-a53f-a8c7f4aa8462","6ebfc978-b0f9-53ea-b796-0369a519a505","13324","Phường Duy Tiên","phuong_duy_tien","phường","1791616658326","1791616658326"
"a979544c-401c-5c62-bab2-bbd7f7ac51b3","6ebfc978-b0f9-53ea-b796-0369a519a505","13330","Phường Duy Tân","phuong_duy_tan","phường","1791616658326","1791616658326"
"dae30bbd-9db4-53a9-b128-7b3a658bd63d","6ebfc978-b0f9-53ea-b796-0369a519a505","13336","Phường Duy Hà","phuong_duy_ha","phường","1791616658326","1791616658326"
"78981c49-5b41-52a0-a38b-9d47b97df567","6ebfc978-b0f9-53ea-b796-0369a519a505","13348","Phường Đồng Văn","phuong_dong_van","phường","1791616658326","1791616658326"
"30dbf505-b02e-5bc3-a223-346f56c27a78","6ebfc978-b0f9-53ea-b796-0369a519a505","13363","Phường Tiên Sơn","phuong_tien_son","phường","1791616658326","1791616658326"
"777bd6c6-fe6e-57b1-b58c-0b0595bb0d84","6ebfc978-b0f9-53ea-b796-0369a519a505","13366","Phường Hà Nam","phuong_ha_nam","phường","1791616658326","1791616658326"
"77e8edb9-4fac-5aa6-9338-ebeb0e15221b","6ebfc978-b0f9-53ea-b796-0369a519a505","13384","Phường Kim Bảng","phuong_kim_bang","phường","1791616658326","1791616658326"
"17ca3db1-482d-5a1d-a9c7-a2edd2a34460","6ebfc978-b0f9-53ea-b796-0369a519a505","13393","Phường Lê Hồ","phuong_le_ho","phường","1791616658326","1791616658326"
"4693c204-03fe-5da7-bccb-766721331574","6ebfc978-b0f9-53ea-b796-0369a519a505","13396","Phường Nguyễn Uý","phuong_nguyen_uy","phường","1791616658326","1791616658326"
"dd967763-8619-5acd-a4e8-6a3f5c4a32a6","6ebfc978-b0f9-53ea-b796-0369a519a505","13402","Phường Kim Thanh","phuong_kim_thanh","phường","1791616658326","1791616658326"
"cc044fb3-c43a-57b8-85b6-6a96fd25d73b","6ebfc978-b0f9-53ea-b796-0369a519a505","13420","Phường Tam Chúc","phuong_tam_chuc","phường","1791616658326","1791616658326"
"d97cec8a-9414-53ec-bbf9-2b3bcbb5c65e","6ebfc978-b0f9-53ea-b796-0369a519a505","13435","Phường Lý Thường Kiệt","phuong_ly_thuong_kiet","phường","1791616658326","1791616658326"
"09c73486-0a6a-5544-b440-b56be957da08","6ebfc978-b0f9-53ea-b796-0369a519a505","13444","Phường Liêm Tuyền","phuong_liem_tuyen","phường","1791616658326","1791616658326"
"e11c779c-ab91-55be-b077-b465bfd1be23","6ebfc978-b0f9-53ea-b796-0369a519a505","13456","Xã Liêm Hà","xa_liem_ha","xã","1791616658326","1791616658326"
"7817d92e-a973-5511-b024-9a4135d8fc42","6ebfc978-b0f9-53ea-b796-0369a519a505","13474","Xã Tân Thanh","xa_tan_thanh","xã","1791616658326","1791616658326"
"4aa48292-116d-5c4f-b173-86126e551ba9","6ebfc978-b0f9-53ea-b796-0369a519a505","13483","Xã Thanh Bình","xa_thanh_binh","xã","1791616658326","1791616658326"
"227f6d01-ecc3-59ef-a256-c53a068a3154","6ebfc978-b0f9-53ea-b796-0369a519a505","13489","Xã Thanh Lâm","xa_thanh_lam","xã","1791616658326","1791616658326"
"e7db048c-13ef-5d38-85c6-9e77020018e9","6ebfc978-b0f9-53ea-b796-0369a519a505","13495","Xã Thanh Liêm","xa_thanh_liem","xã","1791616658326","1791616658326"
"4ec1505b-4f58-521a-9552-124c4ec7d1ed","6ebfc978-b0f9-53ea-b796-0369a519a505","13501","Xã Bình Mỹ","xa_binh_my","xã","1791616658326","1791616658326"
"678fdd99-63bd-53da-b76a-5da18b9609da","6ebfc978-b0f9-53ea-b796-0369a519a505","13504","Xã Bình Lục","xa_binh_luc","xã","1791616658326","1791616658326"
"bca84937-705c-5845-80d2-970f581d0add","6ebfc978-b0f9-53ea-b796-0369a519a505","13531","Xã Bình Giang","xa_binh_giang","xã","1791616658326","1791616658326"
"ec4e5ff4-44e8-5322-9ebc-4023b5edda13","6ebfc978-b0f9-53ea-b796-0369a519a505","13540","Xã Bình An","xa_binh_an","xã","1791616658326","1791616658326"
"2efdd0bc-65a3-54f1-a7b1-577ab0b644d1","6ebfc978-b0f9-53ea-b796-0369a519a505","13558","Xã Bình Sơn","xa_binh_son","xã","1791616658326","1791616658326"
"19f366a3-0307-5457-81f0-b5ca331494c6","6ebfc978-b0f9-53ea-b796-0369a519a505","13573","Xã Lý Nhân","xa_ly_nhan","xã","1791616658326","1791616658326"
"62c8f0af-961a-5070-9f09-be7931752f0a","6ebfc978-b0f9-53ea-b796-0369a519a505","13579","Xã Bắc Lý","xa_bac_ly","xã","1791616658326","1791616658326"
"29140524-c1f8-5b16-8821-7b13c22588df","6ebfc978-b0f9-53ea-b796-0369a519a505","13591","Xã Nam Xang","xa_nam_xang","xã","1791616658326","1791616658326"
"035ad306-e344-5165-922c-5c759713a6da","6ebfc978-b0f9-53ea-b796-0369a519a505","13594","Xã Trần Thương","xa_tran_thuong","xã","1791616658326","1791616658326"
"000fc1f8-d00e-5126-a32d-b72ff0285721","6ebfc978-b0f9-53ea-b796-0369a519a505","13597","Xã Vĩnh Trụ","xa_vinh_tru","xã","1791616658326","1791616658326"
"82df0aed-4042-5515-8f1c-ba68dc25a5d5","6ebfc978-b0f9-53ea-b796-0369a519a505","13609","Xã Nhân Hà","xa_nhan_ha","xã","1791616658326","1791616658326"
"c43da037-043e-5dda-9b08-1a6deb4f3ccd","6ebfc978-b0f9-53ea-b796-0369a519a505","13627","Xã Nam Lý","xa_nam_ly","xã","1791616658326","1791616658326"
"16921c66-56f0-5f5c-94a2-6d49f5a1f898","6ebfc978-b0f9-53ea-b796-0369a519a505","13669","Phường Nam Định","phuong_nam_dinh","phường","1791616658326","1791616658326"
"0be8dfb6-3806-5ddb-bb34-c12a230f95b9","6ebfc978-b0f9-53ea-b796-0369a519a505","13684","Phường Thiên Trường","phuong_thien_truong","phường","1791616658326","1791616658326"
"c7785aad-b1b3-53be-8081-9153e0997914","6ebfc978-b0f9-53ea-b796-0369a519a505","13693","Phường Đông A","phuong_dong_a","phường","1791616658326","1791616658326"
"4a640c67-13c5-595c-837c-fa8f2b88017b","6ebfc978-b0f9-53ea-b796-0369a519a505","13699","Phường Thành Nam","phuong_thanh_nam","phường","1791616658326","1791616658326"
"f977cb0d-730a-5798-91ee-b4d485cacfdc","6ebfc978-b0f9-53ea-b796-0369a519a505","13708","Phường Mỹ Lộc","phuong_my_loc","phường","1791616658326","1791616658326"
"786e94da-7abc-5a84-b208-b1578f781a42","6ebfc978-b0f9-53ea-b796-0369a519a505","13741","Xã Vụ Bản","xa_vu_ban","xã","1791616658326","1791616658326"
"4f2c2ab2-d54e-5a37-89e2-271a966969a9","6ebfc978-b0f9-53ea-b796-0369a519a505","13750","Xã Minh Tân","xa_minh_tan","xã","1791616658326","1791616658326"
"ede92505-2977-56c8-8f51-bb1d37881d7b","6ebfc978-b0f9-53ea-b796-0369a519a505","13753","Xã Hiển Khánh","xa_hien_khanh","xã","1791616658326","1791616658326"
"e0541544-e942-53df-866d-13ada8301b4e","6ebfc978-b0f9-53ea-b796-0369a519a505","13777","Phường Trường Thi","phuong_truong_thi","phường","1791616658326","1791616658326"
"8f8ce785-d05d-54a8-a229-74e064a44eb2","6ebfc978-b0f9-53ea-b796-0369a519a505","13786","Xã Liên Minh","xa_lien_minh","xã","1791616658326","1791616658326"
"452c5dfa-8f92-5bc3-8617-c9c85f590f51","6ebfc978-b0f9-53ea-b796-0369a519a505","13795","Xã Ý Yên","xa_y_yen","xã","1791616658326","1791616658326"
"5b37abb4-2c24-5b2d-95a6-2f2c99a8009a","6ebfc978-b0f9-53ea-b796-0369a519a505","13807","Xã Tân Minh","xa_tan_minh","xã","1791616658326","1791616658326"
"c7fbf7e7-0bee-5bc8-a173-243e6ebd3524","6ebfc978-b0f9-53ea-b796-0369a519a505","13822","Xã Phong Doanh","xa_phong_doanh","xã","1791616658326","1791616658326"
"b906807b-f9bc-5e33-bb1c-081c5310f3d3","6ebfc978-b0f9-53ea-b796-0369a519a505","13834","Xã Vũ Dương","xa_vu_duong","xã","1791616658326","1791616658326"
"3007edf3-14f6-58c7-ac37-df5ef6f7da64","6ebfc978-b0f9-53ea-b796-0369a519a505","13864","Xã Vạn Thắng","xa_van_thang","xã","1791616658326","1791616658326"
"f9fb4426-44d5-590f-9b12-046aba5b6ef1","6ebfc978-b0f9-53ea-b796-0369a519a505","13870","Xã Yên Cường","xa_yen_cuong","xã","1791616658326","1791616658326"
"7b24846c-d8d6-50ac-aba7-29ac5386411f","6ebfc978-b0f9-53ea-b796-0369a519a505","13879","Xã Yên Đồng","xa_yen_dong","xã","1791616658326","1791616658326"
"47909e3f-1906-5f6f-95c0-76553aff26a8","6ebfc978-b0f9-53ea-b796-0369a519a505","13891","Xã Nghĩa Hưng","xa_nghia_hung","xã","1791616658326","1791616658326"
"ec3eda82-63b9-51bc-a2a6-27f663d53a06","6ebfc978-b0f9-53ea-b796-0369a519a505","13894","Xã Rạng Đông","xa_rang_dong","xã","1791616658326","1791616658326"
"797cfd07-bb3d-5dca-bdb4-ac06a75da102","6ebfc978-b0f9-53ea-b796-0369a519a505","13900","Xã Đồng Thịnh","xa_dong_thinh","xã","1791616658326","1791616658326"
"fa48932d-d468-5cbf-9e0a-962e83412a0c","6ebfc978-b0f9-53ea-b796-0369a519a505","13918","Xã Nghĩa Sơn","xa_nghia_son","xã","1791616658326","1791616658326"
"34f51ec0-271b-5ce2-8e18-d164e65aa119","6ebfc978-b0f9-53ea-b796-0369a519a505","13927","Xã Hồng Phong","xa_hong_phong","xã","1791616658326","1791616658326"
"23da14c5-a131-5d12-85d6-963b372dfeb0","6ebfc978-b0f9-53ea-b796-0369a519a505","13939","Xã Quỹ Nhất","xa_quy_nhat","xã","1791616658326","1791616658326"
"29d59fcb-0c2d-5994-82ee-577fa883494c","6ebfc978-b0f9-53ea-b796-0369a519a505","13957","Xã Nghĩa Lâm","xa_nghia_lam","xã","1791616658326","1791616658326"
"c2375640-9f6e-514e-84b4-6ea32b924d1e","6ebfc978-b0f9-53ea-b796-0369a519a505","13966","Xã Nam Trực","xa_nam_truc","xã","1791616658326","1791616658326"
"347d5338-f5ac-54fb-a863-2edb2ab3d21a","6ebfc978-b0f9-53ea-b796-0369a519a505","13972","Phường Vị Khê","phuong_vi_khe","phường","1791616658326","1791616658326"
"34c5a811-93c5-53c2-8491-04d9964cb7f9","6ebfc978-b0f9-53ea-b796-0369a519a505","13984","Phường Hồng Quang","phuong_hong_quang","phường","1791616658326","1791616658326"
"a29d33b5-f840-5958-8f30-ca3c8dcd8109","6ebfc978-b0f9-53ea-b796-0369a519a505","13987","Xã Nam Hồng","xa_nam_hong","xã","1791616658326","1791616658326"
"f4f46226-8c8f-5843-9ea8-c11826d6ca8c","6ebfc978-b0f9-53ea-b796-0369a519a505","14005","Xã Nam Ninh","xa_nam_ninh","xã","1791616658326","1791616658326"
"9f3142a4-1f32-54f1-b58c-6e724630c850","6ebfc978-b0f9-53ea-b796-0369a519a505","14011","Xã Nam Minh","xa_nam_minh","xã","1791616658326","1791616658326"
"2ffe51c4-8966-5b72-9219-1db47a728f87","6ebfc978-b0f9-53ea-b796-0369a519a505","14014","Xã Nam Đồng","xa_nam_dong","xã","1791616658326","1791616658326"
"0a79a4ae-60ed-56a0-9c3f-2271e4bc05ac","6ebfc978-b0f9-53ea-b796-0369a519a505","14026","Xã Cổ Lễ","xa_co_le","xã","1791616658326","1791616658326"
"3791e828-695c-5366-b591-3654d321af7e","6ebfc978-b0f9-53ea-b796-0369a519a505","14038","Xã Ninh Giang","xa_ninh_giang","xã","1791616658326","1791616658326"
"de23aeba-981b-566a-aa02-7df3777668aa","6ebfc978-b0f9-53ea-b796-0369a519a505","14053","Xã Trực Ninh","xa_truc_ninh","xã","1791616658326","1791616658326"
"af35583a-f4a7-518d-b666-c2d74e66dd06","6ebfc978-b0f9-53ea-b796-0369a519a505","14056","Xã Cát Thành","xa_cat_thanh","xã","1791616658326","1791616658326"
"d71e76a3-4ffe-5f7c-852a-545a2ed145c9","6ebfc978-b0f9-53ea-b796-0369a519a505","14062","Xã Quang Hưng","xa_quang_hung","xã","1791616658326","1791616658326"
"8d66d3a7-910a-5c0f-9f4e-b274a8fd1593","6ebfc978-b0f9-53ea-b796-0369a519a505","14071","Xã Minh Thái","xa_minh_thai","xã","1791616658326","1791616658326"
"06511f25-c118-531c-a161-517ebbb5f585","6ebfc978-b0f9-53ea-b796-0369a519a505","14077","Xã Ninh Cường","xa_ninh_cuong","xã","1791616658326","1791616658326"
"f732f9af-95be-5943-b270-e70eefd38b63","6ebfc978-b0f9-53ea-b796-0369a519a505","14089","Xã Xuân Trường","xa_xuan_truong","xã","1791616658326","1791616658326"
"e783bf2f-68ca-51e7-927e-c6e9e54df83a","6ebfc978-b0f9-53ea-b796-0369a519a505","14095","Xã Xuân Hồng","xa_xuan_hong","xã","1791616658326","1791616658326"
"47a1a8e0-673e-5e0b-9a70-640724985b7d","6ebfc978-b0f9-53ea-b796-0369a519a505","14104","Xã Xuân Giang","xa_xuan_giang","xã","1791616658326","1791616658326"
"3bc7b59e-77d6-5451-b713-d38c7948e348","6ebfc978-b0f9-53ea-b796-0369a519a505","14122","Xã Xuân Hưng","xa_xuan_hung","xã","1791616658326","1791616658326"
"3aa820b9-f0e7-5c47-9fad-0838afa9bb28","6ebfc978-b0f9-53ea-b796-0369a519a505","14161","Xã Giao Minh","xa_giao_minh","xã","1791616658326","1791616658326"
"44ad827d-0b94-527e-9f8b-67f4c56bae8a","6ebfc978-b0f9-53ea-b796-0369a519a505","14167","Xã Giao Thuỷ","xa_giao_thuy","xã","1791616658326","1791616658326"
"2fd1d3b4-885d-58f3-b89b-5cc6be606261","6ebfc978-b0f9-53ea-b796-0369a519a505","14179","Xã Giao Hưng","xa_giao_hung","xã","1791616658326","1791616658326"
"8f889b90-4492-51be-9439-88c7840849cb","6ebfc978-b0f9-53ea-b796-0369a519a505","14182","Xã Giao Hoà","xa_giao_hoa","xã","1791616658326","1791616658326"
"2d665e09-48af-5433-a0a9-d78d6acb24f5","6ebfc978-b0f9-53ea-b796-0369a519a505","14194","Xã Giao Bình","xa_giao_binh","xã","1791616658326","1791616658326"
"0cf85401-a2ad-5f8e-a923-d3a7dd185bda","6ebfc978-b0f9-53ea-b796-0369a519a505","14203","Xã Giao Phúc","xa_giao_phuc","xã","1791616658326","1791616658326"
"366ffeda-f8f4-5637-abd9-3bbaa097bb44","6ebfc978-b0f9-53ea-b796-0369a519a505","14212","Xã Giao Ninh","xa_giao_ninh","xã","1791616658326","1791616658326"
"9a839139-b323-525b-931f-1071833a7f17","6ebfc978-b0f9-53ea-b796-0369a519a505","14215","Xã Hải Hậu","xa_hai_hau","xã","1791616658326","1791616658326"
"37a556d6-9939-5ce8-8387-6cde513c358e","6ebfc978-b0f9-53ea-b796-0369a519a505","14218","Xã Hải Tiến","xa_hai_tien","xã","1791616658326","1791616658326"
"7f6154f6-6d41-5a7c-be6b-b518955df6c4","6ebfc978-b0f9-53ea-b796-0369a519a505","14221","Xã Hải Thịnh","xa_hai_thinh","xã","1791616658326","1791616658326"
"c659e216-8167-5c9d-9520-5cc1f47764ab","6ebfc978-b0f9-53ea-b796-0369a519a505","14236","Xã Hải Anh","xa_hai_anh","xã","1791616658326","1791616658326"
"f214da75-143d-528f-a6a4-043d8a4e2fc6","6ebfc978-b0f9-53ea-b796-0369a519a505","14248","Xã Hải Hưng","xa_hai_hung","xã","1791616658326","1791616658326"
"5935f0ab-7772-549e-8fcf-9a8d5b14ae77","6ebfc978-b0f9-53ea-b796-0369a519a505","14281","Xã Hải An","xa_hai_an","xã","1791616658326","1791616658326"
"2cea1732-9507-5adf-8ac7-2d4d6faeb554","6ebfc978-b0f9-53ea-b796-0369a519a505","14287","Xã Hải Quang","xa_hai_quang","xã","1791616658326","1791616658326"
"87f29ec1-2912-5821-8158-07ed2d77d224","6ebfc978-b0f9-53ea-b796-0369a519a505","14308","Xã Hải Xuân","xa_hai_xuan","xã","1791616658326","1791616658326"
"8649c7e5-5fb1-504c-98f3-19b86c04eae6","6ebfc978-b0f9-53ea-b796-0369a519a505","14329","Phường Hoa Lư","phuong_hoa_lu","phường","1791616658326","1791616658326"
"d29adbec-3e33-5899-8bdf-24e315a3083c","6ebfc978-b0f9-53ea-b796-0369a519a505","14359","Phường Nam Hoa Lư","phuong_nam_hoa_lu","phường","1791616658326","1791616658326"
"7de66b65-d1f0-5970-bc2f-9ba7988e7a5f","6ebfc978-b0f9-53ea-b796-0369a519a505","14362","Phường Tam Điệp","phuong_tam_diep","phường","1791616658326","1791616658326"
"bdd95937-7115-5bab-bfec-83474d1fb452","6ebfc978-b0f9-53ea-b796-0369a519a505","14365","Phường Trung Sơn","phuong_trung_son","phường","1791616658326","1791616658326"
"515bea3a-7aa7-5f1a-b6e9-842f9794ca14","6ebfc978-b0f9-53ea-b796-0369a519a505","14371","Phường Yên Sơn","phuong_yen_son","phường","1791616658326","1791616658326"
"d27f4b33-5111-5d74-b29a-015821c2e603","6ebfc978-b0f9-53ea-b796-0369a519a505","14389","Xã Gia Lâm","xa_gia_lam","xã","1791616658326","1791616658326"
"765f104d-d640-58bc-920e-e5b776027041","6ebfc978-b0f9-53ea-b796-0369a519a505","14401","Xã Gia Tường","xa_gia_tuong","xã","1791616658326","1791616658326"
"5885392d-acf5-589e-b28c-c971330e1b80","6ebfc978-b0f9-53ea-b796-0369a519a505","14404","Xã Cúc Phương","xa_cuc_phuong","xã","1791616658326","1791616658326"
"b63995d3-54b3-550c-b048-f333df00275c","6ebfc978-b0f9-53ea-b796-0369a519a505","14407","Xã Phú Sơn","xa_phu_son","xã","1791616658326","1791616658326"
"197b1307-b47e-5f77-87b6-0cd63cb24433","6ebfc978-b0f9-53ea-b796-0369a519a505","14428","Xã Nho Quan","xa_nho_quan","xã","1791616658326","1791616658326"
"26c011cc-2997-5fcd-af2f-ba8fcf99bc34","6ebfc978-b0f9-53ea-b796-0369a519a505","14434","Xã Thanh Sơn","xa_thanh_son","xã","1791616658326","1791616658326"
"f55b6388-5ce6-53c8-9aa1-9bdda3f2cb6a","6ebfc978-b0f9-53ea-b796-0369a519a505","14452","Xã Quỳnh Lưu","xa_quynh_luu","xã","1791616658326","1791616658326"
"ab469468-1569-55d5-82e5-e90d37348658","6ebfc978-b0f9-53ea-b796-0369a519a505","14458","Xã Phú Long","xa_phu_long","xã","1791616658326","1791616658326"
"c53d50a8-0274-5b95-aa44-21aca8481462","6ebfc978-b0f9-53ea-b796-0369a519a505","14464","Xã Gia Viễn","xa_gia_vien","xã","1791616658326","1791616658326"
"31c05a69-ed64-5908-80fb-1345aaeb49b2","6ebfc978-b0f9-53ea-b796-0369a519a505","14482","Xã Gia Hưng","xa_gia_hung","xã","1791616658326","1791616658326"
"46085f15-6ecf-5d03-9786-eec0a20711b2","6ebfc978-b0f9-53ea-b796-0369a519a505","14488","Xã Gia Vân","xa_gia_van","xã","1791616658326","1791616658326"
"45d41ca1-0334-5105-8071-1564aff30268","6ebfc978-b0f9-53ea-b796-0369a519a505","14494","Xã Gia Trấn","xa_gia_tran","xã","1791616658326","1791616658326"
"b73020fa-eebb-5c3d-90ac-212af00ac658","6ebfc978-b0f9-53ea-b796-0369a519a505","14500","Xã Đại Hoàng","xa_dai_hoang","xã","1791616658326","1791616658326"
"a02e974d-88ae-59f8-86a5-b612915cf2f1","6ebfc978-b0f9-53ea-b796-0369a519a505","14524","Xã Gia Phong","xa_gia_phong","xã","1791616658326","1791616658326"
"af1af810-489a-5ed2-84ce-d71a4eaf4cce","6ebfc978-b0f9-53ea-b796-0369a519a505","14533","Phường Tây Hoa Lư","phuong_tay_hoa_lu","phường","1791616658326","1791616658326"
"95ab4c3c-91e2-5a91-b71b-13c2cdc643a6","6ebfc978-b0f9-53ea-b796-0369a519a505","14560","Xã Yên Khánh","xa_yen_khanh","xã","1791616658326","1791616658326"
"b294ef33-8984-51ca-aae8-654628bbd92b","6ebfc978-b0f9-53ea-b796-0369a519a505","14563","Xã Khánh Thiện","xa_khanh_thien","xã","1791616658326","1791616658326"
"30fea840-ff80-5bbc-9f23-eccacb959368","6ebfc978-b0f9-53ea-b796-0369a519a505","14566","Phường Đông Hoa Lư","phuong_dong_hoa_lu","phường","1791616658326","1791616658326"
"4655f8bb-cf74-557a-b598-fbdb5d10ea93","6ebfc978-b0f9-53ea-b796-0369a519a505","14608","Xã Khánh Trung","xa_khanh_trung","xã","1791616658326","1791616658326"
"8c89ee55-8682-5f0b-85b9-419fe8a1430c","6ebfc978-b0f9-53ea-b796-0369a519a505","14611","Xã Khánh Nhạc","xa_khanh_nhac","xã","1791616658326","1791616658326"
"2d99160e-febf-550a-8e05-9b2f23b16c3c","6ebfc978-b0f9-53ea-b796-0369a519a505","14614","Xã Khánh Hội","xa_khanh_hoi","xã","1791616658326","1791616658326"
"66bf71db-435e-5b63-b6e0-ec5f6fb76c6c","6ebfc978-b0f9-53ea-b796-0369a519a505","14620","Xã Phát Diệm","xa_phat_diem","xã","1791616658326","1791616658326"
"76d58044-a2ff-5700-944b-f343978603cb","6ebfc978-b0f9-53ea-b796-0369a519a505","14623","Xã Bình Minh","xa_binh_minh","xã","1791616658326","1791616658326"
"b4272eda-d2a3-5fef-aa5c-d5b62fdfb962","6ebfc978-b0f9-53ea-b796-0369a519a505","14638","Xã Kim Sơn","xa_kim_son","xã","1791616658326","1791616658326"
"c4913fbb-657d-5e51-94a5-ad52d1239198","6ebfc978-b0f9-53ea-b796-0369a519a505","14647","Xã Quang Thiện","xa_quang_thien","xã","1791616658326","1791616658326"
"0e4bcfcd-1dcb-5390-a6eb-5c7abf17adef","6ebfc978-b0f9-53ea-b796-0369a519a505","14653","Xã Chất Bình","xa_chat_binh","xã","1791616658326","1791616658326"
"549404e0-f488-5afe-97a9-913323adce44","6ebfc978-b0f9-53ea-b796-0369a519a505","14674","Xã Lai Thành","xa_lai_thanh","xã","1791616658326","1791616658326"
"b2d3d98a-9d7a-540a-898f-c82de40c048e","6ebfc978-b0f9-53ea-b796-0369a519a505","14677","Xã Định Hóa","xa_dinh_hoa","xã","1791616658326","1791616658326"
"0732ec9f-3623-5f79-9675-faa2eeacd4cd","6ebfc978-b0f9-53ea-b796-0369a519a505","14698","Xã Kim Đông","xa_kim_dong","xã","1791616658326","1791616658326"
"cd5c31c0-7c66-55b0-ba90-4f55932a4b1e","6ebfc978-b0f9-53ea-b796-0369a519a505","14701","Xã Yên Mô","xa_yen_mo","xã","1791616658326","1791616658326"
"96b7c68d-9c3b-5f67-b066-d8a582ed4fce","6ebfc978-b0f9-53ea-b796-0369a519a505","14725","Phường Yên Thắng","phuong_yen_thang","phường","1791616658326","1791616658326"
"40106e54-7bba-5cd8-abc8-97c94298a82e","6ebfc978-b0f9-53ea-b796-0369a519a505","14728","Xã Yên Từ","xa_yen_tu","xã","1791616658326","1791616658326"
"df55795e-2496-5d53-892a-1b278d65264e","6ebfc978-b0f9-53ea-b796-0369a519a505","14743","Xã Yên Mạc","xa_yen_mac","xã","1791616658326","1791616658326"
"448d94e7-a98d-5118-9499-fd9f6463d1ce","6ebfc978-b0f9-53ea-b796-0369a519a505","14746","Xã Đồng Thái","xa_dong_thai","xã","1791616658326","1791616658326"
"53a5ca0c-c136-5e7a-b6c3-e49ebee8a250","b005be22-e0e8-5c56-987e-cb6de96bdeb7","14758","Phường Hàm Rồng","phuong_ham_rong","phường","1791616658326","1791616658326"
"17544cac-346a-5264-9446-dfb117089c7c","b005be22-e0e8-5c56-987e-cb6de96bdeb7","14797","Phường Hạc Thành","phuong_hac_thanh","phường","1791616658326","1791616658326"
"94449e4d-4dc3-527c-85fd-43496da8a602","b005be22-e0e8-5c56-987e-cb6de96bdeb7","14812","Phường Bỉm Sơn","phuong_bim_son","phường","1791616658326","1791616658326"
"e173af6d-30b5-5cc3-9291-f8a7eb23a380","b005be22-e0e8-5c56-987e-cb6de96bdeb7","14818","Phường Quang Trung","phuong_quang_trung","phường","1791616658326","1791616658326"
"4884ef5d-4c54-5f9b-a440-ca155d07eca9","b005be22-e0e8-5c56-987e-cb6de96bdeb7","14845","Xã Mường Lát","xa_muong_lat","xã","1791616658326","1791616658326"
"73bfe231-8c84-5b09-ba58-38926fd05ab9","b005be22-e0e8-5c56-987e-cb6de96bdeb7","14848","Xã Tam Chung","xa_tam_chung","xã","1791616658326","1791616658326"
"c33a0fe1-56e6-535e-8ee8-0484f19d0933","b005be22-e0e8-5c56-987e-cb6de96bdeb7","14854","Xã Mường Lý","xa_muong_ly","xã","1791616658326","1791616658326"
"0365b353-9be7-5567-9839-d54a0096074c","b005be22-e0e8-5c56-987e-cb6de96bdeb7","14857","Xã Trung Lý","xa_trung_ly","xã","1791616658326","1791616658326"
"a16fefcc-daed-580c-9195-ed8842dedae4","b005be22-e0e8-5c56-987e-cb6de96bdeb7","14860","Xã Quang Chiểu","xa_quang_chieu","xã","1791616658326","1791616658326"
"fdafd75a-d646-58c3-a763-ac70902ba081","b005be22-e0e8-5c56-987e-cb6de96bdeb7","14863","Xã Pù Nhi","xa_pu_nhi","xã","1791616658326","1791616658326"
"b7ba108e-b4f5-58a2-84d6-9ddc306c5f13","b005be22-e0e8-5c56-987e-cb6de96bdeb7","14864","Xã Nhi Sơn","xa_nhi_son","xã","1791616658326","1791616658326"
"3c77b59a-ad41-5650-a7e3-11814af24d71","b005be22-e0e8-5c56-987e-cb6de96bdeb7","14866","Xã Mường Chanh","xa_muong_chanh","xã","1791616658326","1791616658326"
"ccedb0f1-fda1-5570-92e4-9dcf142ab188","b005be22-e0e8-5c56-987e-cb6de96bdeb7","14869","Xã Hồi Xuân","xa_hoi_xuan","xã","1791616658326","1791616658326"
"6ce349a9-c91a-5e75-a4ff-a7cf8086b467","b005be22-e0e8-5c56-987e-cb6de96bdeb7","14872","Xã Trung Thành","xa_trung_thanh","xã","1791616658326","1791616658326"
"01aca085-b4b7-5205-951b-393488a09361","b005be22-e0e8-5c56-987e-cb6de96bdeb7","14875","Xã Trung Sơn","xa_trung_son","xã","1791616658326","1791616658326"
"a30141c0-1a91-50d0-a6e5-7d7c1a54758c","b005be22-e0e8-5c56-987e-cb6de96bdeb7","14878","Xã Phú Lệ","xa_phu_le","xã","1791616658326","1791616658326"
"2d6bd093-9f91-5fa4-ab8e-ee93cecba973","b005be22-e0e8-5c56-987e-cb6de96bdeb7","14890","Xã Phú Xuân","xa_phu_xuan","xã","1791616658326","1791616658326"
"81d5c1c9-bc17-5fe4-831f-fe68d54db255","b005be22-e0e8-5c56-987e-cb6de96bdeb7","14896","Xã Hiền Kiệt","xa_hien_kiet","xã","1791616658326","1791616658326"
"781f01b9-cb93-5241-9ad7-cb000fa5778e","b005be22-e0e8-5c56-987e-cb6de96bdeb7","14902","Xã Nam Xuân","xa_nam_xuan","xã","1791616658326","1791616658326"
"afb1d925-cc5e-5be9-8b11-8c4595a0df8d","b005be22-e0e8-5c56-987e-cb6de96bdeb7","14908","Xã Thiên Phủ","xa_thien_phu","xã","1791616658326","1791616658326"
"85cf7e7b-c0fc-557f-84fa-c3792244926c","b005be22-e0e8-5c56-987e-cb6de96bdeb7","14923","Xã Bá Thước","xa_ba_thuoc","xã","1791616658326","1791616658326"
"79b1eb24-3e59-571a-a62f-e197257aad9d","b005be22-e0e8-5c56-987e-cb6de96bdeb7","14932","Xã Điền Quang","xa_dien_quang","xã","1791616658326","1791616658326"
"84fe412d-bc67-5d67-8ca5-cbc86d2a30a5","b005be22-e0e8-5c56-987e-cb6de96bdeb7","14950","Xã Điền Lư","xa_dien_lu","xã","1791616658326","1791616658326"
"6895435a-532d-54e4-9d60-4662f56bd7ff","b005be22-e0e8-5c56-987e-cb6de96bdeb7","14953","Xã Quý Lương","xa_quy_luong","xã","1791616658326","1791616658326"
"54232e6c-5646-5e5c-8083-3dceddc84306","b005be22-e0e8-5c56-987e-cb6de96bdeb7","14956","Xã Pù Luông","xa_pu_luong","xã","1791616658326","1791616658326"
"23e4b432-2148-5eeb-8e56-20f426b450b1","b005be22-e0e8-5c56-987e-cb6de96bdeb7","14959","Xã Cổ Lũng","xa_co_lung","xã","1791616658326","1791616658326"
"b75d7c47-0bfe-5250-b334-a082ba06ecaf","b005be22-e0e8-5c56-987e-cb6de96bdeb7","14974","Xã Văn Nho","xa_van_nho","xã","1791616658326","1791616658326"
"8706bea9-2a83-57a1-aa0e-4c5edfafeedc","b005be22-e0e8-5c56-987e-cb6de96bdeb7","14980","Xã Thiết Ống","xa_thiet_ong","xã","1791616658326","1791616658326"
"d00e4098-5add-5d8a-97df-0cca4d0323f1","b005be22-e0e8-5c56-987e-cb6de96bdeb7","15001","Xã Trung Hạ","xa_trung_ha","xã","1791616658326","1791616658326"
"97d91a67-63c5-50e9-b409-23fff24b8469","b005be22-e0e8-5c56-987e-cb6de96bdeb7","15007","Xã Tam Thanh","xa_tam_thanh","xã","1791616658326","1791616658326"
"468c6bcc-ad97-5136-90e4-961d627b379b","b005be22-e0e8-5c56-987e-cb6de96bdeb7","15010","Xã Sơn Thủy","xa_son_thuy","xã","1791616658326","1791616658326"
"1b36d7bd-dc84-587b-a82a-bae64a41a3d4","b005be22-e0e8-5c56-987e-cb6de96bdeb7","15013","Xã Na Mèo","xa_na_meo","xã","1791616658326","1791616658326"
"fc282f79-62fd-5bc0-a6d3-a6392caf9155","b005be22-e0e8-5c56-987e-cb6de96bdeb7","15016","Xã Quan Sơn","xa_quan_son","xã","1791616658326","1791616658326"
"d38067b6-2a4b-564f-a6e8-bbcf4d94be99","b005be22-e0e8-5c56-987e-cb6de96bdeb7","15019","Xã Tam Lư","xa_tam_lu","xã","1791616658326","1791616658326"
"a34fe801-41b1-57b9-9b9a-9c6d80020263","b005be22-e0e8-5c56-987e-cb6de96bdeb7","15022","Xã Sơn Điện","xa_son_dien","xã","1791616658326","1791616658326"
"1eedc623-ec78-5094-b66f-07376e1df1ea","b005be22-e0e8-5c56-987e-cb6de96bdeb7","15025","Xã Mường Mìn","xa_muong_min","xã","1791616658326","1791616658326"
"b9c60b6a-29c7-54e4-9c3d-6e1caa37f54b","b005be22-e0e8-5c56-987e-cb6de96bdeb7","15031","Xã Yên Khương","xa_yen_khuong","xã","1791616658326","1791616658326"
"de5ea3b5-a51e-50d8-a76e-d4fcb8504813","b005be22-e0e8-5c56-987e-cb6de96bdeb7","15034","Xã Yên Thắng","xa_yen_thang","xã","1791616658326","1791616658326"
"dcdb5f69-c8ea-50fb-85d2-e90e4f88d197","b005be22-e0e8-5c56-987e-cb6de96bdeb7","15043","Xã Giao An","xa_giao_an","xã","1791616658326","1791616658326"
"f89ada6c-cd0d-54d2-a3e1-277384525381","b005be22-e0e8-5c56-987e-cb6de96bdeb7","15049","Xã Văn Phú","xa_van_phu","xã","1791616658326","1791616658326"
"fd9d8cc7-2e5b-530d-b495-ad9261ca57eb","b005be22-e0e8-5c56-987e-cb6de96bdeb7","15055","Xã Linh Sơn","xa_linh_son","xã","1791616658326","1791616658326"
"c516446e-4099-5480-98f4-60a6484cf595","b005be22-e0e8-5c56-987e-cb6de96bdeb7","15058","Xã Đồng Lương","xa_dong_luong","xã","1791616658326","1791616658326"
"acdf94a7-a647-57da-b2af-90380cb4273c","b005be22-e0e8-5c56-987e-cb6de96bdeb7","15061","Xã Ngọc Lặc","xa_ngoc_lac","xã","1791616658326","1791616658326"
"836c7bf7-3345-52fd-92da-be953b65fbc0","b005be22-e0e8-5c56-987e-cb6de96bdeb7","15085","Xã Thạch Lập","xa_thach_lap","xã","1791616658326","1791616658326"
"5c2bdaa0-323c-5cd1-bc74-9c66578b6152","b005be22-e0e8-5c56-987e-cb6de96bdeb7","15091","Xã Ngọc Liên","xa_ngoc_lien","xã","1791616658326","1791616658326"
"bc0d9891-33bb-5ed2-9c87-50b0496aa878","b005be22-e0e8-5c56-987e-cb6de96bdeb7","15106","Xã Nguyệt Ấn","xa_nguyet_an","xã","1791616658326","1791616658326"
"a06aa7a8-b53a-59fc-a1b4-36f352fbd4e0","b005be22-e0e8-5c56-987e-cb6de96bdeb7","15112","Xã Kiên Thọ","xa_kien_tho","xã","1791616658326","1791616658326"
"23d40ee1-35ce-5356-b957-84d914f82aa9","b005be22-e0e8-5c56-987e-cb6de96bdeb7","15124","Xã Minh Sơn","xa_minh_son","xã","1791616658326","1791616658326"
"0b5ff135-19ae-52c7-a07e-96885fe302e8","b005be22-e0e8-5c56-987e-cb6de96bdeb7","15127","Xã Cẩm Thủy","xa_cam_thuy","xã","1791616658326","1791616658326"
"ac921058-85b1-5fde-9e7a-23430af44845","b005be22-e0e8-5c56-987e-cb6de96bdeb7","15142","Xã Cẩm Thạch","xa_cam_thach","xã","1791616658326","1791616658326"
"4c97bf6d-7a79-58af-b68d-ff65802f7879","b005be22-e0e8-5c56-987e-cb6de96bdeb7","15148","Xã Cẩm Tú","xa_cam_tu","xã","1791616658326","1791616658326"
"3d8032e1-45be-54fa-ac61-71627bb9c85f","b005be22-e0e8-5c56-987e-cb6de96bdeb7","15163","Xã Cẩm Vân","xa_cam_van","xã","1791616658326","1791616658326"
"441a1fb3-f14b-5c26-b707-ac6f8e3169e0","b005be22-e0e8-5c56-987e-cb6de96bdeb7","15178","Xã Cẩm Tân","xa_cam_tan","xã","1791616658326","1791616658326"
"b8873202-380b-5d86-a5e5-1b14f3ea6e32","b005be22-e0e8-5c56-987e-cb6de96bdeb7","15187","Xã Kim Tân","xa_kim_tan","xã","1791616658326","1791616658326"
"e1cf7d76-f2ce-549a-b30a-2d28f2948438","b005be22-e0e8-5c56-987e-cb6de96bdeb7","15190","Xã Vân Du","xa_van_du","xã","1791616658326","1791616658326"
"f0274272-ad73-5367-8562-bf47cebaf159","b005be22-e0e8-5c56-987e-cb6de96bdeb7","15199","Xã Thạch Quảng","xa_thach_quang","xã","1791616658326","1791616658326"
"4557f667-00dc-505d-b1f7-675fc4d75a61","b005be22-e0e8-5c56-987e-cb6de96bdeb7","15211","Xã Thạch Bình","xa_thach_binh","xã","1791616658326","1791616658326"
"037f3819-c5f3-5ad4-b510-d2a8a2c4713b","b005be22-e0e8-5c56-987e-cb6de96bdeb7","15229","Xã Thành Vinh","xa_thanh_vinh","xã","1791616658326","1791616658326"
"c475a22a-08bb-53aa-a1fd-ac281eb68c0a","b005be22-e0e8-5c56-987e-cb6de96bdeb7","15250","Xã Ngọc Trạo","xa_ngoc_trao","xã","1791616658326","1791616658326"
"7e4090bc-45be-583f-a79e-623f37d95a76","b005be22-e0e8-5c56-987e-cb6de96bdeb7","15271","Xã Hà Trung","xa_ha_trung","xã","1791616658326","1791616658326"
"1141d213-2ccc-5018-b287-02eff6735b41","b005be22-e0e8-5c56-987e-cb6de96bdeb7","15274","Xã Hà Long","xa_ha_long","xã","1791616658326","1791616658326"
"37f07727-17a2-5768-823a-b8ce0fbe988d","b005be22-e0e8-5c56-987e-cb6de96bdeb7","15286","Xã Hoạt Giang","xa_hoat_giang","xã","1791616658326","1791616658326"
"e9cd4b8e-cc5d-556f-8ffe-003d4e9f314d","b005be22-e0e8-5c56-987e-cb6de96bdeb7","15298","Xã Lĩnh Toại","xa_linh_toai","xã","1791616658326","1791616658326"
"e509de77-fb5e-53f2-a749-3ae432967623","b005be22-e0e8-5c56-987e-cb6de96bdeb7","15316","Xã Tống Sơn","xa_tong_son","xã","1791616658326","1791616658326"
"4704ee41-6b03-5d6a-974d-dd84613f44c0","b005be22-e0e8-5c56-987e-cb6de96bdeb7","15349","Xã Vĩnh Lộc","xa_vinh_loc","xã","1791616658326","1791616658326"
"4a0ab7bb-f122-5d7f-9fac-e2eb0efec3af","b005be22-e0e8-5c56-987e-cb6de96bdeb7","15361","Xã Tây Đô","xa_tay_do","xã","1791616658326","1791616658326"
"2189b808-d13d-5628-b410-4288e2159d55","b005be22-e0e8-5c56-987e-cb6de96bdeb7","15382","Xã Biện Thượng","xa_bien_thuong","xã","1791616658326","1791616658326"
"3d1ffd49-5917-5282-acf0-22dc379ea8b9","b005be22-e0e8-5c56-987e-cb6de96bdeb7","15409","Xã Yên Phú","xa_yen_phu","xã","1791616658326","1791616658326"
"d1b44cfc-1b43-5adb-8450-d85ba412aaf5","b005be22-e0e8-5c56-987e-cb6de96bdeb7","15412","Xã Quý Lộc","xa_quy_loc","xã","1791616658326","1791616658326"
"45c5e62d-b74f-511b-99ac-083242118997","b005be22-e0e8-5c56-987e-cb6de96bdeb7","15421","Xã Yên Trường","xa_yen_truong","xã","1791616658326","1791616658326"
"cbce31cd-6116-5b9a-add8-cb8ff15129d9","b005be22-e0e8-5c56-987e-cb6de96bdeb7","15442","Xã Yên Ninh","xa_yen_ninh","xã","1791616658326","1791616658326"
"c5f863c1-2374-50ef-991c-a715e22030b8","b005be22-e0e8-5c56-987e-cb6de96bdeb7","15448","Xã Định Hòa","xa_dinh_hoa","xã","1791616658326","1791616658326"
"90a141ae-e58f-5ba1-8636-ea51953f2d5d","b005be22-e0e8-5c56-987e-cb6de96bdeb7","15457","Xã Định Tân","xa_dinh_tan","xã","1791616658326","1791616658326"
"d786567f-cb11-5345-b245-7939f8163d97","b005be22-e0e8-5c56-987e-cb6de96bdeb7","15469","Xã Yên Định","xa_yen_dinh","xã","1791616658326","1791616658326"
"13288996-53bc-539c-80b7-2b4c56c4a769","b005be22-e0e8-5c56-987e-cb6de96bdeb7","15499","Xã Thọ Xuân","xa_tho_xuan","xã","1791616658326","1791616658326"
"844c950a-a990-5634-b1e9-bcd4f2a67d9d","b005be22-e0e8-5c56-987e-cb6de96bdeb7","15505","Xã Thọ Long","xa_tho_long","xã","1791616658326","1791616658326"
"2c0826c7-57af-53dd-ba71-c4dc4a89c001","b005be22-e0e8-5c56-987e-cb6de96bdeb7","15520","Xã Xuân Hòa","xa_xuan_hoa","xã","1791616658326","1791616658326"
"e21eff45-ce97-5f4e-8a80-494a9c2cfd36","b005be22-e0e8-5c56-987e-cb6de96bdeb7","15544","Xã Lam Sơn","xa_lam_son","xã","1791616658326","1791616658326"
"fd206ee3-06c3-59f2-a9a4-e81185f77bc5","b005be22-e0e8-5c56-987e-cb6de96bdeb7","15553","Xã Sao Vàng","xa_sao_vang","xã","1791616658326","1791616658326"
"7792e742-3781-564f-99fb-e9c7e9a56a34","b005be22-e0e8-5c56-987e-cb6de96bdeb7","15568","Xã Thọ Lập","xa_tho_lap","xã","1791616658326","1791616658326"
"133433d8-e4ab-545a-adb8-f5828bdd50e1","b005be22-e0e8-5c56-987e-cb6de96bdeb7","15574","Xã Xuân Tín","xa_xuan_tin","xã","1791616658326","1791616658326"
"727cb62a-1b84-5813-8f81-17f7330ed1fa","b005be22-e0e8-5c56-987e-cb6de96bdeb7","15592","Xã Xuân Lập","xa_xuan_lap","xã","1791616658326","1791616658326"
"65e231ca-87bf-530c-a3c8-027b2d91d019","b005be22-e0e8-5c56-987e-cb6de96bdeb7","15607","Xã Bát Mọt","xa_bat_mot","xã","1791616658326","1791616658326"
"a3409674-3f6f-5a08-ba98-4134768ceb18","b005be22-e0e8-5c56-987e-cb6de96bdeb7","15610","Xã Yên Nhân","xa_yen_nhan","xã","1791616658326","1791616658326"
"954b03fc-7d3a-524f-bd49-2032d1b20624","b005be22-e0e8-5c56-987e-cb6de96bdeb7","15622","Xã Vạn Xuân","xa_van_xuan","xã","1791616658326","1791616658326"
"40292bc4-e898-5e96-9455-cc376128c4b2","b005be22-e0e8-5c56-987e-cb6de96bdeb7","15628","Xã Lương Sơn","xa_luong_son","xã","1791616658326","1791616658326"
"15f094de-6e85-525c-9c61-89bb7c37db5b","b005be22-e0e8-5c56-987e-cb6de96bdeb7","15634","Xã Luận Thành","xa_luan_thanh","xã","1791616658326","1791616658326"
"032e2987-d9f7-5f50-a55a-f667b8f6cf96","b005be22-e0e8-5c56-987e-cb6de96bdeb7","15643","Xã Thắng Lộc","xa_thang_loc","xã","1791616658326","1791616658326"
"8408fa6e-02e7-515e-aadd-acf95b763d39","b005be22-e0e8-5c56-987e-cb6de96bdeb7","15646","Xã Thường Xuân","xa_thuong_xuan","xã","1791616658326","1791616658326"
"62fc2052-3cfd-5e5b-8647-770f7bbfecc4","b005be22-e0e8-5c56-987e-cb6de96bdeb7","15658","Xã Xuân Chinh","xa_xuan_chinh","xã","1791616658326","1791616658326"
"76da777f-c070-59ac-9612-2d0e7cc8e997","b005be22-e0e8-5c56-987e-cb6de96bdeb7","15661","Xã Tân Thành","xa_tan_thanh","xã","1791616658326","1791616658326"
"7fc772a2-ef1a-51f0-a7ea-3d9bff0672aa","b005be22-e0e8-5c56-987e-cb6de96bdeb7","15664","Xã Triệu Sơn","xa_trieu_son","xã","1791616658326","1791616658326"
"f37356f7-4775-51cc-99f0-12d41c48f318","b005be22-e0e8-5c56-987e-cb6de96bdeb7","15667","Xã Thọ Bình","xa_tho_binh","xã","1791616658326","1791616658326"
"3ea9330a-147e-5982-9b55-238ca927283c","b005be22-e0e8-5c56-987e-cb6de96bdeb7","15682","Xã Hợp Tiến","xa_hop_tien","xã","1791616658326","1791616658326"
"c87d504b-c012-5c3e-a793-64fd03c55f15","b005be22-e0e8-5c56-987e-cb6de96bdeb7","15715","Xã Tân Ninh","xa_tan_ninh","xã","1791616658326","1791616658326"
"704eae8b-4393-5431-af05-cc9f9fa0f00f","b005be22-e0e8-5c56-987e-cb6de96bdeb7","15724","Xã Đồng Tiến","xa_dong_tien","xã","1791616658326","1791616658326"
"35b6ba5a-210c-5ab0-bb64-41000895cf44","b005be22-e0e8-5c56-987e-cb6de96bdeb7","15754","Xã Thọ Ngọc","xa_tho_ngoc","xã","1791616658326","1791616658326"
"db191319-2352-5132-ae35-2aa27e0dcfc3","b005be22-e0e8-5c56-987e-cb6de96bdeb7","15763","Xã Thọ Phú","xa_tho_phu","xã","1791616658326","1791616658326"
"bb7bbfbb-afd5-5cc3-990e-8b6e14652346","b005be22-e0e8-5c56-987e-cb6de96bdeb7","15766","Xã An Nông","xa_an_nong","xã","1791616658326","1791616658326"
"1055e1e8-6091-5e8e-ab79-a2300fb175f3","b005be22-e0e8-5c56-987e-cb6de96bdeb7","15772","Xã Thiệu Hóa","xa_thieu_hoa","xã","1791616658326","1791616658326"
"56a48140-0382-5c35-ba4c-d2348da45a11","b005be22-e0e8-5c56-987e-cb6de96bdeb7","15778","Xã Thiệu Tiến","xa_thieu_tien","xã","1791616658326","1791616658326"
"512fed3c-af8a-57ce-a239-ab28e6db4294","b005be22-e0e8-5c56-987e-cb6de96bdeb7","15796","Xã Thiệu Quang","xa_thieu_quang","xã","1791616658326","1791616658326"
"71f255b2-61d7-51b4-8532-085a14c6e7bf","b005be22-e0e8-5c56-987e-cb6de96bdeb7","15820","Xã Thiệu Toán","xa_thieu_toan","xã","1791616658326","1791616658326"
"c9b24c7f-d7c2-5884-ac2b-fd63cf7d1e14","b005be22-e0e8-5c56-987e-cb6de96bdeb7","15835","Xã Thiệu Trung","xa_thieu_trung","xã","1791616658326","1791616658326"
"f065bb43-c6f4-5725-ba99-4234ab1cedd8","b005be22-e0e8-5c56-987e-cb6de96bdeb7","15853","Phường Đông Tiến","phuong_dong_tien","phường","1791616658326","1791616658326"
"f5c37143-bda7-5fc6-95b6-95d8eda079af","b005be22-e0e8-5c56-987e-cb6de96bdeb7","15865","Xã Hoằng Hóa","xa_hoang_hoa","xã","1791616658326","1791616658326"
"cda401bf-616c-5790-b449-28fb4e27410a","b005be22-e0e8-5c56-987e-cb6de96bdeb7","15880","Xã Hoằng Giang","xa_hoang_giang","xã","1791616658326","1791616658326"
"d3779cf5-6a7a-58f6-a9a6-06544eb44a72","b005be22-e0e8-5c56-987e-cb6de96bdeb7","15889","Xã Hoằng Phú","xa_hoang_phu","xã","1791616658326","1791616658326"
"0cf2a2ff-5694-50b9-b52b-3f3b16f918d4","b005be22-e0e8-5c56-987e-cb6de96bdeb7","15910","Xã Hoằng Sơn","xa_hoang_son","xã","1791616658326","1791616658326"
"5c2c4790-906e-50b8-b66d-9ed0c0693cb0","b005be22-e0e8-5c56-987e-cb6de96bdeb7","15925","Phường Nguyệt Viên","phuong_nguyet_vien","phường","1791616658326","1791616658326"
"6cfa32f0-e02d-5bc5-b804-a77100c35ae0","b005be22-e0e8-5c56-987e-cb6de96bdeb7","15961","Xã Hoằng Lộc","xa_hoang_loc","xã","1791616658326","1791616658326"
"7a0ff886-5145-5eb2-af4c-5aba3d185a11","b005be22-e0e8-5c56-987e-cb6de96bdeb7","15976","Xã Hoằng Châu","xa_hoang_chau","xã","1791616658326","1791616658326"
"6a96dccb-353b-5b2e-a941-866a28acfd36","b005be22-e0e8-5c56-987e-cb6de96bdeb7","15991","Xã Hoằng Tiến","xa_hoang_tien","xã","1791616658326","1791616658326"
"956b247a-c7a1-5493-8c0b-805f59bbdabf","b005be22-e0e8-5c56-987e-cb6de96bdeb7","16000","Xã Hoằng Thanh","xa_hoang_thanh","xã","1791616658326","1791616658326"
"9a89b98c-21e3-51fb-872e-b682430a9fa7","b005be22-e0e8-5c56-987e-cb6de96bdeb7","16012","Xã Hậu Lộc","xa_hau_loc","xã","1791616658326","1791616658326"
"aebbbfce-2ff2-51ca-84a4-3b2047e78662","b005be22-e0e8-5c56-987e-cb6de96bdeb7","16021","Xã Triệu Lộc","xa_trieu_loc","xã","1791616658326","1791616658326"
"14f14955-0e30-55a0-a176-db098d704396","b005be22-e0e8-5c56-987e-cb6de96bdeb7","16033","Xã Đông Thành","xa_dong_thanh","xã","1791616658326","1791616658326"
"38c87694-f43b-593a-937d-1e665132519f","b005be22-e0e8-5c56-987e-cb6de96bdeb7","16072","Xã Hoa Lộc","xa_hoa_loc","xã","1791616658326","1791616658326"
"aedb9c28-0e86-5584-b791-cec71e42472f","b005be22-e0e8-5c56-987e-cb6de96bdeb7","16078","Xã Vạn Lộc","xa_van_loc","xã","1791616658326","1791616658326"
"2be74615-14b4-5468-9561-1453b5eba9d2","b005be22-e0e8-5c56-987e-cb6de96bdeb7","16093","Xã Nga Sơn","xa_nga_son","xã","1791616658326","1791616658326"
"c8ad498a-e942-53ec-85b0-6a90ebc36266","b005be22-e0e8-5c56-987e-cb6de96bdeb7","16108","Xã Tân Tiến","xa_tan_tien","xã","1791616658326","1791616658326"
"09be6803-93dc-540d-ba0d-171061533ace","b005be22-e0e8-5c56-987e-cb6de96bdeb7","16114","Xã Nga Thắng","xa_nga_thang","xã","1791616658326","1791616658326"
"bf541573-6f38-536c-9dc7-8ad811e18c5c","b005be22-e0e8-5c56-987e-cb6de96bdeb7","16138","Xã Hồ Vương","xa_ho_vuong","xã","1791616658326","1791616658326"
"e8486048-6237-5472-9367-6dc20d8a937a","b005be22-e0e8-5c56-987e-cb6de96bdeb7","16144","Xã Nga An","xa_nga_an","xã","1791616658326","1791616658326"
"ec0c2fb8-35f2-56dc-bc91-6c08c2409134","b005be22-e0e8-5c56-987e-cb6de96bdeb7","16171","Xã Ba Đình","xa_ba_dinh","xã","1791616658326","1791616658326"
"d9bc7975-853b-5573-a5fa-1f65039653b3","b005be22-e0e8-5c56-987e-cb6de96bdeb7","16174","Xã Như Xuân","xa_nhu_xuan","xã","1791616658326","1791616658326"
"9b89607c-20c6-5a00-ad0e-6a48e5ce9c61","b005be22-e0e8-5c56-987e-cb6de96bdeb7","16177","Xã Xuân Bình","xa_xuan_binh","xã","1791616658326","1791616658326"
"d499e331-d3be-5d62-b60f-e57331c441a1","b005be22-e0e8-5c56-987e-cb6de96bdeb7","16186","Xã Hóa Quỳ","xa_hoa_quy","xã","1791616658326","1791616658326"
"dd31f98f-1ffe-5183-9c31-9d7b2a935064","b005be22-e0e8-5c56-987e-cb6de96bdeb7","16213","Xã Thanh Phong","xa_thanh_phong","xã","1791616658326","1791616658326"
"dd6e5265-4e3a-53a6-89fe-b0af055eaae5","b005be22-e0e8-5c56-987e-cb6de96bdeb7","16222","Xã Thanh Quân","xa_thanh_quan","xã","1791616658326","1791616658326"
"caeebc33-c429-545b-bfd4-f9b716cf3d5a","b005be22-e0e8-5c56-987e-cb6de96bdeb7","16225","Xã Thượng Ninh","xa_thuong_ninh","xã","1791616658326","1791616658326"
"7830145a-0233-53ae-8711-bbb78470e40e","b005be22-e0e8-5c56-987e-cb6de96bdeb7","16228","Xã Như Thanh","xa_nhu_thanh","xã","1791616658326","1791616658326"
"1135568b-a037-5e88-a48a-a98ebc5fc1de","b005be22-e0e8-5c56-987e-cb6de96bdeb7","16234","Xã Xuân Du","xa_xuan_du","xã","1791616658326","1791616658326"
"fde0d49a-d58c-57e3-ae08-acdae7870dbc","b005be22-e0e8-5c56-987e-cb6de96bdeb7","16249","Xã Mậu Lâm","xa_mau_lam","xã","1791616658326","1791616658326"
"1308919e-85c8-54d2-ad95-f5534857ce87","b005be22-e0e8-5c56-987e-cb6de96bdeb7","16258","Xã Xuân Thái","xa_xuan_thai","xã","1791616658326","1791616658326"
"f3cf8478-b4a8-5d1c-8b7c-0fb86d7bd50c","b005be22-e0e8-5c56-987e-cb6de96bdeb7","16264","Xã Yên Thọ","xa_yen_tho","xã","1791616658326","1791616658326"
"bb944726-1a91-5bfb-bbe7-b1a79bec8a9c","b005be22-e0e8-5c56-987e-cb6de96bdeb7","16273","Xã Thanh Kỳ","xa_thanh_ky","xã","1791616658326","1791616658326"
"0a7f6112-cffc-5b92-9561-8eb8d08e66dd","b005be22-e0e8-5c56-987e-cb6de96bdeb7","16279","Xã Nông Cống","xa_nong_cong","xã","1791616658326","1791616658326"
"bf088237-4fd3-5ad3-968e-967f80107653","b005be22-e0e8-5c56-987e-cb6de96bdeb7","16297","Xã Trung Chính","xa_trung_chinh","xã","1791616658326","1791616658326"
"4e62dff4-0383-59da-8478-67a19ccee284","b005be22-e0e8-5c56-987e-cb6de96bdeb7","16309","Xã Thắng Lợi","xa_thang_loi","xã","1791616658326","1791616658326"
"c0a22372-7ee8-5fe1-b63a-f40d53b60858","b005be22-e0e8-5c56-987e-cb6de96bdeb7","16342","Xã Thăng Bình","xa_thang_binh","xã","1791616658326","1791616658326"
"22031e78-640e-54db-832d-d2d5072868bd","b005be22-e0e8-5c56-987e-cb6de96bdeb7","16348","Xã Trường Văn","xa_truong_van","xã","1791616658326","1791616658326"
"a7977e52-76b6-5c11-a436-ec2f63a751b5","b005be22-e0e8-5c56-987e-cb6de96bdeb7","16363","Xã Tượng Lĩnh","xa_tuong_linh","xã","1791616658326","1791616658326"
"cdb6dc0b-b583-5408-8d6e-a0b808b101de","b005be22-e0e8-5c56-987e-cb6de96bdeb7","16369","Xã Công Chính","xa_cong_chinh","xã","1791616658326","1791616658326"
"cecf16fd-3b75-50cb-8d0d-13377819c149","b005be22-e0e8-5c56-987e-cb6de96bdeb7","16378","Phường Đông Sơn","phuong_dong_son","phường","1791616658326","1791616658326"
"f32c1bff-9e18-5bf9-8820-b527f9ec6b7b","b005be22-e0e8-5c56-987e-cb6de96bdeb7","16417","Phường Đông Quang","phuong_dong_quang","phường","1791616658326","1791616658326"
"cc8374e0-a52d-524a-b148-177771d3b501","b005be22-e0e8-5c56-987e-cb6de96bdeb7","16438","Xã Lưu Vệ","xa_luu_ve","xã","1791616658326","1791616658326"
"2f6c60dd-ff03-58be-947c-85f997f6842d","b005be22-e0e8-5c56-987e-cb6de96bdeb7","16480","Xã Quảng Yên","xa_quang_yen","xã","1791616658326","1791616658326"
"3399f1c0-8fd9-546c-b2b9-3958240874d0","b005be22-e0e8-5c56-987e-cb6de96bdeb7","16489","Xã Quảng Chính","xa_quang_chinh","xã","1791616658326","1791616658326"
"54ea6bcb-1333-55d7-b180-a069afa2a2cd","b005be22-e0e8-5c56-987e-cb6de96bdeb7","16498","Xã Quảng Ngọc","xa_quang_ngoc","xã","1791616658326","1791616658326"
"a1417d35-5952-5b62-bf78-b3462aa7f88b","b005be22-e0e8-5c56-987e-cb6de96bdeb7","16516","Phường Nam Sầm Sơn","phuong_nam_sam_son","phường","1791616658326","1791616658326"
"7e039de1-dd1c-5c8b-915b-5ded77ef73a3","b005be22-e0e8-5c56-987e-cb6de96bdeb7","16522","Phường Quảng Phú","phuong_quang_phu","phường","1791616658326","1791616658326"
"67d7e667-8b3a-5f50-9774-b065f9ec13e8","b005be22-e0e8-5c56-987e-cb6de96bdeb7","16531","Phường Sầm Sơn","phuong_sam_son","phường","1791616658326","1791616658326"
"9ca272b8-de48-5ff3-b589-6c1e38631f86","b005be22-e0e8-5c56-987e-cb6de96bdeb7","16540","Xã Quảng Ninh","xa_quang_ninh","xã","1791616658326","1791616658326"
"1476df8c-0ad7-5dcd-aef5-0517c0f8ec31","b005be22-e0e8-5c56-987e-cb6de96bdeb7","16543","Xã Quảng Bình","xa_quang_binh","xã","1791616658326","1791616658326"
"ccf67102-39bf-54e9-91e9-ccef07748d95","b005be22-e0e8-5c56-987e-cb6de96bdeb7","16549","Xã Tiên Trang","xa_tien_trang","xã","1791616658326","1791616658326"
"e3eb1cd5-9ac5-5beb-9881-550cd9047b1f","b005be22-e0e8-5c56-987e-cb6de96bdeb7","16561","Phường Tĩnh Gia","phuong_tinh_gia","phường","1791616658326","1791616658326"
"1f642d60-8fff-590d-9913-f652eed29f36","b005be22-e0e8-5c56-987e-cb6de96bdeb7","16576","Phường Ngọc Sơn","phuong_ngoc_son","phường","1791616658326","1791616658326"
"358bc79c-6ce0-5eea-9b5a-8e9d85f1b12f","b005be22-e0e8-5c56-987e-cb6de96bdeb7","16591","Xã Các Sơn","xa_cac_son","xã","1791616658326","1791616658326"
"84c8b695-8f4d-5cb9-b1be-1f7d5bd46a83","b005be22-e0e8-5c56-987e-cb6de96bdeb7","16594","Phường Tân Dân","phuong_tan_dan","phường","1791616658326","1791616658326"
"59ea1037-914d-562c-9788-7fdf78dc391c","b005be22-e0e8-5c56-987e-cb6de96bdeb7","16597","Phường Hải Lĩnh","phuong_hai_linh","phường","1791616658326","1791616658326"
"a636a375-137c-5d84-94f7-a10f96a614e9","b005be22-e0e8-5c56-987e-cb6de96bdeb7","16609","Phường Đào Duy Từ","phuong_dao_duy_tu","phường","1791616658326","1791616658326"
"6368e64d-71fb-5bd6-aeef-e2f3eef2805a","b005be22-e0e8-5c56-987e-cb6de96bdeb7","16624","Phường Trúc Lâm","phuong_truc_lam","phường","1791616658326","1791616658326"
"a379e6da-3b06-5ce2-a882-14d2a5dca80e","b005be22-e0e8-5c56-987e-cb6de96bdeb7","16636","Xã Trường Lâm","xa_truong_lam","xã","1791616658326","1791616658326"
"6d9f9178-8376-5aca-bba9-7e183058148b","b005be22-e0e8-5c56-987e-cb6de96bdeb7","16645","Phường Hải Bình","phuong_hai_binh","phường","1791616658326","1791616658326"
"c4cde08d-9c28-56d8-8d9d-952e44c8df50","b005be22-e0e8-5c56-987e-cb6de96bdeb7","16654","Phường Nghi Sơn","phuong_nghi_son","phường","1791616658326","1791616658326"
"d48ec5a1-1a54-59dc-a295-1c4fd57a72e3","f0781b33-074c-5f21-bb86-77f070663590","16681","Phường Thành Vinh","phuong_thanh_vinh","phường","1791616658326","1791616658326"
"35561efd-e6a0-5048-b7fc-b7fd597f9ada","f0781b33-074c-5f21-bb86-77f070663590","16690","Phường Trường Vinh","phuong_truong_vinh","phường","1791616658326","1791616658326"
"9be23e51-e5bb-5d31-bcba-d28b2d0147c1","f0781b33-074c-5f21-bb86-77f070663590","16702","Phường Vinh Phú","phuong_vinh_phu","phường","1791616658326","1791616658326"
"c33e13b6-4874-5031-9ebd-9efe5b4b3ee8","f0781b33-074c-5f21-bb86-77f070663590","16708","Phường Vinh Lộc","phuong_vinh_loc","phường","1791616658326","1791616658326"
"a0f4b23a-7b8a-54b9-b443-419e593fec0b","f0781b33-074c-5f21-bb86-77f070663590","16732","Phường Cửa Lò","phuong_cua_lo","phường","1791616658326","1791616658326"
"28bdf4a8-8cb6-59e5-b782-614a3e41bfb1","f0781b33-074c-5f21-bb86-77f070663590","16738","Xã Quế Phong","xa_que_phong","xã","1791616658326","1791616658326"
"68fb3277-fbcf-5b20-8b71-9669f4df1763","f0781b33-074c-5f21-bb86-77f070663590","16744","Xã Thông Thụ","xa_thong_thu","xã","1791616658326","1791616658326"
"8552ea7b-1464-5b83-91b8-b9b29c8a3475","f0781b33-074c-5f21-bb86-77f070663590","16750","Xã Tiền Phong","xa_tien_phong","xã","1791616658326","1791616658326"
"717bc8a3-95b2-56ff-a8e2-60468549b791","f0781b33-074c-5f21-bb86-77f070663590","16756","Xã Tri Lễ","xa_tri_le","xã","1791616658326","1791616658326"
"b422b144-192c-5548-8336-8ffc3386b859","f0781b33-074c-5f21-bb86-77f070663590","16774","Xã Mường Quàng","xa_muong_quang","xã","1791616658326","1791616658326"
"514dfa4c-285e-5015-8ea2-3fe6b0e3ca80","f0781b33-074c-5f21-bb86-77f070663590","16777","Xã Quỳ Châu","xa_quy_chau","xã","1791616658326","1791616658326"
"feebce3e-2820-5b0e-82ab-597b2ddbe27e","f0781b33-074c-5f21-bb86-77f070663590","16792","Xã Châu Tiến","xa_chau_tien","xã","1791616658326","1791616658326"
"32cf1ee7-ae2d-5e87-8ff1-a1a9d3c62b0a","f0781b33-074c-5f21-bb86-77f070663590","16801","Xã Hùng Chân","xa_hung_chan","xã","1791616658326","1791616658326"
"e567b4f1-27d6-5f2d-8e41-443cf90b553c","f0781b33-074c-5f21-bb86-77f070663590","16804","Xã Châu Bình","xa_chau_binh","xã","1791616658326","1791616658326"
"e3e34c83-59d0-5636-ba29-a2726510dd64","f0781b33-074c-5f21-bb86-77f070663590","16813","Xã Mường Xén","xa_muong_xen","xã","1791616658326","1791616658326"
"d57f093f-1a1c-5bca-b858-10c7ee5d55d9","f0781b33-074c-5f21-bb86-77f070663590","16816","Xã Mỹ Lý","xa_my_ly","xã","1791616658326","1791616658326"
"0f209b4a-aeee-538c-a4ea-95e14168ca0d","f0781b33-074c-5f21-bb86-77f070663590","16819","Xã Bắc Lý","xa_bac_ly","xã","1791616658326","1791616658326"
"cec1a130-f1db-5dbc-a434-e31072989672","f0781b33-074c-5f21-bb86-77f070663590","16822","Xã Keng Đu","xa_keng_du","xã","1791616658326","1791616658326"
"a80d4802-d87c-50c2-9c56-7d8192dac850","f0781b33-074c-5f21-bb86-77f070663590","16828","Xã Huồi Tụ","xa_huoi_tu","xã","1791616658326","1791616658326"
"15b925e7-3777-5245-ae03-787513d67e66","f0781b33-074c-5f21-bb86-77f070663590","16831","Xã Mường Lống","xa_muong_long","xã","1791616658326","1791616658326"
"1986160c-befc-53f2-821e-7fed6c68a1ed","f0781b33-074c-5f21-bb86-77f070663590","16834","Xã Na Loi","xa_na_loi","xã","1791616658326","1791616658326"
"41ad8936-be3e-5c02-a604-a19f884d3a6d","f0781b33-074c-5f21-bb86-77f070663590","16837","Xã Nậm Cắn","xa_nam_can","xã","1791616658326","1791616658326"
"8a26ee76-b532-54ad-8c89-9f2815a255ff","f0781b33-074c-5f21-bb86-77f070663590","16849","Xã Hữu Kiệm","xa_huu_kiem","xã","1791616658326","1791616658326"
"e4ee27dc-5e57-5ae8-a99e-7f342e581fee","f0781b33-074c-5f21-bb86-77f070663590","16855","Xã Chiêu Lưu","xa_chieu_luu","xã","1791616658326","1791616658326"
"967276f6-57c7-5b75-ad08-efd09c508b4c","f0781b33-074c-5f21-bb86-77f070663590","16858","Xã Mường Típ","xa_muong_tip","xã","1791616658326","1791616658326"
"faf7a75c-c150-50fc-a18e-ccf6138c7823","f0781b33-074c-5f21-bb86-77f070663590","16870","Xã Na Ngoi","xa_na_ngoi","xã","1791616658326","1791616658326"
"74cdb92b-baa6-5a6b-99f0-b5ed070b3ab6","f0781b33-074c-5f21-bb86-77f070663590","16876","Xã Tương Dương","xa_tuong_duong","xã","1791616658326","1791616658326"
"9f8792bf-6938-5893-99a5-73b16176e3e4","f0781b33-074c-5f21-bb86-77f070663590","16882","Xã Nhôn Mai","xa_nhon_mai","xã","1791616658326","1791616658326"
"470e32a6-aa84-5fe4-bdf5-f87f4879c659","f0781b33-074c-5f21-bb86-77f070663590","16885","Xã Hữu Khuông","xa_huu_khuong","xã","1791616658326","1791616658326"
"babc77d6-5451-5556-a2fa-25096da02d27","f0781b33-074c-5f21-bb86-77f070663590","16903","Xã Nga My","xa_nga_my","xã","1791616658326","1791616658326"
"19b5bcca-fb0c-5893-9aeb-ce5ee0baa71d","f0781b33-074c-5f21-bb86-77f070663590","16906","Xã Lượng Minh","xa_luong_minh","xã","1791616658326","1791616658326"
"401ac106-2821-534e-a52e-7f4abcf61420","f0781b33-074c-5f21-bb86-77f070663590","16909","Xã Yên Hòa","xa_yen_hoa","xã","1791616658326","1791616658326"
"12c29be4-0d1e-5003-9fab-03a5a59fd9a8","f0781b33-074c-5f21-bb86-77f070663590","16912","Xã Yên Na","xa_yen_na","xã","1791616658326","1791616658326"
"75f49e6b-852a-5c0e-a62d-a9e301bf17e7","f0781b33-074c-5f21-bb86-77f070663590","16933","Xã Tam Quang","xa_tam_quang","xã","1791616658326","1791616658326"
"62688491-9f8c-5f09-a7b8-972344f3f7df","f0781b33-074c-5f21-bb86-77f070663590","16936","Xã Tam Thái","xa_tam_thai","xã","1791616658326","1791616658326"
"a697d2ad-fc3d-52cf-b240-519113eb9eba","f0781b33-074c-5f21-bb86-77f070663590","16939","Phường Thái Hòa","phuong_thai_hoa","phường","1791616658326","1791616658326"
"f79e1c91-d236-59ab-8690-b22d64af997a","f0781b33-074c-5f21-bb86-77f070663590","16941","Xã Nghĩa Đàn","xa_nghia_dan","xã","1791616658326","1791616658326"
"cc861e26-7ade-58b8-bc03-28a9528ed678","f0781b33-074c-5f21-bb86-77f070663590","16951","Xã Nghĩa Lâm","xa_nghia_lam","xã","1791616658326","1791616658326"
"f420e4b8-0faf-5c50-8947-240d01563e00","f0781b33-074c-5f21-bb86-77f070663590","16969","Xã Nghĩa Thọ","xa_nghia_tho","xã","1791616658326","1791616658326"
"88611e74-f183-5ab2-a3bc-f22d199498f8","f0781b33-074c-5f21-bb86-77f070663590","16972","Xã Nghĩa Hưng","xa_nghia_hung","xã","1791616658326","1791616658326"
"05e715bb-b9d6-5029-a414-2bec73cad9e9","f0781b33-074c-5f21-bb86-77f070663590","16975","Xã Nghĩa Mai","xa_nghia_mai","xã","1791616658326","1791616658326"
"d8193e0f-8e82-5c28-8445-4933584b5a88","f0781b33-074c-5f21-bb86-77f070663590","17011","Phường Tây Hiếu","phuong_tay_hieu","phường","1791616658326","1791616658326"
"f6b76df5-d983-5202-9f5b-dc769145ba6b","f0781b33-074c-5f21-bb86-77f070663590","17017","Xã Đông Hiếu","xa_dong_hieu","xã","1791616658326","1791616658326"
"f3e0084a-f11d-5322-a710-b6dc2acaca52","f0781b33-074c-5f21-bb86-77f070663590","17029","Xã Nghĩa Lộc","xa_nghia_loc","xã","1791616658326","1791616658326"
"73dc9e56-6222-5583-8b19-86ca61f3829f","f0781b33-074c-5f21-bb86-77f070663590","17032","Xã Nghĩa Khánh","xa_nghia_khanh","xã","1791616658326","1791616658326"
"c23613d9-0ea5-5ac1-afb0-cd935daeec06","f0781b33-074c-5f21-bb86-77f070663590","17035","Xã Quỳ Hợp","xa_quy_hop","xã","1791616658326","1791616658326"
"b900dff5-4b87-53a2-8c93-9b56232c50d3","f0781b33-074c-5f21-bb86-77f070663590","17044","Xã Châu Hồng","xa_chau_hong","xã","1791616658326","1791616658326"
"93fafa58-246d-5392-bb2e-a257b274a032","f0781b33-074c-5f21-bb86-77f070663590","17056","Xã Châu Lộc","xa_chau_loc","xã","1791616658326","1791616658326"
"681ab82f-3fda-5db2-b5f3-5cc752822a97","f0781b33-074c-5f21-bb86-77f070663590","17059","Xã Tam Hợp","xa_tam_hop","xã","1791616658326","1791616658326"
"fac267e2-d83b-5ef4-8c98-d493a5d31d48","f0781b33-074c-5f21-bb86-77f070663590","17071","Xã Minh Hợp","xa_minh_hop","xã","1791616658326","1791616658326"
"a9265da8-2122-57cc-933a-d706584731a5","f0781b33-074c-5f21-bb86-77f070663590","17077","Xã Mường Ham","xa_muong_ham","xã","1791616658326","1791616658326"
"81ed686e-51a4-5151-8087-e1acb0514f97","f0781b33-074c-5f21-bb86-77f070663590","17089","Xã Mường Chọng","xa_muong_chong","xã","1791616658326","1791616658326"
"465b6f20-a6ca-5543-9d5c-0b6881b0eddc","f0781b33-074c-5f21-bb86-77f070663590","17110","Phường Hoàng Mai","phuong_hoang_mai","phường","1791616658326","1791616658326"
"2d67a200-2bfb-5156-a6f9-c133d682f4d2","f0781b33-074c-5f21-bb86-77f070663590","17125","Phường Quỳnh Mai","phuong_quynh_mai","phường","1791616658326","1791616658326"
"55809346-91f9-53db-bf74-1ce3484829a9","f0781b33-074c-5f21-bb86-77f070663590","17128","Phường Tân Mai","phuong_tan_mai","phường","1791616658326","1791616658326"
"68861e7c-00b7-5f17-a949-d0159f898199","f0781b33-074c-5f21-bb86-77f070663590","17143","Xã Quỳnh Văn","xa_quynh_van","xã","1791616658326","1791616658326"
"e55fa8e9-b910-53fe-bf07-43e2bde6b787","f0781b33-074c-5f21-bb86-77f070663590","17149","Xã Quỳnh Tam","xa_quynh_tam","xã","1791616658326","1791616658326"
"1c200119-883b-5fc2-9f8a-e8cabae9fd03","f0781b33-074c-5f21-bb86-77f070663590","17170","Xã Quỳnh Sơn","xa_quynh_son","xã","1791616658326","1791616658326"
"1ab07fdc-9e1c-5a61-85a4-636c48c8cf8a","f0781b33-074c-5f21-bb86-77f070663590","17176","Xã Quỳnh Anh","xa_quynh_anh","xã","1791616658326","1791616658326"
"c36e91c2-c1e5-5eeb-9f32-b0ff8b946d70","f0781b33-074c-5f21-bb86-77f070663590","17179","Xã Quỳnh Lưu","xa_quynh_luu","xã","1791616658326","1791616658326"
"bcd29684-1a8f-5979-b1b3-60c817c2ff70","f0781b33-074c-5f21-bb86-77f070663590","17212","Xã Quỳnh Phú","xa_quynh_phu","xã","1791616658326","1791616658326"
"93183e96-9ecf-5b8a-b50a-63a2e10f7b90","f0781b33-074c-5f21-bb86-77f070663590","17224","Xã Quỳnh Thắng","xa_quynh_thang","xã","1791616658326","1791616658326"
"47e0a803-8bbd-5328-8b04-13c95cd86f2d","f0781b33-074c-5f21-bb86-77f070663590","17230","Xã Bình Chuẩn","xa_binh_chuan","xã","1791616658326","1791616658326"
"59044d10-1669-546c-a7fd-bf2042266864","f0781b33-074c-5f21-bb86-77f070663590","17239","Xã Mậu Thạch","xa_mau_thach","xã","1791616658326","1791616658326"
"a66bb9ca-fe7f-510a-a760-c48e49f2e1ad","f0781b33-074c-5f21-bb86-77f070663590","17242","Xã Cam Phục","xa_cam_phuc","xã","1791616658326","1791616658326"
"f92b90b5-9782-5faa-9acb-eac1a9ad5a30","f0781b33-074c-5f21-bb86-77f070663590","17248","Xã Châu Khê","xa_chau_khe","xã","1791616658326","1791616658326"
"8884cb9c-277e-5f13-89e6-6a57a963fdbc","f0781b33-074c-5f21-bb86-77f070663590","17254","Xã Con Cuông","xa_con_cuong","xã","1791616658326","1791616658326"
"365309d7-81de-5f43-bbd9-ba5c63b97027","f0781b33-074c-5f21-bb86-77f070663590","17263","Xã Môn Sơn","xa_mon_son","xã","1791616658326","1791616658326"
"9e0588a2-bc6d-5aa7-866d-8639e5fd5d66","f0781b33-074c-5f21-bb86-77f070663590","17266","Xã Tân Kỳ","xa_tan_ky","xã","1791616658326","1791616658326"
"753a0dd2-fa01-539e-91a8-6fdc3239fe4d","f0781b33-074c-5f21-bb86-77f070663590","17272","Xã Tân Phú","xa_tan_phu","xã","1791616658326","1791616658326"
"1c67e13f-fe55-5b64-bc10-706658778522","f0781b33-074c-5f21-bb86-77f070663590","17278","Xã Giai Xuân","xa_giai_xuan","xã","1791616658326","1791616658326"
"9e549527-bf20-502a-8c11-d2f0d59f72b8","f0781b33-074c-5f21-bb86-77f070663590","17284","Xã Nghĩa Đồng","xa_nghia_dong","xã","1791616658326","1791616658326"
"9cf15004-05e0-5cf3-97f3-05c2a16a565d","f0781b33-074c-5f21-bb86-77f070663590","17287","Xã Tiên Đồng","xa_tien_dong","xã","1791616658326","1791616658326"
"b47b1c4a-7287-522f-83f1-e6ceb10b658a","f0781b33-074c-5f21-bb86-77f070663590","17305","Xã Tân An","xa_tan_an","xã","1791616658326","1791616658326"
"21277f16-42cf-561c-a50e-5f8a68c6f251","f0781b33-074c-5f21-bb86-77f070663590","17326","Xã Nghĩa Hành","xa_nghia_hanh","xã","1791616658326","1791616658326"
"0f11263f-175f-51b2-bd2c-f31b6a36b3be","f0781b33-074c-5f21-bb86-77f070663590","17329","Xã Anh Sơn","xa_anh_son","xã","1791616658326","1791616658326"
"6459dffa-65e3-50f3-a102-413574f1f92e","f0781b33-074c-5f21-bb86-77f070663590","17335","Xã Thành Bình Thọ","xa_thanh_binh_tho","xã","1791616658326","1791616658326"
"d9182ea2-5abe-59df-825b-bfa77bcec551","f0781b33-074c-5f21-bb86-77f070663590","17344","Xã Nhân Hòa","xa_nhan_hoa","xã","1791616658326","1791616658326"
"d6192c18-eef2-5fad-81e9-386e760ade09","f0781b33-074c-5f21-bb86-77f070663590","17357","Xã Vĩnh Tường","xa_vinh_tuong","xã","1791616658326","1791616658326"
"3b2d7ed8-5c8b-5334-9f04-70f9c8e59d6a","f0781b33-074c-5f21-bb86-77f070663590","17365","Xã Anh Sơn Đông","xa_anh_son_dong","xã","1791616658326","1791616658326"
"bc577a34-741c-5386-a182-a67a577c870b","f0781b33-074c-5f21-bb86-77f070663590","17380","Xã Yên Xuân","xa_yen_xuan","xã","1791616658326","1791616658326"
"f1961cad-bc52-5ce9-ba19-6439cfb31161","f0781b33-074c-5f21-bb86-77f070663590","17395","Xã Hùng Châu","xa_hung_chau","xã","1791616658326","1791616658326"
"8b032d9e-4c67-5c7c-a591-3cca8126cdd1","f0781b33-074c-5f21-bb86-77f070663590","17416","Xã Đức Châu","xa_duc_chau","xã","1791616658326","1791616658326"
"23aa2374-64bc-5b1a-b5f0-a2d8556f16de","f0781b33-074c-5f21-bb86-77f070663590","17419","Xã Hải Châu","xa_hai_chau","xã","1791616658326","1791616658326"
"1ed6fe60-a322-5c3a-923a-fd1f1927be10","f0781b33-074c-5f21-bb86-77f070663590","17443","Xã Quảng Châu","xa_quang_chau","xã","1791616658326","1791616658326"
"d38b2280-962b-5bb3-838e-4c592bb53ea8","f0781b33-074c-5f21-bb86-77f070663590","17464","Xã Diễn Châu","xa_dien_chau","xã","1791616658326","1791616658326"
"81d9e3b8-2f77-5653-9348-f08c177f693f","f0781b33-074c-5f21-bb86-77f070663590","17476","Xã Minh Châu","xa_minh_chau","xã","1791616658326","1791616658326"
"dd3e56db-1548-5b58-91b9-cc9e8b887784","f0781b33-074c-5f21-bb86-77f070663590","17479","Xã An Châu","xa_an_chau","xã","1791616658326","1791616658326"
"6b79826f-aa18-5f5f-ac45-e78b10baf027","f0781b33-074c-5f21-bb86-77f070663590","17488","Xã Tân Châu","xa_tan_chau","xã","1791616658326","1791616658326"
"65445dcb-27c3-5e40-9875-ec7f0d79ee16","f0781b33-074c-5f21-bb86-77f070663590","17506","Xã Yên Thành","xa_yen_thanh","xã","1791616658326","1791616658326"
"44d5a0a6-8a8f-5b67-a38b-8177ce555539","f0781b33-074c-5f21-bb86-77f070663590","17515","Xã Bình Minh","xa_binh_minh","xã","1791616658326","1791616658326"
"aa499e9d-2198-5745-b399-bf04722b6560","f0781b33-074c-5f21-bb86-77f070663590","17521","Xã Quang Đồng","xa_quang_dong","xã","1791616658326","1791616658326"
"50ad9501-eb1c-51a8-ba76-a509bae63560","f0781b33-074c-5f21-bb86-77f070663590","17524","Xã Giai Lạc","xa_giai_lac","xã","1791616658326","1791616658326"
"21c1e692-50b3-54da-ac72-80e4db8b5a64","f0781b33-074c-5f21-bb86-77f070663590","17530","Xã Đông Thành","xa_dong_thanh","xã","1791616658326","1791616658326"
"2b6b5556-d6c1-5bc7-960d-c02a3494acea","f0781b33-074c-5f21-bb86-77f070663590","17560","Xã Vân Du","xa_van_du","xã","1791616658326","1791616658326"
"59a1768a-f76c-5563-aaee-5df768d27b4b","f0781b33-074c-5f21-bb86-77f070663590","17569","Xã Quan Thành","xa_quan_thanh","xã","1791616658326","1791616658326"
"f9b267fb-3637-54ca-933e-70182110e40b","f0781b33-074c-5f21-bb86-77f070663590","17605","Xã Hợp Minh","xa_hop_minh","xã","1791616658326","1791616658326"
"da16fb71-c62c-583a-a462-f7e9b20c401a","f0781b33-074c-5f21-bb86-77f070663590","17611","Xã Vân Tụ","xa_van_tu","xã","1791616658326","1791616658326"
"68e71c1a-eef3-5507-bb10-37dac7fa8af4","f0781b33-074c-5f21-bb86-77f070663590","17623","Xã Bạch Ngọc","xa_bach_ngoc","xã","1791616658326","1791616658326"
"2bf8620e-e74f-5f06-a59e-1976acc8f175","f0781b33-074c-5f21-bb86-77f070663590","17641","Xã Lương Sơn","xa_luong_son","xã","1791616658326","1791616658326"
"6ded72b8-98fa-590b-b495-c9af1ecf8e3e","f0781b33-074c-5f21-bb86-77f070663590","17662","Xã Đô Lương","xa_do_luong","xã","1791616658326","1791616658326"
"749d7005-eb06-50d5-9dd4-f039b0294ed6","f0781b33-074c-5f21-bb86-77f070663590","17677","Xã Văn Hiến","xa_van_hien","xã","1791616658326","1791616658326"
"04b0a576-8878-5d78-ad6f-da432e844c13","f0781b33-074c-5f21-bb86-77f070663590","17689","Xã Thuần Trung","xa_thuan_trung","xã","1791616658326","1791616658326"
"370b3086-37a6-574d-bdef-b7bad72a191c","f0781b33-074c-5f21-bb86-77f070663590","17707","Xã Bạch Hà","xa_bach_ha","xã","1791616658326","1791616658326"
"a9f23b91-473c-54d1-a6a2-84609e2eebef","f0781b33-074c-5f21-bb86-77f070663590","17713","Xã Đại Đồng","xa_dai_dong","xã","1791616658326","1791616658326"
"73730641-490b-5c81-8e57-b7be90d6d8f8","f0781b33-074c-5f21-bb86-77f070663590","17722","Xã Hạnh Lâm","xa_hanh_lam","xã","1791616658326","1791616658326"
"56a41424-7ba1-5a9e-b22b-2fa7948ad06a","f0781b33-074c-5f21-bb86-77f070663590","17728","Xã Cát Ngạn","xa_cat_ngan","xã","1791616658326","1791616658326"
"8d45f0fa-d987-5dcc-9651-51a46096eb87","f0781b33-074c-5f21-bb86-77f070663590","17743","Xã Tam Đồng","xa_tam_dong","xã","1791616658326","1791616658326"
"709fbe6b-38ae-501c-8263-ad47067018c2","f0781b33-074c-5f21-bb86-77f070663590","17759","Xã Sơn Lâm","xa_son_lam","xã","1791616658326","1791616658326"
"a6dd9526-d0ac-5cd7-b3d5-13c2bde697e5","f0781b33-074c-5f21-bb86-77f070663590","17770","Xã Hoa Quân","xa_hoa_quan","xã","1791616658326","1791616658326"
"dc37d975-7272-5cc6-bc00-8e571906676f","f0781b33-074c-5f21-bb86-77f070663590","17779","Xã Xuân Lâm","xa_xuan_lam","xã","1791616658326","1791616658326"
"e1b0a19c-2394-5b5e-aca7-72bb81cd120e","f0781b33-074c-5f21-bb86-77f070663590","17791","Xã Kim Bảng","xa_kim_bang","xã","1791616658326","1791616658326"
"b7d1eb01-786e-5bab-adee-ca3bc33b27f4","f0781b33-074c-5f21-bb86-77f070663590","17818","Xã Bích Hào","xa_bich_hao","xã","1791616658326","1791616658326"
"3ae484db-1105-5a02-b1f9-6a64db2ffdcf","f0781b33-074c-5f21-bb86-77f070663590","17827","Xã Nghi Lộc","xa_nghi_loc","xã","1791616658326","1791616658326"
"0f9a0c40-d554-5069-90d0-9c37a6f10966","f0781b33-074c-5f21-bb86-77f070663590","17833","Xã Hải Lộc","xa_hai_loc","xã","1791616658326","1791616658326"
"1bdf76eb-b089-5373-9d47-dafdc3e0cd40","f0781b33-074c-5f21-bb86-77f070663590","17842","Xã Thần Lĩnh","xa_than_linh","xã","1791616658326","1791616658326"
"2bcd0c57-65e9-5517-b440-74c454afcbde","f0781b33-074c-5f21-bb86-77f070663590","17854","Xã Văn Kiều","xa_van_kieu","xã","1791616658326","1791616658326"
"7fed0ead-cba4-53fb-bc5e-89f0163d663c","f0781b33-074c-5f21-bb86-77f070663590","17857","Xã Phúc Lộc","xa_phuc_loc","xã","1791616658326","1791616658326"
"3de8a5d5-9ba4-5968-8deb-d2a63c6296f9","f0781b33-074c-5f21-bb86-77f070663590","17866","Xã Trung Lộc","xa_trung_loc","xã","1791616658326","1791616658326"
"749d3f67-6bc1-542c-8fe9-d0d1282af4f5","f0781b33-074c-5f21-bb86-77f070663590","17878","Xã Đông Lộc","xa_dong_loc","xã","1791616658326","1791616658326"
"c3679753-bfde-5677-b4f0-579293271e5d","f0781b33-074c-5f21-bb86-77f070663590","17920","Phường Vinh Hưng","phuong_vinh_hung","phường","1791616658326","1791616658326"
"44f71e96-1c1c-57bc-81ad-500349076e34","f0781b33-074c-5f21-bb86-77f070663590","17935","Xã Nam Đàn","xa_nam_dan","xã","1791616658326","1791616658326"
"f0309a2b-543f-58eb-abee-337d78c68448","f0781b33-074c-5f21-bb86-77f070663590","17944","Xã Đại Huệ","xa_dai_hue","xã","1791616658326","1791616658326"
"776808f1-dc46-5697-84db-fb92baab7290","f0781b33-074c-5f21-bb86-77f070663590","17950","Xã Vạn An","xa_van_an","xã","1791616658326","1791616658326"
"b4ec70d0-953c-5178-a5c8-3f6e34751a7e","f0781b33-074c-5f21-bb86-77f070663590","17971","Xã Kim Liên","xa_kim_lien","xã","1791616658326","1791616658326"
"4cc7b4c6-47ad-5684-9ab5-7f3abce43656","f0781b33-074c-5f21-bb86-77f070663590","17989","Xã Thiên Nhẫn","xa_thien_nhan","xã","1791616658326","1791616658326"
"b952b042-e1f1-569c-8acc-756d2254f022","f0781b33-074c-5f21-bb86-77f070663590","18001","Xã Hưng Nguyên","xa_hung_nguyen","xã","1791616658326","1791616658326"
"2b2bfa88-64b4-5418-b1fc-688eb4a4a9ce","f0781b33-074c-5f21-bb86-77f070663590","18007","Xã Yên Trung","xa_yen_trung","xã","1791616658326","1791616658326"
"5ec8373c-82cf-56ed-ab3e-df78ffae4693","f0781b33-074c-5f21-bb86-77f070663590","18028","Xã Hưng Nguyên Nam","xa_hung_nguyen_nam","xã","1791616658326","1791616658326"
"d2750bf3-184a-50c5-b7e8-c06a4dc170fa","f0781b33-074c-5f21-bb86-77f070663590","18040","Xã Lam Thành","xa_lam_thanh","xã","1791616658326","1791616658326"
"0e2ac10d-3931-59ac-a997-fd7c2a16e974","7c0d63fc-432b-5d99-ace8-3803d7692113","18073","Phường Thành Sen","phuong_thanh_sen","phường","1791616658326","1791616658326"
"7b4d57d5-cb5e-5498-a71a-f31e3383b887","7c0d63fc-432b-5d99-ace8-3803d7692113","18100","Phường Trần Phú","phuong_tran_phu","phường","1791616658326","1791616658326"
"1c840a90-35ea-5884-a475-36d3d80634ea","7c0d63fc-432b-5d99-ace8-3803d7692113","18115","Phường Bắc Hồng Lĩnh","phuong_bac_hong_linh","phường","1791616658326","1791616658326"
"6b7ecaa2-a196-5500-a6b0-1269286dc1ad","7c0d63fc-432b-5d99-ace8-3803d7692113","18118","Phường Nam Hồng Lĩnh","phuong_nam_hong_linh","phường","1791616658326","1791616658326"
"8271abc6-200f-530e-bb72-5e041f03ca2c","7c0d63fc-432b-5d99-ace8-3803d7692113","18133","Xã Hương Sơn","xa_huong_son","xã","1791616658326","1791616658326"
"896f4de8-af29-5e9b-ad96-bd0fc8a12e9a","7c0d63fc-432b-5d99-ace8-3803d7692113","18160","Xã Sơn Hồng","xa_son_hong","xã","1791616658326","1791616658326"
"08e4ecca-9c28-5521-94b9-5996fa76abc9","7c0d63fc-432b-5d99-ace8-3803d7692113","18163","Xã Sơn Tiến","xa_son_tien","xã","1791616658326","1791616658326"
"5f21dde3-9d46-580e-bb20-f401568f93f1","7c0d63fc-432b-5d99-ace8-3803d7692113","18172","Xã Sơn Tây","xa_son_tay","xã","1791616658326","1791616658326"
"5be1c241-c64d-568a-a354-f2117f844302","7c0d63fc-432b-5d99-ace8-3803d7692113","18184","Xã Sơn Giang","xa_son_giang","xã","1791616658326","1791616658326"
"60c6e2a5-88c7-5bce-9ed8-86feb2e07da7","7c0d63fc-432b-5d99-ace8-3803d7692113","18196","Xã Sơn Kim 1","xa_son_kim_1","xã","1791616658326","1791616658326"
"c87d5234-4d16-56f5-b667-e2c6be936601","7c0d63fc-432b-5d99-ace8-3803d7692113","18199","Xã Sơn Kim 2","xa_son_kim_2","xã","1791616658326","1791616658326"
"d83a70dc-837f-5e72-aa58-7459b1516402","7c0d63fc-432b-5d99-ace8-3803d7692113","18202","Xã Tứ Mỹ","xa_tu_my","xã","1791616658326","1791616658326"
"d98ba1d9-6772-509e-8995-6db0c3108300","7c0d63fc-432b-5d99-ace8-3803d7692113","18223","Xã Kim Hoa","xa_kim_hoa","xã","1791616658326","1791616658326"
"f2f32796-33a1-5a12-87f2-65e72bd8b21e","7c0d63fc-432b-5d99-ace8-3803d7692113","18229","Xã Đức Thọ","xa_duc_tho","xã","1791616658326","1791616658326"
"a2f118bd-145e-59bf-a20c-8b5f66b6115f","7c0d63fc-432b-5d99-ace8-3803d7692113","18244","Xã Đức Minh","xa_duc_minh","xã","1791616658326","1791616658326"
"b19d781a-ef99-5859-a892-dcb33c99e5f9","7c0d63fc-432b-5d99-ace8-3803d7692113","18262","Xã Đức Quang","xa_duc_quang","xã","1791616658326","1791616658326"
"e541d63b-cc9a-55be-aa83-9314ce452fb7","7c0d63fc-432b-5d99-ace8-3803d7692113","18277","Xã Đức Thịnh","xa_duc_thinh","xã","1791616658326","1791616658326"
"5eb09aab-332c-5617-99cf-d7fd69a00a2f","7c0d63fc-432b-5d99-ace8-3803d7692113","18304","Xã Đức Đồng","xa_duc_dong","xã","1791616658326","1791616658326"
"550233d7-e0da-5e71-8a35-a66054f70f1f","7c0d63fc-432b-5d99-ace8-3803d7692113","18313","Xã Vũ Quang","xa_vu_quang","xã","1791616658326","1791616658326"
"6f92460d-8eeb-5978-a598-7f137995c3d3","7c0d63fc-432b-5d99-ace8-3803d7692113","18322","Xã Mai Hoa","xa_mai_hoa","xã","1791616658326","1791616658326"
"c3429131-c9fe-5bd5-a261-35b441648404","7c0d63fc-432b-5d99-ace8-3803d7692113","18328","Xã Thượng Đức","xa_thuong_duc","xã","1791616658326","1791616658326"
"82ae99f6-abb7-58a4-8b44-3a15ed531b67","7c0d63fc-432b-5d99-ace8-3803d7692113","18352","Xã Nghi Xuân","xa_nghi_xuan","xã","1791616658326","1791616658326"
"38134c3a-f0fa-5369-a37a-f280e8b0d0a2","7c0d63fc-432b-5d99-ace8-3803d7692113","18364","Xã Đan Hải","xa_dan_hai","xã","1791616658326","1791616658326"
"d24384b7-9a89-5f09-8daf-70fabb94a59d","7c0d63fc-432b-5d99-ace8-3803d7692113","18373","Xã Tiên Điền","xa_tien_dien","xã","1791616658326","1791616658326"
"ac6db089-6206-5209-87e1-d47682b2cebc","7c0d63fc-432b-5d99-ace8-3803d7692113","18394","Xã Cổ Đạm","xa_co_dam","xã","1791616658326","1791616658326"
"24630ce0-5193-5620-a412-bbdfed5eb52a","7c0d63fc-432b-5d99-ace8-3803d7692113","18406","Xã Can Lộc","xa_can_loc","xã","1791616658326","1791616658326"
"25ce8d02-20ff-5720-b2cd-e1d293bc6c61","7c0d63fc-432b-5d99-ace8-3803d7692113","18409","Xã Hồng Lộc","xa_hong_loc","xã","1791616658326","1791616658326"
"789c8d81-05df-5a44-9180-f0c55f0ce7eb","7c0d63fc-432b-5d99-ace8-3803d7692113","18418","Xã Tùng Lộc","xa_tung_loc","xã","1791616658326","1791616658326"
"d2a81651-45f8-5e1e-b77f-513b33bd4c63","7c0d63fc-432b-5d99-ace8-3803d7692113","18436","Xã Trường Lưu","xa_truong_luu","xã","1791616658326","1791616658326"
"f04e1bff-2ec4-58a1-852b-19595ee5c1ca","7c0d63fc-432b-5d99-ace8-3803d7692113","18466","Xã Gia Hanh","xa_gia_hanh","xã","1791616658326","1791616658326"
"1a8ef935-4831-5503-b753-5e562fb111b1","7c0d63fc-432b-5d99-ace8-3803d7692113","18481","Xã Xuân Lộc","xa_xuan_loc","xã","1791616658326","1791616658326"
"8b7f2116-412d-5c77-ab98-e641f856f91a","7c0d63fc-432b-5d99-ace8-3803d7692113","18484","Xã Đồng Lộc","xa_dong_loc","xã","1791616658326","1791616658326"
"74743852-3ade-5517-975d-d1566896b9f1","7c0d63fc-432b-5d99-ace8-3803d7692113","18496","Xã Hương Khê","xa_huong_khe","xã","1791616658326","1791616658326"
"88a4d658-7a5e-543b-a00d-e771d2230d54","7c0d63fc-432b-5d99-ace8-3803d7692113","18502","Xã Hà Linh","xa_ha_linh","xã","1791616658326","1791616658326"
"734ad0ac-1e6d-58fe-9224-00f139e11745","7c0d63fc-432b-5d99-ace8-3803d7692113","18523","Xã Hương Bình","xa_huong_binh","xã","1791616658326","1791616658326"
"523bd188-e567-5d37-9417-042d1b5c1fa1","7c0d63fc-432b-5d99-ace8-3803d7692113","18532","Xã Hương Phố","xa_huong_pho","xã","1791616658326","1791616658326"
"da84bd3b-fa6b-5353-bedb-8ef985eeeb16","7c0d63fc-432b-5d99-ace8-3803d7692113","18544","Xã Hương Xuân","xa_huong_xuan","xã","1791616658326","1791616658326"
"3a1226c2-7265-5b93-baa0-c1e39d3cde85","7c0d63fc-432b-5d99-ace8-3803d7692113","18547","Xã Phúc Trạch","xa_phuc_trach","xã","1791616658326","1791616658326"
"5b188528-702b-5717-adb2-0f962c5bda8a","7c0d63fc-432b-5d99-ace8-3803d7692113","18550","Xã Hương Đô","xa_huong_do","xã","1791616658326","1791616658326"
"9c817e80-3fae-5218-ba9b-6679395d4bab","7c0d63fc-432b-5d99-ace8-3803d7692113","18562","Xã Thạch Hà","xa_thach_ha","xã","1791616658326","1791616658326"
"4e74f935-effc-5020-859e-b551c8596721","7c0d63fc-432b-5d99-ace8-3803d7692113","18568","Xã Lộc Hà","xa_loc_ha","xã","1791616658326","1791616658326"
"755020a4-d10d-5aea-8e26-a101afc8266a","7c0d63fc-432b-5d99-ace8-3803d7692113","18583","Xã Mai Phụ","xa_mai_phu","xã","1791616658326","1791616658326"
"3bf55ee5-df1d-5ae1-83eb-27f50fce3749","7c0d63fc-432b-5d99-ace8-3803d7692113","18586","Xã Đông Kinh","xa_dong_kinh","xã","1791616658326","1791616658326"
"ed762528-87ab-5579-a511-877ef904efd5","7c0d63fc-432b-5d99-ace8-3803d7692113","18601","Xã Việt Xuyên","xa_viet_xuyen","xã","1791616658326","1791616658326"
"9cdaead9-0867-5389-88e5-806f7ae29434","7c0d63fc-432b-5d99-ace8-3803d7692113","18604","Xã Thạch Khê","xa_thach_khe","xã","1791616658326","1791616658326"
"423fb84b-0bd1-530c-adaf-2ce9e0aa2a45","7c0d63fc-432b-5d99-ace8-3803d7692113","18619","Xã Đồng Tiến","xa_dong_tien","xã","1791616658326","1791616658326"
"caed00ac-eff3-5ed2-a73b-9182a74adf8e","7c0d63fc-432b-5d99-ace8-3803d7692113","18628","Xã Thạch Lạc","xa_thach_lac","xã","1791616658326","1791616658326"
"9335c3cd-7d80-532c-89b0-55e3cfa132d2","7c0d63fc-432b-5d99-ace8-3803d7692113","18634","Xã Toàn Lưu","xa_toan_luu","xã","1791616658326","1791616658326"
"3e1e93ac-9327-542c-9e1a-4743a7333df2","7c0d63fc-432b-5d99-ace8-3803d7692113","18652","Phường Hà Huy Tập","phuong_ha_huy_tap","phường","1791616658326","1791616658326"
"9b48107a-e0c5-5a49-9b0c-bc7bc0edc2dd","7c0d63fc-432b-5d99-ace8-3803d7692113","18667","Xã Thạch Xuân","xa_thach_xuan","xã","1791616658326","1791616658326"
"5e5841c7-efde-5292-a208-4f738ec9522c","7c0d63fc-432b-5d99-ace8-3803d7692113","18673","Xã Cẩm Xuyên","xa_cam_xuyen","xã","1791616658326","1791616658326"
"e10373d4-6187-5d12-b89e-383d350c81f8","7c0d63fc-432b-5d99-ace8-3803d7692113","18676","Xã Thiên Cầm","xa_thien_cam","xã","1791616658326","1791616658326"
"7458a137-99dc-5906-a8d6-95490fad31e5","7c0d63fc-432b-5d99-ace8-3803d7692113","18682","Xã Yên Hòa","xa_yen_hoa","xã","1791616658326","1791616658326"
"4fffb8be-eac8-577a-b229-6ec5ca019d56","7c0d63fc-432b-5d99-ace8-3803d7692113","18685","Xã Cẩm Bình","xa_cam_binh","xã","1791616658326","1791616658326"
"6d175f2c-a755-5820-99d9-6394e231cce3","7c0d63fc-432b-5d99-ace8-3803d7692113","18736","Xã Cẩm Hưng","xa_cam_hung","xã","1791616658326","1791616658326"
"2b1ab706-18b1-5880-86a8-10542cb034cc","7c0d63fc-432b-5d99-ace8-3803d7692113","18739","Xã Cẩm Duệ","xa_cam_due","xã","1791616658326","1791616658326"
"7195da27-21f4-5206-b1e1-6fc1789574c5","7c0d63fc-432b-5d99-ace8-3803d7692113","18742","Xã Cẩm Trung","xa_cam_trung","xã","1791616658326","1791616658326"
"7b59b0ff-4afc-5068-90b0-eb4799387ff2","7c0d63fc-432b-5d99-ace8-3803d7692113","18748","Xã Cẩm Lạc","xa_cam_lac","xã","1791616658326","1791616658326"
"53b19a4d-bb9d-5caf-8f5e-ae110b85cc96","7c0d63fc-432b-5d99-ace8-3803d7692113","18754","Phường Sông Trí","phuong_song_tri","phường","1791616658326","1791616658326"
"65fb9453-7069-5fe1-a3da-b893d8e67bfe","7c0d63fc-432b-5d99-ace8-3803d7692113","18766","Xã Kỳ Xuân","xa_ky_xuan","xã","1791616658326","1791616658326"
"122cef55-c5e0-5ca6-94aa-6a501883f94a","7c0d63fc-432b-5d99-ace8-3803d7692113","18775","Xã Kỳ Anh","xa_ky_anh","xã","1791616658326","1791616658326"
"84cd601c-489d-5fcc-8d16-c63704737aab","7c0d63fc-432b-5d99-ace8-3803d7692113","18781","Phường Hải Ninh","phuong_hai_ninh","phường","1791616658326","1791616658326"
"d82c730e-30d7-53ce-a1b4-f855efe628bd","7c0d63fc-432b-5d99-ace8-3803d7692113","18787","Xã Kỳ Văn","xa_ky_van","xã","1791616658326","1791616658326"
"3b3472ab-85f4-5f1d-9536-1899c61ef927","7c0d63fc-432b-5d99-ace8-3803d7692113","18790","Xã Kỳ Khang","xa_ky_khang","xã","1791616658326","1791616658326"
"393ec966-4aac-5556-b4ba-2ffda523cf21","7c0d63fc-432b-5d99-ace8-3803d7692113","18814","Xã Kỳ Hoa","xa_ky_hoa","xã","1791616658326","1791616658326"
"e405351e-1354-54ef-b100-d0ff4b543ec1","7c0d63fc-432b-5d99-ace8-3803d7692113","18823","Phường Vũng Áng","phuong_vung_ang","phường","1791616658326","1791616658326"
"4d8b0fbd-dea2-5a42-b2e8-4ca16b661221","7c0d63fc-432b-5d99-ace8-3803d7692113","18832","Phường Hoành Sơn","phuong_hoanh_son","phường","1791616658326","1791616658326"
"2698368c-f510-500a-bb25-1aa55f400bf9","7c0d63fc-432b-5d99-ace8-3803d7692113","18838","Xã Kỳ Lạc","xa_ky_lac","xã","1791616658326","1791616658326"
"943285ba-ef45-5ccc-9243-c54200ced000","7c0d63fc-432b-5d99-ace8-3803d7692113","18844","Xã Kỳ Thượng","xa_ky_thuong","xã","1791616658326","1791616658326"
"bf2ecaed-9884-5951-84a5-4b25baad005e","b9b6d8c4-80cc-53ce-a68f-d3f093e515c2","18859","Phường Đồng Thuận","phuong_dong_thuan","phường","1791616658326","1791616658326"
"6c711a1c-7e38-524f-ad22-f0f4afc5d8e0","b9b6d8c4-80cc-53ce-a68f-d3f093e515c2","18871","Phường Đồng Sơn","phuong_dong_son","phường","1791616658326","1791616658326"
"2cebad6a-fc1d-50b3-8a5a-9652b6e81750","b9b6d8c4-80cc-53ce-a68f-d3f093e515c2","18880","Phường Đồng Hới","phuong_dong_hoi","phường","1791616658326","1791616658326"
"5f8ab38e-9d2f-5007-bf6e-c57c2ee5503d","b9b6d8c4-80cc-53ce-a68f-d3f093e515c2","18901","Xã Minh Hóa","xa_minh_hoa","xã","1791616658326","1791616658326"
"769a6a0e-b44a-5e75-921e-cd3bbb7cff59","b9b6d8c4-80cc-53ce-a68f-d3f093e515c2","18904","Xã Dân Hóa","xa_dan_hoa","xã","1791616658326","1791616658326"
"55a59d16-3a92-5ea7-9ba9-2d1bef48611e","b9b6d8c4-80cc-53ce-a68f-d3f093e515c2","18919","Xã Tân Thành","xa_tan_thanh","xã","1791616658326","1791616658326"
"68c830d6-0ce2-5c6a-bf38-16df71b59fe2","b9b6d8c4-80cc-53ce-a68f-d3f093e515c2","18922","Xã Kim Điền","xa_kim_dien","xã","1791616658326","1791616658326"
"c38db5d8-98d8-5d55-8c93-5a170efe0a49","b9b6d8c4-80cc-53ce-a68f-d3f093e515c2","18943","Xã Kim Phú","xa_kim_phu","xã","1791616658326","1791616658326"
"b93d2b98-488f-53ee-a011-b9d5e31972df","b9b6d8c4-80cc-53ce-a68f-d3f093e515c2","18949","Xã Đồng Lê","xa_dong_le","xã","1791616658326","1791616658326"
"2f77dec1-4cbd-5cb4-ae9b-b7a4d30abd63","b9b6d8c4-80cc-53ce-a68f-d3f093e515c2","18952","Xã Tuyên Sơn","xa_tuyen_son","xã","1791616658326","1791616658326"
"4a26a71a-9693-56ca-ab75-46293f7715dc","b9b6d8c4-80cc-53ce-a68f-d3f093e515c2","18958","Xã Tuyên Lâm","xa_tuyen_lam","xã","1791616658326","1791616658326"
"4edf3e16-30fe-5501-abcf-7a450b647067","b9b6d8c4-80cc-53ce-a68f-d3f093e515c2","18985","Xã Tuyên Phú","xa_tuyen_phu","xã","1791616658326","1791616658326"
"e3801f65-d006-5562-9aba-eb11df81bfdc","b9b6d8c4-80cc-53ce-a68f-d3f093e515c2","18991","Xã Tuyên Bình","xa_tuyen_binh","xã","1791616658326","1791616658326"
"47f1da67-678f-5d21-b8fc-30d53d63f4af","b9b6d8c4-80cc-53ce-a68f-d3f093e515c2","18997","Xã Tuyên Hóa","xa_tuyen_hoa","xã","1791616658326","1791616658326"
"071e000f-0772-5793-bc9d-a2e1a0e2265d","b9b6d8c4-80cc-53ce-a68f-d3f093e515c2","19009","Phường Ba Đồn","phuong_ba_don","phường","1791616658326","1791616658326"
"1bdf374d-6fc7-5b3a-9b13-6118c8767379","b9b6d8c4-80cc-53ce-a68f-d3f093e515c2","19021","Xã Phú Trạch","xa_phu_trach","xã","1791616658326","1791616658326"
"7acca906-62fb-5762-934c-7b75ffa8dae7","b9b6d8c4-80cc-53ce-a68f-d3f093e515c2","19030","Xã Trung Thuần","xa_trung_thuan","xã","1791616658326","1791616658326"
"d50b2b36-9b12-5204-a70d-897a54295473","b9b6d8c4-80cc-53ce-a68f-d3f093e515c2","19033","Xã Hòa Trạch","xa_hoa_trach","xã","1791616658326","1791616658326"
"b1f53a4e-c482-5908-b83a-b311fab9b786","b9b6d8c4-80cc-53ce-a68f-d3f093e515c2","19051","Xã Tân Gianh","xa_tan_gianh","xã","1791616658326","1791616658326"
"844f712b-ef7b-5fe3-b42e-55511ba904bb","b9b6d8c4-80cc-53ce-a68f-d3f093e515c2","19057","Xã Quảng Trạch","xa_quang_trach","xã","1791616658326","1791616658326"
"df89fd1a-99a8-5e75-aa73-029c2585e6bc","b9b6d8c4-80cc-53ce-a68f-d3f093e515c2","19066","Phường Bắc Gianh","phuong_bac_gianh","phường","1791616658326","1791616658326"
"daa2c488-c5e2-53dc-8f4f-c600c3983462","b9b6d8c4-80cc-53ce-a68f-d3f093e515c2","19075","Xã Nam Ba Đồn","xa_nam_ba_don","xã","1791616658326","1791616658326"
"00a0c9bb-17d0-56fa-8ad3-166ba56d83fc","b9b6d8c4-80cc-53ce-a68f-d3f093e515c2","19093","Xã Nam Gianh","xa_nam_gianh","xã","1791616658326","1791616658326"
"707468b6-e6f2-50e0-be25-643787c7df59","b9b6d8c4-80cc-53ce-a68f-d3f093e515c2","19111","Xã Hoàn Lão","xa_hoan_lao","xã","1791616658326","1791616658326"
"a0d33b1b-a925-5873-8e8e-ac39285a830a","b9b6d8c4-80cc-53ce-a68f-d3f093e515c2","19126","Xã Bắc Trạch","xa_bac_trach","xã","1791616658326","1791616658326"
"94c0721c-eded-5146-bcc8-6e2a8aa4fb5e","b9b6d8c4-80cc-53ce-a68f-d3f093e515c2","19138","Xã Phong Nha","xa_phong_nha","xã","1791616658326","1791616658326"
"7d090ab1-934c-54e2-9562-b9cb0b170860","b9b6d8c4-80cc-53ce-a68f-d3f093e515c2","19141","Xã Bố Trạch","xa_bo_trach","xã","1791616658326","1791616658326"
"284161d7-abc9-52c5-a053-6dba8f99a913","b9b6d8c4-80cc-53ce-a68f-d3f093e515c2","19147","Xã Thượng Trạch","xa_thuong_trach","xã","1791616658326","1791616658326"
"7c3fa245-d71a-5e5f-b663-f8029868e4ab","b9b6d8c4-80cc-53ce-a68f-d3f093e515c2","19159","Xã Đông Trạch","xa_dong_trach","xã","1791616658326","1791616658326"
"a29aaa4b-8cb7-56e5-b4af-b6eaa2350e68","b9b6d8c4-80cc-53ce-a68f-d3f093e515c2","19198","Xã Nam Trạch","xa_nam_trach","xã","1791616658326","1791616658326"
"afcaf183-02aa-5d6d-a1ee-02a57e04b59a","b9b6d8c4-80cc-53ce-a68f-d3f093e515c2","19204","Xã Trường Sơn","xa_truong_son","xã","1791616658326","1791616658326"
"55422392-7648-5795-8c70-ba4a1ad6aa53","b9b6d8c4-80cc-53ce-a68f-d3f093e515c2","19207","Xã Quảng Ninh","xa_quang_ninh","xã","1791616658326","1791616658326"
"80d29eeb-3012-5cd0-86cb-ed2f3ea8d4f4","b9b6d8c4-80cc-53ce-a68f-d3f093e515c2","19225","Xã Ninh Châu","xa_ninh_chau","xã","1791616658326","1791616658326"
"7ae36b9e-8e83-5889-b75a-3494c6ab28b0","b9b6d8c4-80cc-53ce-a68f-d3f093e515c2","19237","Xã Trường Ninh","xa_truong_ninh","xã","1791616658326","1791616658326"
"93966dbb-3012-50be-8019-0b98c44982be","b9b6d8c4-80cc-53ce-a68f-d3f093e515c2","19246","Xã Lệ Ninh","xa_le_ninh","xã","1791616658326","1791616658326"
"3e982486-e5b0-5f28-8bc7-5fdcd15c1495","b9b6d8c4-80cc-53ce-a68f-d3f093e515c2","19249","Xã Lệ Thủy","xa_le_thuy","xã","1791616658326","1791616658326"
"34e90844-6e55-5f41-a875-370ead4979ff","b9b6d8c4-80cc-53ce-a68f-d3f093e515c2","19255","Xã Cam Hồng","xa_cam_hong","xã","1791616658326","1791616658326"
"b2235925-726a-5d93-bd65-8c50ca9c21f2","b9b6d8c4-80cc-53ce-a68f-d3f093e515c2","19288","Xã Sen Ngư","xa_sen_ngu","xã","1791616658326","1791616658326"
"5be6a73f-73a6-507c-bc46-4ea463b9f915","b9b6d8c4-80cc-53ce-a68f-d3f093e515c2","19291","Xã Tân Mỹ","xa_tan_my","xã","1791616658326","1791616658326"
"a291c40e-048f-5f1c-b083-17898423391e","b9b6d8c4-80cc-53ce-a68f-d3f093e515c2","19309","Xã Trường Phú","xa_truong_phu","xã","1791616658326","1791616658326"
"d2c7bdcb-66eb-5396-8922-c17408bd1173","b9b6d8c4-80cc-53ce-a68f-d3f093e515c2","19318","Xã Kim Ngân","xa_kim_ngan","xã","1791616658326","1791616658326"
"1be9eaa5-7d9e-5345-989b-906e61d816a8","b9b6d8c4-80cc-53ce-a68f-d3f093e515c2","19333","Phường Đông Hà","phuong_dong_ha","phường","1791616658326","1791616658326"
"d47e9246-0e57-5dca-898a-dd0f95e6635e","b9b6d8c4-80cc-53ce-a68f-d3f093e515c2","19351","Phường Nam Đông Hà","phuong_nam_dong_ha","phường","1791616658326","1791616658326"
"591ca3ba-61fe-5ac1-acbe-f53e97b6c34d","b9b6d8c4-80cc-53ce-a68f-d3f093e515c2","19360","Phường Quảng Trị","phuong_quang_tri","phường","1791616658326","1791616658326"
"b24b63e1-1bfd-5c60-96f7-bdead073ad61","b9b6d8c4-80cc-53ce-a68f-d3f093e515c2","19363","Xã Vĩnh Linh","xa_vinh_linh","xã","1791616658326","1791616658326"
"84e6c2ba-cb98-53ff-a044-6ac18264efdf","b9b6d8c4-80cc-53ce-a68f-d3f093e515c2","19366","Xã Bến Quan","xa_ben_quan","xã","1791616658326","1791616658326"
"cc4d7474-0d9f-5049-9cd8-d3f0b97e20fa","b9b6d8c4-80cc-53ce-a68f-d3f093e515c2","19372","Xã Vĩnh Hoàng","xa_vinh_hoang","xã","1791616658326","1791616658326"
"d296929b-c5ff-5db8-9d40-c3cb03d63b22","b9b6d8c4-80cc-53ce-a68f-d3f093e515c2","19405","Xã Vĩnh Thủy","xa_vinh_thuy","xã","1791616658326","1791616658326"
"14e381ca-9c91-5ba1-ac80-ff6416a0a61c","b9b6d8c4-80cc-53ce-a68f-d3f093e515c2","19414","Xã Cửa Tùng","xa_cua_tung","xã","1791616658326","1791616658326"
"917be976-9e7c-5e43-89f6-f98b6e578988","b9b6d8c4-80cc-53ce-a68f-d3f093e515c2","19429","Xã Khe Sanh","xa_khe_sanh","xã","1791616658326","1791616658326"
"8a3f0886-e609-51d9-95c3-de3a9e664e46","b9b6d8c4-80cc-53ce-a68f-d3f093e515c2","19432","Xã Lao Bảo","xa_lao_bao","xã","1791616658326","1791616658326"
"b3e7f298-ee05-58ab-b4d1-712cca173812","b9b6d8c4-80cc-53ce-a68f-d3f093e515c2","19435","Xã Hướng Lập","xa_huong_lap","xã","1791616658326","1791616658326"
"fbea2367-29db-57a8-9e85-7afbd6c0365e","b9b6d8c4-80cc-53ce-a68f-d3f093e515c2","19441","Xã Hướng Phùng","xa_huong_phung","xã","1791616658326","1791616658326"
"3f2baebd-cef3-5773-9bd0-49f0f0d3b586","b9b6d8c4-80cc-53ce-a68f-d3f093e515c2","19462","Xã Tân Lập","xa_tan_lap","xã","1791616658326","1791616658326"
"00eb5aa9-90e2-5e2e-8059-cbfd40de7485","b9b6d8c4-80cc-53ce-a68f-d3f093e515c2","19483","Xã A Dơi","xa_a_doi","xã","1791616658326","1791616658326"
"ba664d09-d225-5937-9d93-e1604a4c5b60","b9b6d8c4-80cc-53ce-a68f-d3f093e515c2","19489","Xã Lìa","xa_lia","xã","1791616658326","1791616658326"
"efb19aaa-4b63-58a8-bebb-78652443d848","b9b6d8c4-80cc-53ce-a68f-d3f093e515c2","19495","Xã Gio Linh","xa_gio_linh","xã","1791616658326","1791616658326"
"10954643-4d48-51c4-9ff2-8f3ba95f94de","b9b6d8c4-80cc-53ce-a68f-d3f093e515c2","19496","Xã Cửa Việt","xa_cua_viet","xã","1791616658326","1791616658326"
"965e7642-8fec-53f3-93ba-ad4684347949","b9b6d8c4-80cc-53ce-a68f-d3f093e515c2","19501","Xã Bến Hải","xa_ben_hai","xã","1791616658326","1791616658326"
"6cf08d99-93dd-5b99-b695-35c32702b545","b9b6d8c4-80cc-53ce-a68f-d3f093e515c2","19537","Xã Cồn Tiên","xa_con_tien","xã","1791616658326","1791616658326"
"2c43ab9d-3a14-535c-8f0b-12558d7c7035","b9b6d8c4-80cc-53ce-a68f-d3f093e515c2","19555","Xã Hướng Hiệp","xa_huong_hiep","xã","1791616658326","1791616658326"
"c8b2e8a5-cae8-527c-849c-e691c4f2e225","b9b6d8c4-80cc-53ce-a68f-d3f093e515c2","19564","Xã Đakrông","xa_dakrong","xã","1791616658326","1791616658326"
"c83a4df1-d36b-5c75-9d93-64d4e305df22","b9b6d8c4-80cc-53ce-a68f-d3f093e515c2","19567","Xã Ba Lòng","xa_ba_long","xã","1791616658326","1791616658326"
"f3775145-a090-5ad4-a720-b5231e5be720","b9b6d8c4-80cc-53ce-a68f-d3f093e515c2","19588","Xã Tà Rụt","xa_ta_rut","xã","1791616658326","1791616658326"
"894e34b7-df9b-524b-b200-9f0da37344ce","b9b6d8c4-80cc-53ce-a68f-d3f093e515c2","19594","Xã La Lay","xa_la_lay","xã","1791616658326","1791616658326"
"5cbef6ee-77b5-5812-837d-564f525e86fc","b9b6d8c4-80cc-53ce-a68f-d3f093e515c2","19597","Xã Cam Lộ","xa_cam_lo","xã","1791616658326","1791616658326"
"0de12ff0-2657-5bcf-b6e2-a4bb906ea824","b9b6d8c4-80cc-53ce-a68f-d3f093e515c2","19603","Xã Hiếu Giang","xa_hieu_giang","xã","1791616658326","1791616658326"
"df6a1477-bdc0-5c23-8b0d-4b11e72e9cdd","b9b6d8c4-80cc-53ce-a68f-d3f093e515c2","19624","Xã Triệu Phong","xa_trieu_phong","xã","1791616658326","1791616658326"
"5ad3ef02-cd6a-58e0-89db-4153ab3e30c5","b9b6d8c4-80cc-53ce-a68f-d3f093e515c2","19639","Xã Nam Cửa Việt","xa_nam_cua_viet","xã","1791616658326","1791616658326"
"bf0b0f1c-7f6b-53c8-b407-4e0f953507d2","b9b6d8c4-80cc-53ce-a68f-d3f093e515c2","19645","Xã Triệu Bình","xa_trieu_binh","xã","1791616658326","1791616658326"
"2bfeab0a-8a6e-57fe-a176-a3efb3a4bfa1","b9b6d8c4-80cc-53ce-a68f-d3f093e515c2","19654","Xã Triệu Cơ","xa_trieu_co","xã","1791616658326","1791616658326"
"2b372bb2-cc5a-56d5-bbdd-8dea017b51d7","b9b6d8c4-80cc-53ce-a68f-d3f093e515c2","19669","Xã Ái Tử","xa_ai_tu","xã","1791616658326","1791616658326"
"cf6a5549-73eb-54c9-aa70-cf63f25421a4","b9b6d8c4-80cc-53ce-a68f-d3f093e515c2","19681","Xã Diên Sanh","xa_dien_sanh","xã","1791616658326","1791616658326"
"dbb58181-115c-5536-9d36-d929cb7b867c","b9b6d8c4-80cc-53ce-a68f-d3f093e515c2","19699","Xã Vĩnh Định","xa_vinh_dinh","xã","1791616658326","1791616658326"
"c60283ef-a0dc-5bac-986f-3c579eb4733f","b9b6d8c4-80cc-53ce-a68f-d3f093e515c2","19702","Xã Hải Lăng","xa_hai_lang","xã","1791616658326","1791616658326"
"62a9fbe1-532e-5f28-82e7-de0364e7c800","b9b6d8c4-80cc-53ce-a68f-d3f093e515c2","19735","Xã Nam Hải Lăng","xa_nam_hai_lang","xã","1791616658326","1791616658326"
"bc7a431c-b094-5e4f-9bee-7e2e0786377f","b9b6d8c4-80cc-53ce-a68f-d3f093e515c2","19741","Xã Mỹ Thủy","xa_my_thuy","xã","1791616658326","1791616658326"
"c11cd947-1c90-5cd3-9b92-2ca07194277f","b9b6d8c4-80cc-53ce-a68f-d3f093e515c2","19742","Đặc khu Cồn Cỏ","dac_khu_con_co","đặc khu","1791616658326","1791616658326"
"9322c466-1d1d-542a-aa08-b8f284a9fc1d","b3d09e6d-b56d-556d-95e1-8157376d9258","19753","Phường Phú Xuân","phuong_phu_xuan","phường","1791616658326","1791616658326"
"ca53795b-38f9-53ff-b2b3-9bf668ef5a87","b3d09e6d-b56d-556d-95e1-8157376d9258","19774","Phường Kim Long","phuong_kim_long","phường","1791616658326","1791616658326"
"b0231e01-18b7-5e90-9c7b-23df0430ebc9","b3d09e6d-b56d-556d-95e1-8157376d9258","19777","Phường Vỹ Dạ","phuong_vy_da","phường","1791616658326","1791616658326"
"7738b092-0d63-5b73-9b31-4f7cdb8ed049","b3d09e6d-b56d-556d-95e1-8157376d9258","19789","Phường Thuận Hóa","phuong_thuan_hoa","phường","1791616658326","1791616658326"
"db80ad3d-12d8-58cb-bd19-e9768cb2f6b6","b3d09e6d-b56d-556d-95e1-8157376d9258","19804","Phường Hương An","phuong_huong_an","phường","1791616658326","1791616658326"
"4bdd3802-304f-5a2a-8ab2-334d634537ef","b3d09e6d-b56d-556d-95e1-8157376d9258","19813","Phường Thủy Xuân","phuong_thuy_xuan","phường","1791616658326","1791616658326"
"5f20731f-b41e-55a4-9ea6-8854413249d2","b3d09e6d-b56d-556d-95e1-8157376d9258","19815","Phường An Cựu","phuong_an_cuu","phường","1791616658326","1791616658326"
"71122ab3-1c5b-5fd8-a4d1-93d24946c005","b3d09e6d-b56d-556d-95e1-8157376d9258","19819","Phường Phong Điền","phuong_phong_dien","phường","1791616658326","1791616658326"
"06fa6679-be41-512a-8601-4c6cf308a67e","b3d09e6d-b56d-556d-95e1-8157376d9258","19828","Phường Phong Phú","phuong_phong_phu","phường","1791616658326","1791616658326"
"77349611-e671-539e-b560-4649cc2ca30e","b3d09e6d-b56d-556d-95e1-8157376d9258","19831","Phường Phong Dinh","phuong_phong_dinh","phường","1791616658326","1791616658326"
"4c727d7c-5c3a-56ca-a54d-2fb966b7566e","b3d09e6d-b56d-556d-95e1-8157376d9258","19858","Phường Phong Thái","phuong_phong_thai","phường","1791616658326","1791616658326"
"d5d77c66-4b56-57df-8556-1bc53994d665","b3d09e6d-b56d-556d-95e1-8157376d9258","19867","Xã Quảng Điền","xa_quang_dien","xã","1791616658326","1791616658326"
"85b86426-a952-539f-a113-1952cd98aba3","b3d09e6d-b56d-556d-95e1-8157376d9258","19873","Phường Phong Quảng","phuong_phong_quang","phường","1791616658326","1791616658326"
"c155b41b-aba2-5e28-8e97-9b42abc6fd69","b3d09e6d-b56d-556d-95e1-8157376d9258","19885","Xã Đan Điền","xa_dan_dien","xã","1791616658326","1791616658326"
"03209b2d-5fc6-5d72-ace1-7e8fae13d682","b3d09e6d-b56d-556d-95e1-8157376d9258","19900","Phường Thuận An","phuong_thuan_an","phường","1791616658326","1791616658326"
"d8a75113-ec0e-5d41-8d7c-5c9ed0104f09","b3d09e6d-b56d-556d-95e1-8157376d9258","19909","Phường Dương Nỗ","phuong_duong_no","phường","1791616658326","1791616658326"
"94903bd4-549a-5d5b-875c-864420a88261","b3d09e6d-b56d-556d-95e1-8157376d9258","19918","Xã Phú Hồ","xa_phu_ho","xã","1791616658326","1791616658326"
"3e006a09-eeb9-5bbe-b9ce-fde99400c007","b3d09e6d-b56d-556d-95e1-8157376d9258","19930","Phường Mỹ Thượng","phuong_my_thuong","phường","1791616658326","1791616658326"
"0522ba94-b609-59b4-8f07-64d16b801f5d","b3d09e6d-b56d-556d-95e1-8157376d9258","19942","Xã Phú Vang","xa_phu_vang","xã","1791616658326","1791616658326"
"39fbdd18-281c-58ac-b998-06110513dd34","b3d09e6d-b56d-556d-95e1-8157376d9258","19945","Xã Phú Vinh","xa_phu_vinh","xã","1791616658326","1791616658326"
"e406563e-e7ae-5246-8cc6-bda36546fe21","b3d09e6d-b56d-556d-95e1-8157376d9258","19960","Phường Phú Bài","phuong_phu_bai","phường","1791616658326","1791616658326"
"2ad55670-3668-5661-9be0-df8594f845ee","b3d09e6d-b56d-556d-95e1-8157376d9258","19969","Phường Thanh Thủy","phuong_thanh_thuy","phường","1791616658326","1791616658326"
"13782084-fbd9-5c81-af28-6f68dfc5fdfc","b3d09e6d-b56d-556d-95e1-8157376d9258","19975","Phường Hương Thủy","phuong_huong_thuy","phường","1791616658326","1791616658326"
"bb976f16-49a9-5ef4-a7b4-497c98e4758e","b3d09e6d-b56d-556d-95e1-8157376d9258","19996","Phường Hương Trà","phuong_huong_tra","phường","1791616658326","1791616658326"
"7f7c19a3-3373-5f31-8d88-8ad38c1d03ff","b3d09e6d-b56d-556d-95e1-8157376d9258","20014","Phường Hóa Châu","phuong_hoa_chau","phường","1791616658326","1791616658326"
"89af91ce-5ac7-57aa-9f21-609f155148d0","b3d09e6d-b56d-556d-95e1-8157376d9258","20017","Phường Kim Trà","phuong_kim_tra","phường","1791616658326","1791616658326"
"5c055676-c31c-50de-af80-d5789395a680","b3d09e6d-b56d-556d-95e1-8157376d9258","20035","Xã Bình Điền","xa_binh_dien","xã","1791616658326","1791616658326"
"9c98ed4d-a2f2-5d42-9c0d-6a7ab9a36268","b3d09e6d-b56d-556d-95e1-8157376d9258","20044","Xã A Lưới 2","xa_a_luoi_2","xã","1791616658326","1791616658326"
"c5eaa074-772f-58ce-b810-5d3efd37c26f","b3d09e6d-b56d-556d-95e1-8157376d9258","20050","Xã A Lưới 5","xa_a_luoi_5","xã","1791616658326","1791616658326"
"a11b2901-f71c-5f0d-ae9d-600d2b5bc0b4","b3d09e6d-b56d-556d-95e1-8157376d9258","20056","Xã A Lưới 1","xa_a_luoi_1","xã","1791616658326","1791616658326"
"1512bdd7-0449-5d43-9b88-dad45d3525d5","b3d09e6d-b56d-556d-95e1-8157376d9258","20071","Xã A Lưới 3","xa_a_luoi_3","xã","1791616658326","1791616658326"
"ec67f979-7ade-50b8-8d39-93381b012d11","b3d09e6d-b56d-556d-95e1-8157376d9258","20101","Xã A Lưới 4","xa_a_luoi_4","xã","1791616658326","1791616658326"
"bf43dbf8-737c-5070-9425-accd15fdfae0","b3d09e6d-b56d-556d-95e1-8157376d9258","20107","Xã Phú Lộc","xa_phu_loc","xã","1791616658326","1791616658326"
"2e625c1a-7c47-58df-91d6-0f1306f3f9ce","b3d09e6d-b56d-556d-95e1-8157376d9258","20122","Xã Vinh Lộc","xa_vinh_loc","xã","1791616658326","1791616658326"
"20b8f75d-3ef2-52e0-90a4-523fc7f5b4b8","b3d09e6d-b56d-556d-95e1-8157376d9258","20131","Xã Hưng Lộc","xa_hung_loc","xã","1791616658326","1791616658326"
"762b7195-8490-5eab-a838-08e467bd8f62","b3d09e6d-b56d-556d-95e1-8157376d9258","20137","Xã Chân Mây - Lăng Cô","xa_chan_may_lang_co","xã","1791616658326","1791616658326"
"d805ef39-3148-538a-821f-2425577e7256","b3d09e6d-b56d-556d-95e1-8157376d9258","20140","Xã Lộc An","xa_loc_an","xã","1791616658326","1791616658326"
"3dd1381d-ee2b-5aad-a410-19913d4ac4b8","b3d09e6d-b56d-556d-95e1-8157376d9258","20161","Xã Khe Tre","xa_khe_tre","xã","1791616658326","1791616658326"
"37dc047b-b520-5ab8-9718-b5964eb4eee8","b3d09e6d-b56d-556d-95e1-8157376d9258","20179","Xã Nam Đông","xa_nam_dong","xã","1791616658326","1791616658326"
"fb819991-c8c0-5490-bcb3-cd84dc13d303","b3d09e6d-b56d-556d-95e1-8157376d9258","20182","Xã Long Quảng","xa_long_quang","xã","1791616658326","1791616658326"
"a8eece83-8e68-5e11-9c95-21d541bd05c4","bf9c5159-8e51-5318-b472-cc55d29f2f41","20194","Phường Hải Vân","phuong_hai_van","phường","1791616658326","1791616658326"
"1f6d9fec-e19e-58d3-849f-9d98be7171cb","bf9c5159-8e51-5318-b472-cc55d29f2f41","20197","Phường Liên Chiểu","phuong_lien_chieu","phường","1791616658326","1791616658326"
"999e2eff-65d9-5bc2-8007-9d2b5f53f3c8","bf9c5159-8e51-5318-b472-cc55d29f2f41","20200","Phường Hòa Khánh","phuong_hoa_khanh","phường","1791616658326","1791616658326"
"3ca954c3-950d-5826-bf41-c1e05841d046","bf9c5159-8e51-5318-b472-cc55d29f2f41","20209","Phường Thanh Khê","phuong_thanh_khe","phường","1791616658326","1791616658326"
"5e8c76a3-19ef-5d8e-9efc-819e70115d67","bf9c5159-8e51-5318-b472-cc55d29f2f41","20242","Phường Hải Châu","phuong_hai_chau","phường","1791616658326","1791616658326"
"d0a01e42-32b3-5407-ae1a-52360ec9021b","bf9c5159-8e51-5318-b472-cc55d29f2f41","20257","Phường Hòa Cường","phuong_hoa_cuong","phường","1791616658326","1791616658326"
"962e28c0-4739-59d7-9770-102fb68d4274","bf9c5159-8e51-5318-b472-cc55d29f2f41","20260","Phường Cẩm Lệ","phuong_cam_le","phường","1791616658326","1791616658326"
"928780a1-e8dc-5444-a446-336fdc0cd73c","bf9c5159-8e51-5318-b472-cc55d29f2f41","20263","Phường Sơn Trà","phuong_son_tra","phường","1791616658326","1791616658326"
"38bcde6e-905a-50d3-b222-6e162118b460","bf9c5159-8e51-5318-b472-cc55d29f2f41","20275","Phường An Hải","phuong_an_hai","phường","1791616658326","1791616658326"
"3a53b5b7-e72d-546f-bc31-954167d6813b","bf9c5159-8e51-5318-b472-cc55d29f2f41","20285","Phường Ngũ Hành Sơn","phuong_ngu_hanh_son","phường","1791616658326","1791616658326"
"71df3d91-19ba-5d44-a53e-abd31d4ab0fb","bf9c5159-8e51-5318-b472-cc55d29f2f41","20305","Phường An Khê","phuong_an_khe","phường","1791616658326","1791616658326"
"ccaa9af0-522e-53f4-8072-3ee797078d85","bf9c5159-8e51-5318-b472-cc55d29f2f41","20308","Xã Bà Nà","xa_ba_na","xã","1791616658326","1791616658326"
"5889cc91-d36f-5234-ac60-4e68d64254a2","bf9c5159-8e51-5318-b472-cc55d29f2f41","20314","Phường Hòa Xuân","phuong_hoa_xuan","phường","1791616658326","1791616658326"
"afa1ed9d-ce97-57b8-b176-09c8b0690a23","bf9c5159-8e51-5318-b472-cc55d29f2f41","20320","Xã Hòa Vang","xa_hoa_vang","xã","1791616658326","1791616658326"
"b51610fb-9235-521d-ba0f-e20809b96743","bf9c5159-8e51-5318-b472-cc55d29f2f41","20332","Xã Hòa Tiến","xa_hoa_tien","xã","1791616658326","1791616658326"
"c8e37be5-f6f7-566b-9f64-e19da7e04497","bf9c5159-8e51-5318-b472-cc55d29f2f41","20333","Đặc khu Hoàng Sa","dac_khu_hoang_sa","đặc khu","1791616658326","1791616658326"
"c66bca18-a416-5f78-a6be-b0486cb10e38","bf9c5159-8e51-5318-b472-cc55d29f2f41","20335","Phường Bàn Thạch","phuong_ban_thach","phường","1791616658326","1791616658326"
"4f43d90c-fe25-5c90-9f48-39a58c254562","bf9c5159-8e51-5318-b472-cc55d29f2f41","20341","Phường Tam Kỳ","phuong_tam_ky","phường","1791616658326","1791616658326"
"821c1b72-4593-5cef-b010-4ab99bd9f235","bf9c5159-8e51-5318-b472-cc55d29f2f41","20350","Phường Hương Trà","phuong_huong_tra","phường","1791616658326","1791616658326"
"e6b16d3d-ba33-52ba-ade9-4e72d17c5015","bf9c5159-8e51-5318-b472-cc55d29f2f41","20356","Phường Quảng Phú","phuong_quang_phu","phường","1791616658326","1791616658326"
"f6050019-3f49-58d9-9293-69d9d14e38fd","bf9c5159-8e51-5318-b472-cc55d29f2f41","20364","Xã Chiên Đàn","xa_chien_dan","xã","1791616658326","1791616658326"
"a1ae0628-216d-5f26-9f4e-8fd2d9585374","bf9c5159-8e51-5318-b472-cc55d29f2f41","20380","Xã Tây Hồ","xa_tay_ho","xã","1791616658326","1791616658326"
"40b1ad4c-fb8c-5f54-9609-8a6a40488e21","bf9c5159-8e51-5318-b472-cc55d29f2f41","20392","Xã Phú Ninh","xa_phu_ninh","xã","1791616658326","1791616658326"
"131fae82-147d-5840-afb4-4b8cc045d0df","bf9c5159-8e51-5318-b472-cc55d29f2f41","20401","Phường Hội An Tây","phuong_hoi_an_tay","phường","1791616658326","1791616658326"
"2d039847-dcb7-50f6-b947-0e426659dd05","bf9c5159-8e51-5318-b472-cc55d29f2f41","20410","Phường Hội An","phuong_hoi_an","phường","1791616658326","1791616658326"
"3900255d-67d9-56dd-9239-1a58e5822916","bf9c5159-8e51-5318-b472-cc55d29f2f41","20413","Phường Hội An Đông","phuong_hoi_an_dong","phường","1791616658326","1791616658326"
"f6f9835b-44f5-58ef-8294-752012bd745f","bf9c5159-8e51-5318-b472-cc55d29f2f41","20434","Xã Tân Hiệp","xa_tan_hiep","xã","1791616658326","1791616658326"
"e83a5951-b644-5b21-81e7-8044d78d90ca","bf9c5159-8e51-5318-b472-cc55d29f2f41","20443","Xã Hùng Sơn","xa_hung_son","xã","1791616658326","1791616658326"
"7d6abc97-c9eb-5f8e-9cde-04098f8507b0","bf9c5159-8e51-5318-b472-cc55d29f2f41","20455","Xã Tây Giang","xa_tay_giang","xã","1791616658326","1791616658326"
"3ecc02f1-a033-50d1-8477-7069f2da2a4e","bf9c5159-8e51-5318-b472-cc55d29f2f41","20458","Xã Avương","xa_avuong","xã","1791616658326","1791616658326"
"fcc29bde-df89-5d35-b926-286323b8258b","bf9c5159-8e51-5318-b472-cc55d29f2f41","20467","Xã Đông Giang","xa_dong_giang","xã","1791616658326","1791616658326"
"a5369b90-4b22-5fa9-b14d-0c10dd910c7f","bf9c5159-8e51-5318-b472-cc55d29f2f41","20476","Xã Sông Kôn","xa_song_kon","xã","1791616658326","1791616658326"
"9d442a7b-fa8c-50a2-9b0b-06cbdf41445d","bf9c5159-8e51-5318-b472-cc55d29f2f41","20485","Xã Sông Vàng","xa_song_vang","xã","1791616658326","1791616658326"
"44c3cc48-a4d6-581b-9969-4ea212af6122","bf9c5159-8e51-5318-b472-cc55d29f2f41","20494","Xã Bến Hiên","xa_ben_hien","xã","1791616658326","1791616658326"
"8a7a59b9-5479-591c-8284-ccd605a55a30","bf9c5159-8e51-5318-b472-cc55d29f2f41","20500","Xã Đại Lộc","xa_dai_loc","xã","1791616658326","1791616658326"
"aff10142-3256-5abb-a83b-78852847f54d","bf9c5159-8e51-5318-b472-cc55d29f2f41","20506","Xã Thượng Đức","xa_thuong_duc","xã","1791616658326","1791616658326"
"6444419a-931a-50d9-a29d-06b281281d33","bf9c5159-8e51-5318-b472-cc55d29f2f41","20515","Xã Hà Nha","xa_ha_nha","xã","1791616658326","1791616658326"
"a94f6140-9051-5d60-a159-24938e552838","bf9c5159-8e51-5318-b472-cc55d29f2f41","20539","Xã Vu Gia","xa_vu_gia","xã","1791616658326","1791616658326"
"ecf54ead-1587-5217-9817-c4cafc887ad0","bf9c5159-8e51-5318-b472-cc55d29f2f41","20542","Xã Phú Thuận","xa_phu_thuan","xã","1791616658326","1791616658326"
"a43d52f2-e946-5da2-83d9-cb778e247760","bf9c5159-8e51-5318-b472-cc55d29f2f41","20551","Phường Điện Bàn","phuong_dien_ban","phường","1791616658326","1791616658326"
"de975164-8323-563b-84eb-20c0842da21f","bf9c5159-8e51-5318-b472-cc55d29f2f41","20557","Phường Điện Bàn Bắc","phuong_dien_ban_bac","phường","1791616658326","1791616658326"
"7caf5959-2f07-57c6-8d6d-e753487f78cd","bf9c5159-8e51-5318-b472-cc55d29f2f41","20569","Xã Điện Bàn Tây","xa_dien_ban_tay","xã","1791616658326","1791616658326"
"f026c86b-bf7d-5320-8422-276ff17b509f","bf9c5159-8e51-5318-b472-cc55d29f2f41","20575","Phường An Thắng","phuong_an_thang","phường","1791616658326","1791616658326"
"f9286a01-d163-510a-8e49-b9a1e5faaa46","bf9c5159-8e51-5318-b472-cc55d29f2f41","20579","Phường Điện Bàn Đông","phuong_dien_ban_dong","phường","1791616658326","1791616658326"
"4a811a29-3768-5bd3-8749-da406b54d6fd","bf9c5159-8e51-5318-b472-cc55d29f2f41","20587","Xã Gò Nổi","xa_go_noi","xã","1791616658326","1791616658326"
"044d4e22-e901-513b-bbd1-f3145f13017a","bf9c5159-8e51-5318-b472-cc55d29f2f41","20599","Xã Nam Phước","xa_nam_phuoc","xã","1791616658326","1791616658326"
"3fbfe75c-c3db-52e1-abb1-04f7b941d048","bf9c5159-8e51-5318-b472-cc55d29f2f41","20611","Xã Thu Bồn","xa_thu_bon","xã","1791616658326","1791616658326"
"e4fdb0e1-417e-5bdc-9c0a-f766408804c2","bf9c5159-8e51-5318-b472-cc55d29f2f41","20623","Xã Duy Xuyên","xa_duy_xuyen","xã","1791616658326","1791616658326"
"41f12a95-6d91-562b-bb7e-b63cf48e9c20","bf9c5159-8e51-5318-b472-cc55d29f2f41","20635","Xã Duy Nghĩa","xa_duy_nghia","xã","1791616658326","1791616658326"
"48a860cf-da20-5b17-bced-e754dbc4a411","bf9c5159-8e51-5318-b472-cc55d29f2f41","20641","Xã Quế Sơn","xa_que_son","xã","1791616658326","1791616658326"
"259f0789-998c-5853-92fc-dcc0aba992c8","bf9c5159-8e51-5318-b472-cc55d29f2f41","20650","Xã Xuân Phú","xa_xuan_phu","xã","1791616658326","1791616658326"
"e8080357-be40-5b97-ad29-ab0da010ae62","bf9c5159-8e51-5318-b472-cc55d29f2f41","20656","Xã Nông Sơn","xa_nong_son","xã","1791616658326","1791616658326"
"859fee25-bd66-506b-908c-d43925d3e3fd","bf9c5159-8e51-5318-b472-cc55d29f2f41","20662","Xã Quế Sơn Trung","xa_que_son_trung","xã","1791616658326","1791616658326"
"deb9d8e7-4b91-5e35-a302-d4d801126412","bf9c5159-8e51-5318-b472-cc55d29f2f41","20669","Xã Quế Phước","xa_que_phuoc","xã","1791616658326","1791616658326"
"f840b099-b62e-5a28-9dfd-8e112ec7f1d0","bf9c5159-8e51-5318-b472-cc55d29f2f41","20695","Xã Thạnh Mỹ","xa_thanh_my","xã","1791616658326","1791616658326"
"ee2d2641-3c56-5359-813d-d710b6407051","bf9c5159-8e51-5318-b472-cc55d29f2f41","20698","Xã La Êê","xa_la_ee","xã","1791616658326","1791616658326"
"ac4d05d3-9607-507c-a0fe-9f79ae986b4d","bf9c5159-8e51-5318-b472-cc55d29f2f41","20704","Xã La Dêê","xa_la_dee","xã","1791616658326","1791616658326"
"0f6862bd-280d-5ad3-8710-a77d143fcec1","bf9c5159-8e51-5318-b472-cc55d29f2f41","20707","Xã Nam Giang","xa_nam_giang","xã","1791616658326","1791616658326"
"86b9cc2c-e039-5850-9a54-cf1ec38a1f14","bf9c5159-8e51-5318-b472-cc55d29f2f41","20710","Xã Bến Giằng","xa_ben_giang","xã","1791616658326","1791616658326"
"508a51eb-0fad-5aeb-9b00-38ab3acdce4f","bf9c5159-8e51-5318-b472-cc55d29f2f41","20716","Xã Đắc Pring","xa_dac_pring","xã","1791616658326","1791616658326"
"abc0bdde-d259-5733-a808-4a66a09fe9f2","bf9c5159-8e51-5318-b472-cc55d29f2f41","20722","Xã Khâm Đức","xa_kham_duc","xã","1791616658326","1791616658326"
"d4017a02-9ea7-5ac3-8849-e1701e157a33","bf9c5159-8e51-5318-b472-cc55d29f2f41","20728","Xã Phước Hiệp","xa_phuoc_hiep","xã","1791616658326","1791616658326"
"5da9b234-648f-54db-add2-30da93f7d43c","bf9c5159-8e51-5318-b472-cc55d29f2f41","20734","Xã Phước Năng","xa_phuoc_nang","xã","1791616658326","1791616658326"
"8405d5af-0b76-57e8-812d-6d0a272258b8","bf9c5159-8e51-5318-b472-cc55d29f2f41","20740","Xã Phước Chánh","xa_phuoc_chanh","xã","1791616658326","1791616658326"
"b870e116-510f-58ad-94df-13acb52b92b1","bf9c5159-8e51-5318-b472-cc55d29f2f41","20752","Xã Phước Thành","xa_phuoc_thanh","xã","1791616658326","1791616658326"
"113b3ec8-6268-5ebe-901d-0a33511ef291","bf9c5159-8e51-5318-b472-cc55d29f2f41","20767","Xã Việt An","xa_viet_an","xã","1791616658326","1791616658326"
"18db05cf-dac4-5e3f-bd4a-224f5426c7d9","bf9c5159-8e51-5318-b472-cc55d29f2f41","20770","Xã Phước Trà","xa_phuoc_tra","xã","1791616658326","1791616658326"
"c12793e9-418b-583b-9d20-02de4cdf695a","bf9c5159-8e51-5318-b472-cc55d29f2f41","20779","Xã Hiệp Đức","xa_hiep_duc","xã","1791616658326","1791616658326"
"22686855-96ea-5e14-8fcf-fe661fb7f45a","bf9c5159-8e51-5318-b472-cc55d29f2f41","20791","Xã Thăng Bình","xa_thang_binh","xã","1791616658326","1791616658326"
"7eeccb48-71ac-5976-a983-aee7e4485df9","bf9c5159-8e51-5318-b472-cc55d29f2f41","20794","Xã Thăng An","xa_thang_an","xã","1791616658326","1791616658326"
"f58a579f-86ed-5c7a-857c-4aac6951feae","bf9c5159-8e51-5318-b472-cc55d29f2f41","20818","Xã Đồng Dương","xa_dong_duong","xã","1791616658326","1791616658326"
"e909124e-db76-5705-ae9f-be8bf66fadab","bf9c5159-8e51-5318-b472-cc55d29f2f41","20827","Xã Thăng Phú","xa_thang_phu","xã","1791616658326","1791616658326"
"f3ffd78e-4eb7-5a93-9940-ffd829e5bc07","bf9c5159-8e51-5318-b472-cc55d29f2f41","20836","Xã Thăng Trường","xa_thang_truong","xã","1791616658326","1791616658326"
"fdc04ed1-b65f-5c8a-bac9-6cad5f3c336d","bf9c5159-8e51-5318-b472-cc55d29f2f41","20848","Xã Thăng Điền","xa_thang_dien","xã","1791616658326","1791616658326"
"1dc60aae-9007-55b6-b361-5719747ee1c8","bf9c5159-8e51-5318-b472-cc55d29f2f41","20854","Xã Tiên Phước","xa_tien_phuoc","xã","1791616658326","1791616658326"
"5587d5aa-ce8e-5ff9-82df-4df4fbf81d1d","bf9c5159-8e51-5318-b472-cc55d29f2f41","20857","Xã Sơn Cẩm Hà","xa_son_cam_ha","xã","1791616658326","1791616658326"
"82ab1394-5444-5e03-bcc3-02ae7b61b070","bf9c5159-8e51-5318-b472-cc55d29f2f41","20875","Xã Lãnh Ngọc","xa_lanh_ngoc","xã","1791616658326","1791616658326"
"8fa2d96c-fb57-58a4-83c8-de87e985ac5c","bf9c5159-8e51-5318-b472-cc55d29f2f41","20878","Xã Thạnh Bình","xa_thanh_binh","xã","1791616658326","1791616658326"
"6923d7dd-dda8-5bbb-8660-3784e4cd0ae9","bf9c5159-8e51-5318-b472-cc55d29f2f41","20900","Xã Trà My","xa_tra_my","xã","1791616658326","1791616658326"
"248dc911-2075-511b-b2a5-1fc8ba426704","bf9c5159-8e51-5318-b472-cc55d29f2f41","20908","Xã Trà Liên","xa_tra_lien","xã","1791616658326","1791616658326"
"6f7afd18-8ab8-578f-822f-fca18d328b06","bf9c5159-8e51-5318-b472-cc55d29f2f41","20920","Xã Trà Đốc","xa_tra_doc","xã","1791616658326","1791616658326"
"9f937f50-7755-50ae-ab24-aa2337fc2b8e","bf9c5159-8e51-5318-b472-cc55d29f2f41","20923","Xã Trà Tân","xa_tra_tan","xã","1791616658326","1791616658326"
"35a37b94-c40e-53b0-8993-88ee9ff9e18a","bf9c5159-8e51-5318-b472-cc55d29f2f41","20929","Xã Trà Giáp","xa_tra_giap","xã","1791616658326","1791616658326"
"98e0ad00-975d-5785-9ebc-9d77350a4b77","bf9c5159-8e51-5318-b472-cc55d29f2f41","20938","Xã Trà Leng","xa_tra_leng","xã","1791616658326","1791616658326"
"49b7e0b5-326d-5f44-9018-96e468c7fb5f","bf9c5159-8e51-5318-b472-cc55d29f2f41","20941","Xã Trà Tập","xa_tra_tap","xã","1791616658326","1791616658326"
"fe9119c8-c28e-5aef-8e26-ecae7bfdf243","bf9c5159-8e51-5318-b472-cc55d29f2f41","20944","Xã Nam Trà My","xa_nam_tra_my","xã","1791616658326","1791616658326"
"bea9819a-b893-55c8-bb97-38c42d486f46","bf9c5159-8e51-5318-b472-cc55d29f2f41","20950","Xã Trà Linh","xa_tra_linh","xã","1791616658326","1791616658326"
"cd4bcb0b-1274-57ef-88a5-802146d512cd","bf9c5159-8e51-5318-b472-cc55d29f2f41","20959","Xã Trà Vân","xa_tra_van","xã","1791616658326","1791616658326"
"29bb6a66-15ab-5e61-b14b-90a67fed38fb","bf9c5159-8e51-5318-b472-cc55d29f2f41","20965","Xã Núi Thành","xa_nui_thanh","xã","1791616658326","1791616658326"
"554a5ce1-4b54-533e-b81c-a161b202ab29","bf9c5159-8e51-5318-b472-cc55d29f2f41","20971","Xã Tam Xuân","xa_tam_xuan","xã","1791616658326","1791616658326"
"a1308090-f349-5bba-aaf5-144f618f4dba","bf9c5159-8e51-5318-b472-cc55d29f2f41","20977","Xã Đức Phú","xa_duc_phu","xã","1791616658326","1791616658326"
"302d13c7-dc9f-5b52-9780-5ec6b36197fa","bf9c5159-8e51-5318-b472-cc55d29f2f41","20984","Xã Tam Anh","xa_tam_anh","xã","1791616658326","1791616658326"
"ee52b18d-4079-5d84-aab2-2800198e5db6","bf9c5159-8e51-5318-b472-cc55d29f2f41","20992","Xã Tam Hải","xa_tam_hai","xã","1791616658326","1791616658326"
"43567cf3-e4b4-5008-895e-5b588e327e2a","bf9c5159-8e51-5318-b472-cc55d29f2f41","21004","Xã Tam Mỹ","xa_tam_my","xã","1791616658326","1791616658326"
"c250002f-8c15-5fc3-a750-1fb6f04a3a9f","eb8a6053-68f9-5a83-b993-4296fbfa3c97","21025","Phường Cẩm Thành","phuong_cam_thanh","phường","1791616658326","1791616658326"
"adb44f5d-b884-5c51-9ba0-9d810bb26209","eb8a6053-68f9-5a83-b993-4296fbfa3c97","21028","Phường Nghĩa Lộ","phuong_nghia_lo","phường","1791616658326","1791616658326"
"73a64a1f-67b3-5f49-8998-ff4daf82b559","eb8a6053-68f9-5a83-b993-4296fbfa3c97","21034","Xã An Phú","xa_an_phu","xã","1791616658326","1791616658326"
"7f2b16b8-076a-53f1-a5f5-327e7ae65d74","eb8a6053-68f9-5a83-b993-4296fbfa3c97","21040","Xã Bình Sơn","xa_binh_son","xã","1791616658326","1791616658326"
"1f7b0d1b-f84f-5994-8bb2-1c2ba3f81544","eb8a6053-68f9-5a83-b993-4296fbfa3c97","21061","Xã Vạn Tường","xa_van_tuong","xã","1791616658326","1791616658326"
"36558bf8-00c0-5a7f-b937-ae86756c2380","eb8a6053-68f9-5a83-b993-4296fbfa3c97","21085","Xã Bình Minh","xa_binh_minh","xã","1791616658326","1791616658326"
"06ac04c6-be5e-595c-983f-52ac7df982db","eb8a6053-68f9-5a83-b993-4296fbfa3c97","21100","Xã Bình Chương","xa_binh_chuong","xã","1791616658326","1791616658326"
"69bc1720-8a2e-56e5-86c2-eff59282b4ff","eb8a6053-68f9-5a83-b993-4296fbfa3c97","21109","Xã Đông Sơn","xa_dong_son","xã","1791616658326","1791616658326"
"e0760eb6-1a32-59f6-872e-6bb3db29b5f7","eb8a6053-68f9-5a83-b993-4296fbfa3c97","21115","Xã Trà Bồng","xa_tra_bong","xã","1791616658326","1791616658326"
"589543d8-c7ba-54bb-a389-a67e0004ea7e","eb8a6053-68f9-5a83-b993-4296fbfa3c97","21124","Xã Thanh Bồng","xa_thanh_bong","xã","1791616658326","1791616658326"
"317891e9-f2a1-519b-b870-ed5187b4c7d9","eb8a6053-68f9-5a83-b993-4296fbfa3c97","21127","Xã Đông Trà Bồng","xa_dong_tra_bong","xã","1791616658326","1791616658326"
"e10d9020-8c7a-571c-8b0c-aa7398c38e6f","eb8a6053-68f9-5a83-b993-4296fbfa3c97","21136","Xã Cà Đam","xa_ca_dam","xã","1791616658326","1791616658326"
"27f29f63-9a79-5f98-8b6e-34c280ed5def","eb8a6053-68f9-5a83-b993-4296fbfa3c97","21154","Xã Tây Trà","xa_tay_tra","xã","1791616658326","1791616658326"
"ece29ac7-7593-55cb-ba28-d37ea74a678d","eb8a6053-68f9-5a83-b993-4296fbfa3c97","21157","Xã Tây Trà Bồng","xa_tay_tra_bong","xã","1791616658326","1791616658326"
"14d362b0-de6c-5c2e-9d01-d4f946b77120","eb8a6053-68f9-5a83-b993-4296fbfa3c97","21172","Phường Trương Quang Trọng","phuong_truong_quang_trong","phường","1791616658326","1791616658326"
"d5856f54-9456-5e26-a021-23d058396749","eb8a6053-68f9-5a83-b993-4296fbfa3c97","21181","Xã Thọ Phong","xa_tho_phong","xã","1791616658326","1791616658326"
"df56e17c-fd24-57aa-aa8a-79fcef91e84b","eb8a6053-68f9-5a83-b993-4296fbfa3c97","21196","Xã Trường Giang","xa_truong_giang","xã","1791616658326","1791616658326"
"b3c398ac-867d-5328-9b24-21e80694b010","eb8a6053-68f9-5a83-b993-4296fbfa3c97","21205","Xã Ba Gia","xa_ba_gia","xã","1791616658326","1791616658326"
"8125ac01-3377-5c46-9d01-588763144da8","eb8a6053-68f9-5a83-b993-4296fbfa3c97","21211","Xã Tịnh Khê","xa_tinh_khe","xã","1791616658326","1791616658326"
"62cc4132-0a5e-528c-a8a8-546561fb1fe5","eb8a6053-68f9-5a83-b993-4296fbfa3c97","21220","Xã Sơn Tịnh","xa_son_tinh","xã","1791616658326","1791616658326"
"e27bf320-4566-530c-8a27-71db4ec4da0b","eb8a6053-68f9-5a83-b993-4296fbfa3c97","21235","Xã Tư Nghĩa","xa_tu_nghia","xã","1791616658326","1791616658326"
"aa6e337e-10ed-5c16-820d-08f224001bd8","eb8a6053-68f9-5a83-b993-4296fbfa3c97","21238","Xã Vệ Giang","xa_ve_giang","xã","1791616658326","1791616658326"
"c40ea9da-1735-5c6e-a9b4-a7cec25d2504","eb8a6053-68f9-5a83-b993-4296fbfa3c97","21244","Xã Trà Giang","xa_tra_giang","xã","1791616658326","1791616658326"
"6f465cb1-5674-57e2-a04d-336004d8c247","eb8a6053-68f9-5a83-b993-4296fbfa3c97","21250","Xã Nghĩa Giang","xa_nghia_giang","xã","1791616658326","1791616658326"
"2efa540a-c104-52a3-9c3c-df58500bd6c9","eb8a6053-68f9-5a83-b993-4296fbfa3c97","21289","Xã Sơn Hà","xa_son_ha","xã","1791616658326","1791616658326"
"049189bb-a583-5d50-bd00-2ea92bf60d7f","eb8a6053-68f9-5a83-b993-4296fbfa3c97","21292","Xã Sơn Hạ","xa_son_ha","xã","1791616658326","1791616658326"
"f8abae88-aea8-5c63-a504-8203521f6e95","eb8a6053-68f9-5a83-b993-4296fbfa3c97","21307","Xã Sơn Linh","xa_son_linh","xã","1791616658326","1791616658326"
"378d6b70-4bf2-5770-a79f-1ccef1f4b4dc","eb8a6053-68f9-5a83-b993-4296fbfa3c97","21319","Xã Sơn Thủy","xa_son_thuy","xã","1791616658326","1791616658326"
"9c9dfdd3-763d-510c-bd3a-82d74bc45f27","eb8a6053-68f9-5a83-b993-4296fbfa3c97","21325","Xã Sơn Kỳ","xa_son_ky","xã","1791616658326","1791616658326"
"4b444f8f-8144-515d-851a-5e6587e2311b","eb8a6053-68f9-5a83-b993-4296fbfa3c97","21334","Xã Sơn Tây Thượng","xa_son_tay_thuong","xã","1791616658326","1791616658326"
"8af7a0b8-9168-55a0-97c8-30f7248cb150","eb8a6053-68f9-5a83-b993-4296fbfa3c97","21340","Xã Sơn Tây","xa_son_tay","xã","1791616658326","1791616658326"
"0f786938-4455-5611-a07e-e4ac1f926845","eb8a6053-68f9-5a83-b993-4296fbfa3c97","21343","Xã Sơn Tây Hạ","xa_son_tay_ha","xã","1791616658326","1791616658326"
"c489cbc8-6eb1-5301-98c2-b5a0ee1ee358","eb8a6053-68f9-5a83-b993-4296fbfa3c97","21349","Xã Sơn Mai","xa_son_mai","xã","1791616658326","1791616658326"
"9c48f551-1029-5226-80c3-67cc34cf258a","eb8a6053-68f9-5a83-b993-4296fbfa3c97","21361","Xã Minh Long","xa_minh_long","xã","1791616658326","1791616658326"
"9408b906-7769-5dc2-b44f-a9eddcd513c8","eb8a6053-68f9-5a83-b993-4296fbfa3c97","21364","Xã Nghĩa Hành","xa_nghia_hanh","xã","1791616658326","1791616658326"
"59d8314e-9698-5472-9adb-551244adc1a9","eb8a6053-68f9-5a83-b993-4296fbfa3c97","21370","Xã Phước Giang","xa_phuoc_giang","xã","1791616658326","1791616658326"
"29cb66f9-43ec-5dd5-a250-d100aefbc023","eb8a6053-68f9-5a83-b993-4296fbfa3c97","21385","Xã Đình Cương","xa_dinh_cuong","xã","1791616658326","1791616658326"
"4f3891e6-3279-57e6-bfee-00c1fc13d128","eb8a6053-68f9-5a83-b993-4296fbfa3c97","21388","Xã Thiện Tín","xa_thien_tin","xã","1791616658326","1791616658326"
"39c352eb-e5b1-5cf7-bc1e-665ae2f275ad","eb8a6053-68f9-5a83-b993-4296fbfa3c97","21400","Xã Mộ Đức","xa_mo_duc","xã","1791616658326","1791616658326"
"c9501f89-7329-59af-8704-e14d2c3e4eee","eb8a6053-68f9-5a83-b993-4296fbfa3c97","21409","Xã Long Phụng","xa_long_phung","xã","1791616658326","1791616658326"
"fc99fb97-3533-5ffd-8b0e-acd3c253a932","eb8a6053-68f9-5a83-b993-4296fbfa3c97","21421","Xã Mỏ Cày","xa_mo_cay","xã","1791616658326","1791616658326"
"23deb650-2a18-5a9d-a46f-c98b0245df99","eb8a6053-68f9-5a83-b993-4296fbfa3c97","21433","Xã Lân Phong","xa_lan_phong","xã","1791616658326","1791616658326"
"5de4ad87-e99c-5733-b2fb-93df71d938a5","eb8a6053-68f9-5a83-b993-4296fbfa3c97","21439","Phường Đức Phổ","phuong_duc_pho","phường","1791616658326","1791616658326"
"7067b571-6c16-5eca-be08-280155980443","eb8a6053-68f9-5a83-b993-4296fbfa3c97","21451","Phường Trà Câu","phuong_tra_cau","phường","1791616658326","1791616658326"
"23572dff-6f4d-551e-ac2e-f3909773fc71","eb8a6053-68f9-5a83-b993-4296fbfa3c97","21457","Xã Nguyễn Nghiêm","xa_nguyen_nghiem","xã","1791616658326","1791616658326"
"a9085640-9249-5bdd-b602-a9687ce40a1a","eb8a6053-68f9-5a83-b993-4296fbfa3c97","21472","Xã Khánh Cường","xa_khanh_cuong","xã","1791616658326","1791616658326"
"93423896-c2a4-5a2b-9de8-a4e9616a0f44","eb8a6053-68f9-5a83-b993-4296fbfa3c97","21478","Phường Sa Huỳnh","phuong_sa_huynh","phường","1791616658326","1791616658326"
"ececd2b1-4312-5f07-8c04-6b0e81d93e97","eb8a6053-68f9-5a83-b993-4296fbfa3c97","21484","Xã Ba Tơ","xa_ba_to","xã","1791616658326","1791616658326"
"b22a97b6-f018-50c1-b69d-0a9f9535d8ad","eb8a6053-68f9-5a83-b993-4296fbfa3c97","21490","Xã Ba Vinh","xa_ba_vinh","xã","1791616658326","1791616658326"
"6ed155e6-3404-5e96-a6bd-fb8927b88c56","eb8a6053-68f9-5a83-b993-4296fbfa3c97","21496","Xã Ba Động","xa_ba_dong","xã","1791616658326","1791616658326"
"6108b6cb-7c37-59c1-a719-48d7fb66f9d8","eb8a6053-68f9-5a83-b993-4296fbfa3c97","21499","Xã Ba Dinh","xa_ba_dinh","xã","1791616658326","1791616658326"
"fc2e1f3d-cf3e-516c-a22f-23b70bce1307","eb8a6053-68f9-5a83-b993-4296fbfa3c97","21520","Xã Đặng Thùy Trâm","xa_dang_thuy_tram","xã","1791616658326","1791616658326"
"55f25cbf-a577-5d5b-8767-e21018374e6c","eb8a6053-68f9-5a83-b993-4296fbfa3c97","21523","Xã Ba Tô","xa_ba_to","xã","1791616658326","1791616658326"
"26aea3e8-ac77-50f6-ba0f-e76bbc6be6db","eb8a6053-68f9-5a83-b993-4296fbfa3c97","21529","Xã Ba Vì","xa_ba_vi","xã","1791616658326","1791616658326"
"d4619650-8c1f-5ad0-9a50-7e67b2aa6ffd","eb8a6053-68f9-5a83-b993-4296fbfa3c97","21538","Xã Ba Xa","xa_ba_xa","xã","1791616658326","1791616658326"
"e37d0400-fcef-52c6-9091-a2f322cba7a6","eb8a6053-68f9-5a83-b993-4296fbfa3c97","21548","Đặc khu Lý Sơn","dac_khu_ly_son","đặc khu","1791616658326","1791616658326"
"f43fd338-b876-56cc-822a-beba5c629e28","4f0bcce3-b36d-58b2-b33f-261b3f6ac0f0","21553","Phường Quy Nhơn Bắc","phuong_quy_nhon_bac","phường","1791616658326","1791616658326"
"b9d7b581-b16f-5590-b583-9d00b71c71f5","4f0bcce3-b36d-58b2-b33f-261b3f6ac0f0","21583","Phường Quy Nhơn","phuong_quy_nhon","phường","1791616658326","1791616658326"
"aec40b16-cc32-5872-b7fb-7dae9d35f425","4f0bcce3-b36d-58b2-b33f-261b3f6ac0f0","21589","Phường Quy Nhơn Tây","phuong_quy_nhon_tay","phường","1791616658326","1791616658326"
"30b08ac1-14c7-586a-abd4-6d1c3baf9faf","4f0bcce3-b36d-58b2-b33f-261b3f6ac0f0","21592","Phường Quy Nhơn Nam","phuong_quy_nhon_nam","phường","1791616658326","1791616658326"
"1a0aa5dc-6b21-53f0-a56b-cb0e5ac71a1c","4f0bcce3-b36d-58b2-b33f-261b3f6ac0f0","21601","Phường Quy Nhơn Đông","phuong_quy_nhon_dong","phường","1791616658326","1791616658326"
"d68341d1-22e9-5795-8ccd-d7040c983b36","4f0bcce3-b36d-58b2-b33f-261b3f6ac0f0","21607","Xã Nhơn Châu","xa_nhon_chau","xã","1791616658326","1791616658326"
"192c4404-d2e3-577e-bae4-ba08fff62390","4f0bcce3-b36d-58b2-b33f-261b3f6ac0f0","21609","Xã An Lão","xa_an_lao","xã","1791616658326","1791616658326"
"c53537e8-5bc1-546b-9433-2c44757f6278","4f0bcce3-b36d-58b2-b33f-261b3f6ac0f0","21616","Xã An Vinh","xa_an_vinh","xã","1791616658326","1791616658326"
"11a4e5eb-bd57-5780-b0d2-78a99a9a7353","4f0bcce3-b36d-58b2-b33f-261b3f6ac0f0","21622","Xã An Toàn","xa_an_toan","xã","1791616658326","1791616658326"
"a661f892-2fcb-5c46-9a39-29e57cd2019f","4f0bcce3-b36d-58b2-b33f-261b3f6ac0f0","21628","Xã An Hòa","xa_an_hoa","xã","1791616658326","1791616658326"
"76f30c86-4856-5e54-aac6-45f47f4fa052","4f0bcce3-b36d-58b2-b33f-261b3f6ac0f0","21637","Phường Tam Quan","phuong_tam_quan","phường","1791616658326","1791616658326"
"5db94200-76b8-5fd3-b006-dbc593c42f9a","4f0bcce3-b36d-58b2-b33f-261b3f6ac0f0","21640","Phường Bồng Sơn","phuong_bong_son","phường","1791616658326","1791616658326"
"0ad7e583-794f-5d02-9210-65039f540dcc","4f0bcce3-b36d-58b2-b33f-261b3f6ac0f0","21655","Phường Hoài Nhơn Bắc","phuong_hoai_nhon_bac","phường","1791616658326","1791616658326"
"bc336c44-34ab-5ed2-af95-ea6d84e2f3f6","4f0bcce3-b36d-58b2-b33f-261b3f6ac0f0","21661","Phường Hoài Nhơn Tây","phuong_hoai_nhon_tay","phường","1791616658326","1791616658326"
"564767c2-e137-5e80-aa94-ada6550d1b25","4f0bcce3-b36d-58b2-b33f-261b3f6ac0f0","21664","Phường Hoài Nhơn","phuong_hoai_nhon","phường","1791616658326","1791616658326"
"d23208c5-591f-506e-85f5-0bef4c17080a","4f0bcce3-b36d-58b2-b33f-261b3f6ac0f0","21670","Phường Hoài Nhơn Đông","phuong_hoai_nhon_dong","phường","1791616658326","1791616658326"
"fd624159-f547-5ad7-a995-aab2b4d5bb6d","4f0bcce3-b36d-58b2-b33f-261b3f6ac0f0","21673","Phường Hoài Nhơn Nam","phuong_hoai_nhon_nam","phường","1791616658326","1791616658326"
"6a0c26f5-e1c6-5ac3-aa5b-09193d235469","4f0bcce3-b36d-58b2-b33f-261b3f6ac0f0","21688","Xã Hoài Ân","xa_hoai_an","xã","1791616658326","1791616658326"
"88d635c7-5d8e-56c3-9261-724113dc76d8","4f0bcce3-b36d-58b2-b33f-261b3f6ac0f0","21697","Xã Ân Hảo","xa_an_hao","xã","1791616658326","1791616658326"
"d38a57b9-3383-5240-985e-983388a51fa0","4f0bcce3-b36d-58b2-b33f-261b3f6ac0f0","21703","Xã Vạn Đức","xa_van_duc","xã","1791616658326","1791616658326"
"e3142f90-6a5e-58fa-b235-5819178f1c97","4f0bcce3-b36d-58b2-b33f-261b3f6ac0f0","21715","Xã Ân Tường","xa_an_tuong","xã","1791616658326","1791616658326"
"e91036f7-ab60-5a97-818c-a3ccaa159809","4f0bcce3-b36d-58b2-b33f-261b3f6ac0f0","21727","Xã Kim Sơn","xa_kim_son","xã","1791616658326","1791616658326"
"53489d11-c7d3-5c11-a7bd-28b95d16d6cf","4f0bcce3-b36d-58b2-b33f-261b3f6ac0f0","21730","Xã Phù Mỹ","xa_phu_my","xã","1791616658326","1791616658326"
"443c079e-2b3d-5761-8b64-aa4dfcfcb497","4f0bcce3-b36d-58b2-b33f-261b3f6ac0f0","21733","Xã Bình Dương","xa_binh_duong","xã","1791616658326","1791616658326"
"955bc07d-8067-519b-a28e-b3aa5b58d4be","4f0bcce3-b36d-58b2-b33f-261b3f6ac0f0","21739","Xã Phù Mỹ Bắc","xa_phu_my_bac","xã","1791616658326","1791616658326"
"5933afd5-21ab-55c5-92a5-966456442e32","4f0bcce3-b36d-58b2-b33f-261b3f6ac0f0","21751","Xã Phù Mỹ Đông","xa_phu_my_dong","xã","1791616658326","1791616658326"
"c1592a37-9724-52a9-baaf-2f9e35a8615c","4f0bcce3-b36d-58b2-b33f-261b3f6ac0f0","21757","Xã Phù Mỹ Tây","xa_phu_my_tay","xã","1791616658326","1791616658326"
"243f40db-2488-5578-bf83-e8179b10be90","4f0bcce3-b36d-58b2-b33f-261b3f6ac0f0","21769","Xã An Lương","xa_an_luong","xã","1791616658326","1791616658326"
"f93c6b1c-4f2f-556f-a6fa-38d3f3bf40eb","4f0bcce3-b36d-58b2-b33f-261b3f6ac0f0","21775","Xã Phù Mỹ Nam","xa_phu_my_nam","xã","1791616658326","1791616658326"
"a5a77c9c-24c8-5eb2-886a-ea3bfef58f32","4f0bcce3-b36d-58b2-b33f-261b3f6ac0f0","21786","Xã Vĩnh Thạnh","xa_vinh_thanh","xã","1791616658326","1791616658326"
"da98e154-169a-5395-9d0c-7556674c7c48","4f0bcce3-b36d-58b2-b33f-261b3f6ac0f0","21787","Xã Vĩnh Sơn","xa_vinh_son","xã","1791616658326","1791616658326"
"b19b88b3-dcbe-5904-aac3-545589d27cc6","4f0bcce3-b36d-58b2-b33f-261b3f6ac0f0","21796","Xã Vĩnh Thịnh","xa_vinh_thinh","xã","1791616658326","1791616658326"
"535d21c2-4e2c-5c17-95bb-0255b355026e","4f0bcce3-b36d-58b2-b33f-261b3f6ac0f0","21805","Xã Vĩnh Quang","xa_vinh_quang","xã","1791616658326","1791616658326"
"375dac32-e624-567a-8dc2-62a1e699e7ec","4f0bcce3-b36d-58b2-b33f-261b3f6ac0f0","21808","Xã Tây Sơn","xa_tay_son","xã","1791616658326","1791616658326"
"8c9ae04a-139b-5e78-85ff-120ddaef64fc","4f0bcce3-b36d-58b2-b33f-261b3f6ac0f0","21817","Xã Bình Hiệp","xa_binh_hiep","xã","1791616658326","1791616658326"
"cc790b52-a51d-523c-aa79-f04417baa5b6","4f0bcce3-b36d-58b2-b33f-261b3f6ac0f0","21820","Xã Bình Khê","xa_binh_khe","xã","1791616658326","1791616658326"
"65254365-48f6-5e5a-85a5-e00e8769dee3","4f0bcce3-b36d-58b2-b33f-261b3f6ac0f0","21829","Xã Bình An","xa_binh_an","xã","1791616658326","1791616658326"
"1598285b-c22a-59ee-b810-6c7449ab398c","4f0bcce3-b36d-58b2-b33f-261b3f6ac0f0","21835","Xã Bình Phú","xa_binh_phu","xã","1791616658326","1791616658326"
"91626bee-5086-51e4-a01e-7eebfa98fb88","4f0bcce3-b36d-58b2-b33f-261b3f6ac0f0","21853","Xã Phù Cát","xa_phu_cat","xã","1791616658326","1791616658326"
"fda44873-31cb-5b95-911f-6017e7b58bf7","4f0bcce3-b36d-58b2-b33f-261b3f6ac0f0","21859","Xã Đề Gi","xa_de_gi","xã","1791616658326","1791616658326"
"97e54dd7-0bd8-52df-a4af-8797128bd22f","4f0bcce3-b36d-58b2-b33f-261b3f6ac0f0","21868","Xã Hội Sơn","xa_hoi_son","xã","1791616658326","1791616658326"
"07741246-c3d9-5516-8837-72bbd977fff3","4f0bcce3-b36d-58b2-b33f-261b3f6ac0f0","21871","Xã Hòa Hội","xa_hoa_hoi","xã","1791616658326","1791616658326"
"7ec85a67-46a7-5ce1-9c13-c1fcdcc15f22","4f0bcce3-b36d-58b2-b33f-261b3f6ac0f0","21880","Xã Cát Tiến","xa_cat_tien","xã","1791616658326","1791616658326"
"b35ebb08-86ec-5a15-af21-9bb0ef7e682e","4f0bcce3-b36d-58b2-b33f-261b3f6ac0f0","21892","Xã Xuân An","xa_xuan_an","xã","1791616658326","1791616658326"
"ba96a963-a23c-54d8-adda-8ed76611a60a","4f0bcce3-b36d-58b2-b33f-261b3f6ac0f0","21901","Xã Ngô Mây","xa_ngo_may","xã","1791616658326","1791616658326"
"e45d86c2-0cc7-54cd-a80d-9bbbb57a7ccb","4f0bcce3-b36d-58b2-b33f-261b3f6ac0f0","21907","Phường Bình Định","phuong_binh_dinh","phường","1791616658326","1791616658326"
"6967316b-b46b-53b0-ae5d-74fabfaf118f","4f0bcce3-b36d-58b2-b33f-261b3f6ac0f0","21910","Phường An Nhơn","phuong_an_nhon","phường","1791616658326","1791616658326"
"157604b2-320c-58ed-b1d6-3da8266e1850","4f0bcce3-b36d-58b2-b33f-261b3f6ac0f0","21925","Phường An Nhơn Bắc","phuong_an_nhon_bac","phường","1791616658326","1791616658326"
"8c685287-229d-531e-a0c5-aaaa10e5b7ac","4f0bcce3-b36d-58b2-b33f-261b3f6ac0f0","21934","Phường An Nhơn Đông","phuong_an_nhon_dong","phường","1791616658326","1791616658326"
"6dbd2969-bc69-5817-82b6-a69a0ef47ada","4f0bcce3-b36d-58b2-b33f-261b3f6ac0f0","21940","Xã An Nhơn Tây","xa_an_nhon_tay","xã","1791616658326","1791616658326"
"6befa1d0-3243-5d22-bb66-1dece837b051","4f0bcce3-b36d-58b2-b33f-261b3f6ac0f0","21943","Phường An Nhơn Nam","phuong_an_nhon_nam","phường","1791616658326","1791616658326"
"1fbc063f-c058-5723-a977-b2d30468e68d","4f0bcce3-b36d-58b2-b33f-261b3f6ac0f0","21952","Xã Tuy Phước","xa_tuy_phuoc","xã","1791616658326","1791616658326"
"fe5dfa43-8a3e-5de2-a037-2456a784b407","4f0bcce3-b36d-58b2-b33f-261b3f6ac0f0","21964","Xã Tuy Phước Bắc","xa_tuy_phuoc_bac","xã","1791616658326","1791616658326"
"bd510a18-4a04-5776-8ef8-6f5e2987bd0a","4f0bcce3-b36d-58b2-b33f-261b3f6ac0f0","21970","Xã Tuy Phước Đông","xa_tuy_phuoc_dong","xã","1791616658326","1791616658326"
"515777ac-3be9-59aa-b386-c4ffd2140bd4","4f0bcce3-b36d-58b2-b33f-261b3f6ac0f0","21985","Xã Tuy Phước Tây","xa_tuy_phuoc_tay","xã","1791616658326","1791616658326"
"f6d473df-bb8d-5061-b121-e28de90d36ca","4f0bcce3-b36d-58b2-b33f-261b3f6ac0f0","21994","Xã Vân Canh","xa_van_canh","xã","1791616658326","1791616658326"
"139d4bbb-1c03-5c35-93b6-e14700e04fca","4f0bcce3-b36d-58b2-b33f-261b3f6ac0f0","21997","Xã Canh Liên","xa_canh_lien","xã","1791616658326","1791616658326"
"b315745d-9544-58d4-ae07-a9df274996ac","4f0bcce3-b36d-58b2-b33f-261b3f6ac0f0","22006","Xã Canh Vinh","xa_canh_vinh","xã","1791616658326","1791616658326"
"23f5b7c8-4b2c-5258-a24c-6b7ec708377f","19f79b29-0557-5bd9-ac5e-682fa3d500d9","22015","Phường Tuy Hòa","phuong_tuy_hoa","phường","1791616658326","1791616658326"
"3061171d-d1db-5a2f-bae8-1ee61a2343a4","19f79b29-0557-5bd9-ac5e-682fa3d500d9","22045","Phường Bình Kiến","phuong_binh_kien","phường","1791616658326","1791616658326"
"216d5f67-bfe2-5da2-b7be-977c909b15aa","19f79b29-0557-5bd9-ac5e-682fa3d500d9","22051","Phường Sông Cầu","phuong_song_cau","phường","1791616658326","1791616658326"
"924c7250-792e-5dab-a010-32ea192aa642","19f79b29-0557-5bd9-ac5e-682fa3d500d9","22057","Xã Xuân Lộc","xa_xuan_loc","xã","1791616658326","1791616658326"
"9584863f-d347-5e8c-bbb6-6e5453ffe35f","19f79b29-0557-5bd9-ac5e-682fa3d500d9","22060","Xã Xuân Cảnh","xa_xuan_canh","xã","1791616658326","1791616658326"
"fac4950e-be6f-5a12-a578-f4f8c2925183","19f79b29-0557-5bd9-ac5e-682fa3d500d9","22075","Xã Xuân Thọ","xa_xuan_tho","xã","1791616658326","1791616658326"
"bf8eb075-de9b-5e36-95ba-9b4e0dbb331a","19f79b29-0557-5bd9-ac5e-682fa3d500d9","22076","Phường Xuân Đài","phuong_xuan_dai","phường","1791616658326","1791616658326"
"ecada8ec-bcbc-5a95-9529-ef83a7607524","19f79b29-0557-5bd9-ac5e-682fa3d500d9","22081","Xã Đồng Xuân","xa_dong_xuan","xã","1791616658326","1791616658326"
"c12508bc-f9c8-5a5c-a35b-240da17593b4","19f79b29-0557-5bd9-ac5e-682fa3d500d9","22090","Xã Xuân Lãnh","xa_xuan_lanh","xã","1791616658326","1791616658326"
"a63cf8a8-bc0b-5bd8-b1bf-a148ee7e2cf5","19f79b29-0557-5bd9-ac5e-682fa3d500d9","22096","Xã Phú Mỡ","xa_phu_mo","xã","1791616658326","1791616658326"
"97996e9e-a121-56cf-a2b4-a6494f8de5d4","19f79b29-0557-5bd9-ac5e-682fa3d500d9","22111","Xã Xuân Phước","xa_xuan_phuoc","xã","1791616658326","1791616658326"
"b5fb2ab5-8707-58d6-a4ca-b14ce75c76a7","19f79b29-0557-5bd9-ac5e-682fa3d500d9","22114","Xã Tuy An Bắc","xa_tuy_an_bac","xã","1791616658326","1791616658326"
"ae1b3d2c-caa7-570d-811b-6f34f8f1fd37","19f79b29-0557-5bd9-ac5e-682fa3d500d9","22120","Xã Tuy An Đông","xa_tuy_an_dong","xã","1791616658326","1791616658326"
"ce75f4b0-ea85-545a-bb8f-e975b15f80da","19f79b29-0557-5bd9-ac5e-682fa3d500d9","22132","Xã Tuy An Tây","xa_tuy_an_tay","xã","1791616658326","1791616658326"
"28b6291a-ba07-5af7-8ec1-0496b6b35cef","19f79b29-0557-5bd9-ac5e-682fa3d500d9","22147","Xã Ô Loan","xa_o_loan","xã","1791616658326","1791616658326"
"d921a9d8-e492-5c5d-b50d-8d21a1299e18","19f79b29-0557-5bd9-ac5e-682fa3d500d9","22153","Xã Tuy An Nam","xa_tuy_an_nam","xã","1791616658326","1791616658326"
"ddbfe80b-1629-5bfd-bc29-e86cc77b0c31","19f79b29-0557-5bd9-ac5e-682fa3d500d9","22165","Xã Sơn Hòa","xa_son_hoa","xã","1791616658326","1791616658326"
"57735a95-f633-5bae-99d1-97f69c0d3cc0","19f79b29-0557-5bd9-ac5e-682fa3d500d9","22171","Xã Tây Sơn","xa_tay_son","xã","1791616658326","1791616658326"
"cf21d21f-0bae-529f-806f-70af522fa9c0","19f79b29-0557-5bd9-ac5e-682fa3d500d9","22177","Xã Vân Hòa","xa_van_hoa","xã","1791616658326","1791616658326"
"1a85792f-9639-5b4a-88d5-f68b2d91c212","19f79b29-0557-5bd9-ac5e-682fa3d500d9","22192","Xã Suối Trai","xa_suoi_trai","xã","1791616658326","1791616658326"
"fb49c7fa-0b58-5d6c-8eb4-70f876eb40d8","19f79b29-0557-5bd9-ac5e-682fa3d500d9","22207","Xã Sông Hinh","xa_song_hinh","xã","1791616658326","1791616658326"
"e7effe6e-3490-5325-93d0-c88f285605f2","19f79b29-0557-5bd9-ac5e-682fa3d500d9","22222","Xã Đức Bình","xa_duc_binh","xã","1791616658326","1791616658326"
"ad60cc7f-b956-5066-b96b-856cb62fc89c","19f79b29-0557-5bd9-ac5e-682fa3d500d9","22225","Xã Ea Bá","xa_ea_ba","xã","1791616658326","1791616658326"
"493f41a8-3132-5fb0-8f58-92d7bf23e9f5","19f79b29-0557-5bd9-ac5e-682fa3d500d9","22237","Xã Ea Ly","xa_ea_ly","xã","1791616658326","1791616658326"
"5e0b4773-088e-5402-8499-9ca1de6529a4","19f79b29-0557-5bd9-ac5e-682fa3d500d9","22240","Phường Phú Yên","phuong_phu_yen","phường","1791616658326","1791616658326"
"c3f9b315-b605-5471-ab30-6fd69ea68c80","19f79b29-0557-5bd9-ac5e-682fa3d500d9","22250","Xã Sơn Thành","xa_son_thanh","xã","1791616658326","1791616658326"
"63a508e0-5757-5dde-87a6-4c5507437630","19f79b29-0557-5bd9-ac5e-682fa3d500d9","22255","Xã Tây Hòa","xa_tay_hoa","xã","1791616658326","1791616658326"
"23cdf063-0745-5b7c-a35a-d15a154f27b5","19f79b29-0557-5bd9-ac5e-682fa3d500d9","22258","Phường Đông Hòa","phuong_dong_hoa","phường","1791616658326","1791616658326"
"71fa8133-fcd2-5da4-8401-de541ba6c686","19f79b29-0557-5bd9-ac5e-682fa3d500d9","22261","Phường Hòa Hiệp","phuong_hoa_hiep","phường","1791616658326","1791616658326"
"7e016f88-00c2-5fb5-965a-193309ce0d2d","19f79b29-0557-5bd9-ac5e-682fa3d500d9","22276","Xã Hòa Thịnh","xa_hoa_thinh","xã","1791616658326","1791616658326"
"03fbbaf6-a792-53b7-be59-7514493539f0","19f79b29-0557-5bd9-ac5e-682fa3d500d9","22285","Xã Hòa Mỹ","xa_hoa_my","xã","1791616658326","1791616658326"
"fa528ac0-e7b9-5db3-819d-6b0e001d3871","19f79b29-0557-5bd9-ac5e-682fa3d500d9","22291","Xã Hòa Xuân","xa_hoa_xuan","xã","1791616658326","1791616658326"
"691ad105-f188-5e1a-a791-4654aad7f677","19f79b29-0557-5bd9-ac5e-682fa3d500d9","22303","Xã Phú Hòa 2","xa_phu_hoa_2","xã","1791616658326","1791616658326"
"0857402b-72a6-5b13-96f2-02e559ec6ea0","19f79b29-0557-5bd9-ac5e-682fa3d500d9","22319","Xã Phú Hòa 1","xa_phu_hoa_1","xã","1791616658326","1791616658326"
"087b8551-2277-5f85-a197-b0361792c840","eff792a0-f314-52a2-bf89-a680a2a58b02","22333","Phường Bắc Nha Trang","phuong_bac_nha_trang","phường","1791616658326","1791616658326"
"4fdd20a9-21a4-5f72-aaa8-4c279ee65513","eff792a0-f314-52a2-bf89-a680a2a58b02","22366","Phường Nha Trang","phuong_nha_trang","phường","1791616658326","1791616658326"
"baeb2dc6-8867-5a0a-9ba4-ed21c229ccdb","eff792a0-f314-52a2-bf89-a680a2a58b02","22390","Phường Tây Nha Trang","phuong_tay_nha_trang","phường","1791616658326","1791616658326"
"2a9d32f0-9642-5b66-8c79-9ec739a2acad","eff792a0-f314-52a2-bf89-a680a2a58b02","22402","Phường Nam Nha Trang","phuong_nam_nha_trang","phường","1791616658326","1791616658326"
"7752ea60-c5b4-5985-8a00-5b8899df7795","eff792a0-f314-52a2-bf89-a680a2a58b02","22411","Phường Bắc Cam Ranh","phuong_bac_cam_ranh","phường","1791616658326","1791616658326"
"66c3580f-c939-5bd0-92d6-01e1010dd12d","eff792a0-f314-52a2-bf89-a680a2a58b02","22420","Phường Cam Ranh","phuong_cam_ranh","phường","1791616658326","1791616658326"
"1ddb1b17-ecb9-5a37-872b-8128dac0324d","eff792a0-f314-52a2-bf89-a680a2a58b02","22423","Phường Ba Ngòi","phuong_ba_ngoi","phường","1791616658326","1791616658326"
"e3eca1a8-3f44-5723-b5d0-a9d5f5e0de45","eff792a0-f314-52a2-bf89-a680a2a58b02","22432","Phường Cam Linh","phuong_cam_linh","phường","1791616658326","1791616658326"
"b9db1136-4157-5fd4-82a0-b3e46dcf4cea","eff792a0-f314-52a2-bf89-a680a2a58b02","22435","Xã Cam Hiệp","xa_cam_hiep","xã","1791616658326","1791616658326"
"6b9c5822-7790-5358-a3ab-5f24a9b54fa7","eff792a0-f314-52a2-bf89-a680a2a58b02","22453","Xã Cam Lâm","xa_cam_lam","xã","1791616658326","1791616658326"
"27e94a2a-3e26-576e-91dc-b3264b0da036","eff792a0-f314-52a2-bf89-a680a2a58b02","22465","Xã Cam An","xa_cam_an","xã","1791616658326","1791616658326"
"da7ccadc-2e2f-5480-91f3-046755ddd30b","eff792a0-f314-52a2-bf89-a680a2a58b02","22480","Xã Nam Cam Ranh","xa_nam_cam_ranh","xã","1791616658326","1791616658326"
"0305233e-84f4-5de3-beff-56298fd03a32","eff792a0-f314-52a2-bf89-a680a2a58b02","22489","Xã Vạn Ninh","xa_van_ninh","xã","1791616658326","1791616658326"
"354da6d5-eaaf-5a23-b81f-3d9c702f9d3e","eff792a0-f314-52a2-bf89-a680a2a58b02","22498","Xã Tu Bông","xa_tu_bong","xã","1791616658326","1791616658326"
"8c621197-ebfb-5aca-b8e4-c2ef4439f859","eff792a0-f314-52a2-bf89-a680a2a58b02","22504","Xã Đại Lãnh","xa_dai_lanh","xã","1791616658326","1791616658326"
"5893b0f3-b0d6-57a3-ac48-2bfb4a6c126c","eff792a0-f314-52a2-bf89-a680a2a58b02","22516","Xã Vạn Thắng","xa_van_thang","xã","1791616658326","1791616658326"
"7d103f4b-13e4-558c-a0d8-1d2832b1f47a","eff792a0-f314-52a2-bf89-a680a2a58b02","22525","Xã Vạn Hưng","xa_van_hung","xã","1791616658326","1791616658326"
"b660c5d5-8f3c-59f3-825d-ef534ad7adaa","eff792a0-f314-52a2-bf89-a680a2a58b02","22528","Phường Ninh Hòa","phuong_ninh_hoa","phường","1791616658326","1791616658326"
"2ab7489c-ebb8-5b02-8342-8240cd63b9b8","eff792a0-f314-52a2-bf89-a680a2a58b02","22546","Xã Bắc Ninh Hòa","xa_bac_ninh_hoa","xã","1791616658326","1791616658326"
"0ef745b5-a9b5-548e-ae61-dfa5cc71f8e4","eff792a0-f314-52a2-bf89-a680a2a58b02","22552","Xã Tây Ninh Hòa","xa_tay_ninh_hoa","xã","1791616658326","1791616658326"
"3a022a96-6a4f-5ae9-b6a7-f94accd5dd61","eff792a0-f314-52a2-bf89-a680a2a58b02","22558","Xã Hòa Trí","xa_hoa_tri","xã","1791616658326","1791616658326"
"37b853e9-92e1-5f89-aec6-df82b0578038","eff792a0-f314-52a2-bf89-a680a2a58b02","22561","Phường Đông Ninh Hòa","phuong_dong_ninh_hoa","phường","1791616658326","1791616658326"
"f6bfe853-7de4-5895-93b6-1d423da29755","eff792a0-f314-52a2-bf89-a680a2a58b02","22576","Xã Tân Định","xa_tan_dinh","xã","1791616658326","1791616658326"
"c6bee4c5-9370-538e-a95e-b5082a1fee7c","eff792a0-f314-52a2-bf89-a680a2a58b02","22591","Phường Hòa Thắng","phuong_hoa_thang","phường","1791616658326","1791616658326"
"420cd29e-db13-5395-a5f9-ea38489d8208","eff792a0-f314-52a2-bf89-a680a2a58b02","22597","Xã Nam Ninh Hòa","xa_nam_ninh_hoa","xã","1791616658326","1791616658326"
"b4e70716-b4ec-52e9-8a1d-c2e087ac4f3c","eff792a0-f314-52a2-bf89-a680a2a58b02","22609","Xã Khánh Vĩnh","xa_khanh_vinh","xã","1791616658326","1791616658326"
"8f64ee86-6143-5954-bee5-b14f227c7705","eff792a0-f314-52a2-bf89-a680a2a58b02","22612","Xã Trung Khánh Vĩnh","xa_trung_khanh_vinh","xã","1791616658326","1791616658326"
"1f6f50c1-88d4-578f-a624-c6e9bc443e15","eff792a0-f314-52a2-bf89-a680a2a58b02","22615","Xã Bắc Khánh Vĩnh","xa_bac_khanh_vinh","xã","1791616658326","1791616658326"
"00ba5bfe-327b-546c-8459-cf2cf91543b6","eff792a0-f314-52a2-bf89-a680a2a58b02","22624","Xã Tây Khánh Vĩnh","xa_tay_khanh_vinh","xã","1791616658326","1791616658326"
"1ad43188-1289-5d57-a4e4-8f876180d9b8","eff792a0-f314-52a2-bf89-a680a2a58b02","22648","Xã Nam Khánh Vĩnh","xa_nam_khanh_vinh","xã","1791616658326","1791616658326"
"d5dc1b9a-9a8d-5f17-88a6-94668a4739f0","eff792a0-f314-52a2-bf89-a680a2a58b02","22651","Xã Diên Khánh","xa_dien_khanh","xã","1791616658326","1791616658326"
"18f4d770-a1b2-5364-9673-63c8ef7b8ad5","eff792a0-f314-52a2-bf89-a680a2a58b02","22657","Xã Diên Điền","xa_dien_dien","xã","1791616658326","1791616658326"
"5e40db74-eab2-5211-9ab6-bde4b045e8a8","eff792a0-f314-52a2-bf89-a680a2a58b02","22660","Xã Diên Lâm","xa_dien_lam","xã","1791616658326","1791616658326"
"06c76602-849c-52a4-8370-612bc07af32b","eff792a0-f314-52a2-bf89-a680a2a58b02","22672","Xã Diên Thọ","xa_dien_tho","xã","1791616658326","1791616658326"
"f42e016b-6f6e-59ab-a24a-b772eb16c2c7","eff792a0-f314-52a2-bf89-a680a2a58b02","22678","Xã Diên Lạc","xa_dien_lac","xã","1791616658326","1791616658326"
"b5df8b6f-a33e-5aec-a735-28dd1d565b0e","eff792a0-f314-52a2-bf89-a680a2a58b02","22702","Xã Suối Hiệp","xa_suoi_hiep","xã","1791616658326","1791616658326"
"74448033-fce4-598d-9055-56be4dfb61b2","eff792a0-f314-52a2-bf89-a680a2a58b02","22708","Xã Suối Dầu","xa_suoi_dau","xã","1791616658326","1791616658326"
"3d3d495b-dcf6-5cd6-a674-c105824b3607","eff792a0-f314-52a2-bf89-a680a2a58b02","22714","Xã Khánh Sơn","xa_khanh_son","xã","1791616658326","1791616658326"
"500c545a-da82-55af-89aa-10435108cb6f","eff792a0-f314-52a2-bf89-a680a2a58b02","22720","Xã Tây Khánh Sơn","xa_tay_khanh_son","xã","1791616658326","1791616658326"
"4b423e02-57f0-5159-b0bd-cef85da3329e","eff792a0-f314-52a2-bf89-a680a2a58b02","22732","Xã Đông Khánh Sơn","xa_dong_khanh_son","xã","1791616658326","1791616658326"
"9090e773-4af8-55d1-8858-e9bc9cdcd5fb","eff792a0-f314-52a2-bf89-a680a2a58b02","22736","Đặc khu Trường Sa","dac_khu_truong_sa","đặc khu","1791616658326","1791616658326"
"f060d7ff-b315-57e2-9bf0-08943de0ec81","eff792a0-f314-52a2-bf89-a680a2a58b02","22738","Phường Đô Vinh","phuong_do_vinh","phường","1791616658326","1791616658326"
"3e16f8d8-7baf-529e-9734-28019fb96446","eff792a0-f314-52a2-bf89-a680a2a58b02","22741","Phường Bảo An","phuong_bao_an","phường","1791616658326","1791616658326"
"98eb2182-49a6-51bd-b885-f33912926b01","eff792a0-f314-52a2-bf89-a680a2a58b02","22759","Phường Phan Rang","phuong_phan_rang","phường","1791616658326","1791616658326"
"4462dbad-521d-5493-b1f2-ee4c60956463","eff792a0-f314-52a2-bf89-a680a2a58b02","22780","Phường Đông Hải","phuong_dong_hai","phường","1791616658326","1791616658326"
"7c009f72-f654-562f-b2f1-6b37ea7462a8","eff792a0-f314-52a2-bf89-a680a2a58b02","22786","Xã Bác Ái Tây","xa_bac_ai_tay","xã","1791616658326","1791616658326"
"3aa44dc8-558c-5d24-847d-7745bab39a45","eff792a0-f314-52a2-bf89-a680a2a58b02","22795","Xã Bác Ái","xa_bac_ai","xã","1791616658326","1791616658326"
"a277db9d-8f88-5142-bd93-a6ef94b06c05","eff792a0-f314-52a2-bf89-a680a2a58b02","22801","Xã Bác Ái Đông","xa_bac_ai_dong","xã","1791616658326","1791616658326"
"c575aae4-bcc1-557f-bb09-4a9a58a30879","eff792a0-f314-52a2-bf89-a680a2a58b02","22810","Xã Ninh Sơn","xa_ninh_son","xã","1791616658326","1791616658326"
"fc4cbd4b-3c30-57f8-a86d-919d1bee806d","eff792a0-f314-52a2-bf89-a680a2a58b02","22813","Xã Lâm Sơn","xa_lam_son","xã","1791616658326","1791616658326"
"1e5e4586-3520-5326-a78c-4b3358e21ca9","eff792a0-f314-52a2-bf89-a680a2a58b02","22822","Xã Mỹ Sơn","xa_my_son","xã","1791616658326","1791616658326"
"766b408c-794d-5712-9846-2b172aaa14e4","eff792a0-f314-52a2-bf89-a680a2a58b02","22828","Xã Anh Dũng","xa_anh_dung","xã","1791616658326","1791616658326"
"161c791c-dafb-56a6-b3c2-35fffb869512","eff792a0-f314-52a2-bf89-a680a2a58b02","22834","Phường Ninh Chử","phuong_ninh_chu","phường","1791616658326","1791616658326"
"8d895cad-5e24-5457-9a2b-3c62b9e9c961","eff792a0-f314-52a2-bf89-a680a2a58b02","22840","Xã Công Hải","xa_cong_hai","xã","1791616658326","1791616658326"
"9a7813d6-a329-571c-9e4b-f0c3be127dfa","eff792a0-f314-52a2-bf89-a680a2a58b02","22846","Xã Vĩnh Hải","xa_vinh_hai","xã","1791616658326","1791616658326"
"02531963-f031-575c-af85-02657986c4d9","eff792a0-f314-52a2-bf89-a680a2a58b02","22849","Xã Thuận Bắc","xa_thuan_bac","xã","1791616658326","1791616658326"
"d5bd84c6-b03c-5832-8284-d87a042c8c89","eff792a0-f314-52a2-bf89-a680a2a58b02","22852","Xã Ninh Hải","xa_ninh_hai","xã","1791616658326","1791616658326"
"abaf9c35-cda1-5e56-b4d1-a1e6a6907570","eff792a0-f314-52a2-bf89-a680a2a58b02","22861","Xã Xuân Hải","xa_xuan_hai","xã","1791616658326","1791616658326"
"5761da70-e614-5e00-81f9-e9bc58d98fb8","eff792a0-f314-52a2-bf89-a680a2a58b02","22870","Xã Ninh Phước","xa_ninh_phuoc","xã","1791616658326","1791616658326"
"7bb7a3c3-de26-5deb-b7cd-bb20b59e788e","eff792a0-f314-52a2-bf89-a680a2a58b02","22873","Xã Phước Hậu","xa_phuoc_hau","xã","1791616658326","1791616658326"
"46c94b90-2920-5cae-b7ba-47e1641ffbaf","eff792a0-f314-52a2-bf89-a680a2a58b02","22888","Xã Phước Dinh","xa_phuoc_dinh","xã","1791616658326","1791616658326"
"ce0b38fc-3be7-5c99-9de7-97efb2604640","eff792a0-f314-52a2-bf89-a680a2a58b02","22891","Xã Phước Hữu","xa_phuoc_huu","xã","1791616658326","1791616658326"
"68766037-e153-53fb-b3e2-4d09d8e9dc47","eff792a0-f314-52a2-bf89-a680a2a58b02","22897","Xã Thuận Nam","xa_thuan_nam","xã","1791616658326","1791616658326"
"d0678c31-339c-5d3a-939e-e6b0006beab3","eff792a0-f314-52a2-bf89-a680a2a58b02","22900","Xã Phước Hà","xa_phuoc_ha","xã","1791616658326","1791616658326"
"7b66b636-6e7c-535f-af4e-05f120e9a10a","eff792a0-f314-52a2-bf89-a680a2a58b02","22909","Xã Cà Ná","xa_ca_na","xã","1791616658326","1791616658326"
"8a0036bc-01ba-52e4-8414-b53c6bb9463d","3278a1ea-2cb1-5ab0-a9c5-be813b356fb4","22918","Phường Mũi Né","phuong_mui_ne","phường","1791616658326","1791616658326"
"4b7a0083-292d-53b1-b769-446a4f1f893d","3278a1ea-2cb1-5ab0-a9c5-be813b356fb4","22924","Phường Phú Thuỷ","phuong_phu_thuy","phường","1791616658326","1791616658326"
"b42c9ba3-cb30-58d5-a3dc-ad30d733f01c","3278a1ea-2cb1-5ab0-a9c5-be813b356fb4","22933","Phường Hàm Thắng","phuong_ham_thang","phường","1791616658326","1791616658326"
"159eebbc-df34-5e20-b147-f1a88e8abfe6","3278a1ea-2cb1-5ab0-a9c5-be813b356fb4","22945","Phường Phan Thiết","phuong_phan_thiet","phường","1791616658326","1791616658326"
"2e49028a-fb6d-51f6-9061-f0ad8e4276aa","3278a1ea-2cb1-5ab0-a9c5-be813b356fb4","22954","Phường Tiến Thành","phuong_tien_thanh","phường","1791616658326","1791616658326"
"1e3972b1-212f-5dfe-9549-9bc2dcdeacdf","3278a1ea-2cb1-5ab0-a9c5-be813b356fb4","22960","Phường Bình Thuận","phuong_binh_thuan","phường","1791616658326","1791616658326"
"4f31bebc-c961-540c-ad90-d9f1ee881c59","3278a1ea-2cb1-5ab0-a9c5-be813b356fb4","22963","Xã Tuyên Quang","xa_tuyen_quang","xã","1791616658326","1791616658326"
"a19d1d0b-7a29-50e9-a949-b98c43f59897","3278a1ea-2cb1-5ab0-a9c5-be813b356fb4","22969","Xã Liên Hương","xa_lien_huong","xã","1791616658326","1791616658326"
"5c553bdb-a2f4-5a56-85c8-6af2f3d48290","3278a1ea-2cb1-5ab0-a9c5-be813b356fb4","22972","Xã Phan Rí Cửa","xa_phan_ri_cua","xã","1791616658326","1791616658326"
"b07be818-d7c2-50a7-9193-7fe249824929","3278a1ea-2cb1-5ab0-a9c5-be813b356fb4","22978","Xã Tuy Phong","xa_tuy_phong","xã","1791616658326","1791616658326"
"724233d6-2228-52dc-9613-0b012cd8546b","3278a1ea-2cb1-5ab0-a9c5-be813b356fb4","22981","Xã Vĩnh Hảo","xa_vinh_hao","xã","1791616658326","1791616658326"
"96588696-8e64-57d5-a20e-f76cec1ce834","3278a1ea-2cb1-5ab0-a9c5-be813b356fb4","23005","Xã Bắc Bình","xa_bac_binh","xã","1791616658326","1791616658326"
"ca7e385d-5e0e-57e0-a6ae-c6f483217072","3278a1ea-2cb1-5ab0-a9c5-be813b356fb4","23008","Xã Phan Sơn","xa_phan_son","xã","1791616658326","1791616658326"
"9f0ad37b-da24-5b0f-85da-12d90994b7a4","3278a1ea-2cb1-5ab0-a9c5-be813b356fb4","23020","Xã Hải Ninh","xa_hai_ninh","xã","1791616658326","1791616658326"
"b66c447c-2e1d-5092-8cc6-5d602aabff56","3278a1ea-2cb1-5ab0-a9c5-be813b356fb4","23023","Xã Sông Lũy","xa_song_luy","xã","1791616658326","1791616658326"
"7ad21f7b-ced9-58e0-9922-4bd0adc3a3d6","3278a1ea-2cb1-5ab0-a9c5-be813b356fb4","23032","Xã Lương Sơn","xa_luong_son","xã","1791616658326","1791616658326"
"f3eb3bd5-e53a-5a1a-a89c-da0f71c4b915","3278a1ea-2cb1-5ab0-a9c5-be813b356fb4","23041","Xã Hồng Thái","xa_hong_thai","xã","1791616658326","1791616658326"
"e86a5d61-5b82-5082-90cc-6078f8194162","3278a1ea-2cb1-5ab0-a9c5-be813b356fb4","23053","Xã Hòa Thắng","xa_hoa_thang","xã","1791616658326","1791616658326"
"79a108c3-a6c2-5942-9a14-f46e0158fa66","3278a1ea-2cb1-5ab0-a9c5-be813b356fb4","23059","Xã Hàm Thuận","xa_ham_thuan","xã","1791616658326","1791616658326"
"40445fae-0512-5646-ad38-6a0b37ddb416","3278a1ea-2cb1-5ab0-a9c5-be813b356fb4","23065","Xã La Dạ","xa_la_da","xã","1791616658326","1791616658326"
"6ffc537e-d2e3-5a01-9ab3-2eaa63dc77e1","3278a1ea-2cb1-5ab0-a9c5-be813b356fb4","23074","Xã Đông Giang","xa_dong_giang","xã","1791616658326","1791616658326"
"b2b4cd44-c131-5a52-8011-ee0cc3549559","3278a1ea-2cb1-5ab0-a9c5-be813b356fb4","23086","Xã Hồng Sơn","xa_hong_son","xã","1791616658326","1791616658326"
"9b493467-c78d-5333-8f88-c58e78e43873","3278a1ea-2cb1-5ab0-a9c5-be813b356fb4","23089","Xã Hàm Thuận Bắc","xa_ham_thuan_bac","xã","1791616658326","1791616658326"
"fb3bd875-c70b-5fbf-8957-12fa29ef7e9f","3278a1ea-2cb1-5ab0-a9c5-be813b356fb4","23095","Xã Hàm Liêm","xa_ham_liem","xã","1791616658326","1791616658326"
"f27a7679-b759-54b3-ae17-8ae9ffcf9f6d","3278a1ea-2cb1-5ab0-a9c5-be813b356fb4","23110","Xã Hàm Thuận Nam","xa_ham_thuan_nam","xã","1791616658326","1791616658326"
"0a19406e-4044-5d9a-b7ae-a34de10bfa37","3278a1ea-2cb1-5ab0-a9c5-be813b356fb4","23122","Xã Hàm Thạnh","xa_ham_thanh","xã","1791616658326","1791616658326"
"b21d0e38-4827-5776-a1b8-60d9039e0970","3278a1ea-2cb1-5ab0-a9c5-be813b356fb4","23128","Xã Hàm Kiệm","xa_ham_kiem","xã","1791616658326","1791616658326"
"ae5fd99a-1cd1-5cc3-8813-cfa6c9032ebc","3278a1ea-2cb1-5ab0-a9c5-be813b356fb4","23134","Xã Tân Lập","xa_tan_lap","xã","1791616658326","1791616658326"
"4b895e6d-477f-5966-b9a7-20f4c9bf687b","3278a1ea-2cb1-5ab0-a9c5-be813b356fb4","23143","Xã Tân Thành","xa_tan_thanh","xã","1791616658326","1791616658326"
"c5031f16-1938-5068-abb1-a4669c778c7d","3278a1ea-2cb1-5ab0-a9c5-be813b356fb4","23149","Xã Tánh Linh","xa_tanh_linh","xã","1791616658326","1791616658326"
"800c4a4c-e06c-53ba-9ff6-1a27d7fec776","3278a1ea-2cb1-5ab0-a9c5-be813b356fb4","23152","Xã Bắc Ruộng","xa_bac_ruong","xã","1791616658326","1791616658326"
"f76600f1-0044-5d86-a7c0-5606f37b5eb9","3278a1ea-2cb1-5ab0-a9c5-be813b356fb4","23158","Xã Nghị Đức","xa_nghi_duc","xã","1791616658326","1791616658326"
"7bf7be72-b446-5765-8e39-ffc475b4eb19","3278a1ea-2cb1-5ab0-a9c5-be813b356fb4","23173","Xã Đồng Kho","xa_dong_kho","xã","1791616658326","1791616658326"
"7a723203-8628-50fe-bedd-744d58031f8c","3278a1ea-2cb1-5ab0-a9c5-be813b356fb4","23188","Xã Suối Kiết","xa_suoi_kiet","xã","1791616658326","1791616658326"
"334126f6-dd3c-54a1-a6a8-22f4c26cfdf5","3278a1ea-2cb1-5ab0-a9c5-be813b356fb4","23191","Xã Đức Linh","xa_duc_linh","xã","1791616658326","1791616658326"
"cbc0d266-6b95-56ca-b18e-9be66129f5df","3278a1ea-2cb1-5ab0-a9c5-be813b356fb4","23194","Xã Hoài Đức","xa_hoai_duc","xã","1791616658326","1791616658326"
"3822f700-b592-5445-b3a7-313992919f11","3278a1ea-2cb1-5ab0-a9c5-be813b356fb4","23200","Xã Nam Thành","xa_nam_thanh","xã","1791616658326","1791616658326"
"d5c30ca5-e726-53d1-aa58-f7d8ff4146b5","3278a1ea-2cb1-5ab0-a9c5-be813b356fb4","23227","Xã Trà Tân","xa_tra_tan","xã","1791616658326","1791616658326"
"00188d71-8979-5f63-9797-068090035777","3278a1ea-2cb1-5ab0-a9c5-be813b356fb4","23230","Xã Tân Minh","xa_tan_minh","xã","1791616658326","1791616658326"
"e589eaa1-f6fb-5b3c-8d67-6f8372914182","3278a1ea-2cb1-5ab0-a9c5-be813b356fb4","23231","Phường Phước Hội","phuong_phuoc_hoi","phường","1791616658326","1791616658326"
"20556f78-2ab6-502a-a90e-b6aa3c0b1084","3278a1ea-2cb1-5ab0-a9c5-be813b356fb4","23235","Phường La Gi","phuong_la_gi","phường","1791616658326","1791616658326"
"1832ceef-aced-5c46-bb1d-ac874f37fda4","3278a1ea-2cb1-5ab0-a9c5-be813b356fb4","23236","Xã Hàm Tân","xa_ham_tan","xã","1791616658326","1791616658326"
"da6740d2-26a5-5889-b298-d7c7d494e137","3278a1ea-2cb1-5ab0-a9c5-be813b356fb4","23246","Xã Tân Hải","xa_tan_hai","xã","1791616658326","1791616658326"
"d27ee83e-baca-507e-916c-7a07ae95b0fb","3278a1ea-2cb1-5ab0-a9c5-be813b356fb4","23266","Xã Sơn Mỹ","xa_son_my","xã","1791616658326","1791616658326"
"a310f53f-fe0c-56cb-8066-6f0bbf7fe7fe","3278a1ea-2cb1-5ab0-a9c5-be813b356fb4","23272","Đặc khu Phú Quý","dac_khu_phu_quy","đặc khu","1791616658326","1791616658326"
"281d44f5-0f97-5782-ba3e-41bfd7c6ac6c","eb8a6053-68f9-5a83-b993-4296fbfa3c97","23284","Phường Đăk Cấm","phuong_dak_cam","phường","1791616658326","1791616658326"
"1ade0fb6-b974-5f34-b89d-2d6c838210a7","eb8a6053-68f9-5a83-b993-4296fbfa3c97","23293","Phường Kon Tum","phuong_kon_tum","phường","1791616658326","1791616658326"
"d6ecc038-cde3-5187-b5d5-b5fca72fb59f","eb8a6053-68f9-5a83-b993-4296fbfa3c97","23302","Phường Đăk Bla","phuong_dak_bla","phường","1791616658326","1791616658326"
"3b3120a6-2f70-5cea-9e77-7d7c2f176474","eb8a6053-68f9-5a83-b993-4296fbfa3c97","23317","Xã Ngọk Bay","xa_ngok_bay","xã","1791616658326","1791616658326"
"e6c50fcf-cf6d-54f9-9d0a-e36e63b7a2f8","eb8a6053-68f9-5a83-b993-4296fbfa3c97","23326","Xã Ia Chim","xa_ia_chim","xã","1791616658326","1791616658326"
"e1d400d4-0323-5189-a425-242e4213a1fb","eb8a6053-68f9-5a83-b993-4296fbfa3c97","23332","Xã Đăk Rơ Wa","xa_dak_ro_wa","xã","1791616658326","1791616658326"
"0ddc3b9a-f34d-534d-b14c-3e019b5c0e3a","eb8a6053-68f9-5a83-b993-4296fbfa3c97","23341","Xã Đăk Pék","xa_dak_pek","xã","1791616658326","1791616658326"
"cbd0cd0c-b7fc-5c36-8617-bf81db8bd9bb","eb8a6053-68f9-5a83-b993-4296fbfa3c97","23344","Xã Đăk Plô","xa_dak_plo","xã","1791616658326","1791616658326"
"eca87f49-5e5e-58b9-89eb-f03c6d7ea020","eb8a6053-68f9-5a83-b993-4296fbfa3c97","23356","Xã Xốp","xa_xop","xã","1791616658326","1791616658326"
"2710a822-3edf-59df-8119-3b7c8f3b34e8","eb8a6053-68f9-5a83-b993-4296fbfa3c97","23365","Xã Ngọc Linh","xa_ngoc_linh","xã","1791616658326","1791616658326"
"7a8dec6b-d6b2-5aa5-86c8-86f044f8a14f","eb8a6053-68f9-5a83-b993-4296fbfa3c97","23368","Xã Đăk Long","xa_dak_long","xã","1791616658326","1791616658326"
"587371f5-226a-5ba8-8b78-b0746c34600e","eb8a6053-68f9-5a83-b993-4296fbfa3c97","23374","Xã Đăk Môn","xa_dak_mon","xã","1791616658326","1791616658326"
"ff940c0e-aff0-5358-849c-b6bcb45b54da","eb8a6053-68f9-5a83-b993-4296fbfa3c97","23377","Xã Bờ Y","xa_bo_y","xã","1791616658326","1791616658326"
"7c104f7c-a802-5b16-9cb1-5818ee3d69ef","eb8a6053-68f9-5a83-b993-4296fbfa3c97","23383","Xã Dục Nông","xa_duc_nong","xã","1791616658326","1791616658326"
"a48e6bca-1639-5ef0-b1db-48e13521db3e","eb8a6053-68f9-5a83-b993-4296fbfa3c97","23392","Xã Sa Loong","xa_sa_loong","xã","1791616658326","1791616658326"
"c189367e-64f1-5757-9e62-92aac59b8e8a","eb8a6053-68f9-5a83-b993-4296fbfa3c97","23401","Xã Đăk Tô","xa_dak_to","xã","1791616658326","1791616658326"
"3e16cdda-5f2d-5d6c-a893-106e46fc56a8","eb8a6053-68f9-5a83-b993-4296fbfa3c97","23416","Xã Đăk Sao","xa_dak_sao","xã","1791616658326","1791616658326"
"998837de-aaa6-5ceb-8c07-7566e7c6dc94","eb8a6053-68f9-5a83-b993-4296fbfa3c97","23419","Xã Đăk Tờ Kan","xa_dak_to_kan","xã","1791616658326","1791616658326"
"3e0bc3ee-c094-571d-8f33-14dee9559a3d","eb8a6053-68f9-5a83-b993-4296fbfa3c97","23425","Xã Tu Mơ Rông","xa_tu_mo_rong","xã","1791616658326","1791616658326"
"e51a57ef-4fbb-5411-b1bf-777cc6269e8f","eb8a6053-68f9-5a83-b993-4296fbfa3c97","23428","Xã Ngọk Tụ","xa_ngok_tu","xã","1791616658326","1791616658326"
"4ef1ada2-84a8-5c7b-85b4-cdd427bea24e","eb8a6053-68f9-5a83-b993-4296fbfa3c97","23430","Xã Kon Đào","xa_kon_dao","xã","1791616658326","1791616658326"
"1ca3dbad-21b6-5bb4-a9d7-4fdb72f44408","eb8a6053-68f9-5a83-b993-4296fbfa3c97","23446","Xã Măng Ri","xa_mang_ri","xã","1791616658326","1791616658326"
"765fd6c8-e8be-5f5c-a1a3-901c2627e08a","eb8a6053-68f9-5a83-b993-4296fbfa3c97","23455","Xã Măng Bút","xa_mang_but","xã","1791616658326","1791616658326"
"a56373e7-01a9-59e5-a753-5b751678b0a0","eb8a6053-68f9-5a83-b993-4296fbfa3c97","23473","Xã Măng Đen","xa_mang_den","xã","1791616658326","1791616658326"
"9d724b5a-54c7-581c-a4c4-654c78096496","eb8a6053-68f9-5a83-b993-4296fbfa3c97","23476","Xã Kon Plông","xa_kon_plong","xã","1791616658326","1791616658326"
"166987df-ad56-5258-b2b6-b93d43882272","eb8a6053-68f9-5a83-b993-4296fbfa3c97","23479","Xã Đăk Rve","xa_dak_rve","xã","1791616658326","1791616658326"
"3bf05e06-caaf-5046-82ae-92610025cb0c","eb8a6053-68f9-5a83-b993-4296fbfa3c97","23485","Xã Đăk Kôi","xa_dak_koi","xã","1791616658326","1791616658326"
"9a277729-3525-5a32-98b4-de76d105f579","eb8a6053-68f9-5a83-b993-4296fbfa3c97","23497","Xã Kon Braih","xa_kon_braih","xã","1791616658326","1791616658326"
"fcca8f3f-23a1-54cb-9668-772f40760011","eb8a6053-68f9-5a83-b993-4296fbfa3c97","23500","Xã Đăk Hà","xa_dak_ha","xã","1791616658326","1791616658326"
"2f81d6cd-f4db-557e-939f-0395d73bdf29","eb8a6053-68f9-5a83-b993-4296fbfa3c97","23504","Xã Đăk Pxi","xa_dak_pxi","xã","1791616658326","1791616658326"
"0725a038-1f10-5834-aa0a-e46a34025726","eb8a6053-68f9-5a83-b993-4296fbfa3c97","23510","Xã Đăk Ui","xa_dak_ui","xã","1791616658326","1791616658326"
"bdb02a94-b3db-5a89-ae0c-0c2e66279fa0","eb8a6053-68f9-5a83-b993-4296fbfa3c97","23512","Xã Đăk Mar","xa_dak_mar","xã","1791616658326","1791616658326"
"958765d4-070e-5553-b590-d583f9eca11e","eb8a6053-68f9-5a83-b993-4296fbfa3c97","23515","Xã Ngọk Réo","xa_ngok_reo","xã","1791616658326","1791616658326"
"ff9f963c-2bac-5f4d-9675-758cd58d0acb","eb8a6053-68f9-5a83-b993-4296fbfa3c97","23527","Xã Sa Thầy","xa_sa_thay","xã","1791616658326","1791616658326"
"8e341a80-a39b-5a59-9e1d-5d2ffe7c026b","eb8a6053-68f9-5a83-b993-4296fbfa3c97","23530","Xã Rờ Kơi","xa_ro_koi","xã","1791616658326","1791616658326"
"65019798-7362-5fcf-8702-fe4e086b7393","eb8a6053-68f9-5a83-b993-4296fbfa3c97","23534","Xã Sa Bình","xa_sa_binh","xã","1791616658326","1791616658326"
"98a69e21-a946-5be3-839e-d03a74e41f75","eb8a6053-68f9-5a83-b993-4296fbfa3c97","23535","Xã Ia Đal","xa_ia_dal","xã","1791616658326","1791616658326"
"ae7ddacc-5900-560d-beca-5ecc573d1efd","eb8a6053-68f9-5a83-b993-4296fbfa3c97","23536","Xã Mô Rai","xa_mo_rai","xã","1791616658326","1791616658326"
"ddee667b-15dd-5c61-8c14-30b3a69f6453","eb8a6053-68f9-5a83-b993-4296fbfa3c97","23538","Xã Ia Tơi","xa_ia_toi","xã","1791616658326","1791616658326"
"3accf9e0-f9c2-58a5-bfe2-557a4f26b381","eb8a6053-68f9-5a83-b993-4296fbfa3c97","23548","Xã Ya Ly","xa_ya_ly","xã","1791616658326","1791616658326"
"706c5e2b-599c-59aa-a7f2-50fe270016a1","4f0bcce3-b36d-58b2-b33f-261b3f6ac0f0","23563","Phường Diên Hồng","phuong_dien_hong","phường","1791616658326","1791616658326"
"601324c6-b6ca-5b61-841a-d537754cb253","4f0bcce3-b36d-58b2-b33f-261b3f6ac0f0","23575","Phường Pleiku","phuong_pleiku","phường","1791616658326","1791616658326"
"d58848ad-f0db-5c04-92eb-7d6d6089c80a","4f0bcce3-b36d-58b2-b33f-261b3f6ac0f0","23584","Phường Thống Nhất","phuong_thong_nhat","phường","1791616658326","1791616658326"
"b97eee2a-a2df-5708-a480-833115e1cafe","4f0bcce3-b36d-58b2-b33f-261b3f6ac0f0","23586","Phường Hội Phú","phuong_hoi_phu","phường","1791616658326","1791616658326"
"7e7d920c-0655-5b21-91d2-b4f3f59ad407","4f0bcce3-b36d-58b2-b33f-261b3f6ac0f0","23590","Xã Biển Hồ","xa_bien_ho","xã","1791616658326","1791616658326"
"41bbe6dd-f739-5c0f-9d78-632b2cf1d4ad","4f0bcce3-b36d-58b2-b33f-261b3f6ac0f0","23602","Phường An Phú","phuong_an_phu","phường","1791616658326","1791616658326"
"038c5e84-0432-5742-bb90-79d8af744ce9","4f0bcce3-b36d-58b2-b33f-261b3f6ac0f0","23611","Xã Gào","xa_gao","xã","1791616658326","1791616658326"
"7735b4c9-2326-58d6-ac2c-85adf128404d","4f0bcce3-b36d-58b2-b33f-261b3f6ac0f0","23614","Phường An Bình","phuong_an_binh","phường","1791616658326","1791616658326"
"ecb0bf16-51e1-5348-be8e-95652f11d694","4f0bcce3-b36d-58b2-b33f-261b3f6ac0f0","23617","Phường An Khê","phuong_an_khe","phường","1791616658326","1791616658326"
"4bc65b09-4e12-5869-b007-d88355d2a61a","4f0bcce3-b36d-58b2-b33f-261b3f6ac0f0","23629","Xã Cửu An","xa_cuu_an","xã","1791616658326","1791616658326"
"104d51e7-19f1-5240-b126-02db30888393","4f0bcce3-b36d-58b2-b33f-261b3f6ac0f0","23638","Xã Kbang","xa_kbang","xã","1791616658326","1791616658326"
"85342bbf-7d36-51ed-a397-c6be5b029452","4f0bcce3-b36d-58b2-b33f-261b3f6ac0f0","23644","Xã Đak Rong","xa_dak_rong","xã","1791616658326","1791616658326"
"af7fae4f-5a1a-51f0-81c3-bb75b48ade0c","4f0bcce3-b36d-58b2-b33f-261b3f6ac0f0","23647","Xã Sơn Lang","xa_son_lang","xã","1791616658326","1791616658326"
"6d28e541-1aea-5147-82e0-d2c0e83334c5","4f0bcce3-b36d-58b2-b33f-261b3f6ac0f0","23650","Xã Krong","xa_krong","xã","1791616658326","1791616658326"
"465fef3f-f6e8-58e9-8662-f05eafe57317","4f0bcce3-b36d-58b2-b33f-261b3f6ac0f0","23668","Xã Tơ Tung","xa_to_tung","xã","1791616658326","1791616658326"
"d3593137-41b8-5d42-b41e-2808195cdc53","4f0bcce3-b36d-58b2-b33f-261b3f6ac0f0","23674","Xã Kông Bơ La","xa_kong_bo_la","xã","1791616658326","1791616658326"
"704d5474-bf46-50b9-b111-66e60b22f54a","4f0bcce3-b36d-58b2-b33f-261b3f6ac0f0","23677","Xã Đak Đoa","xa_dak_doa","xã","1791616658326","1791616658326"
"f24be982-c7a6-52b8-9485-04716dfe88a7","4f0bcce3-b36d-58b2-b33f-261b3f6ac0f0","23683","Xã Đak Sơmei","xa_dak_somei","xã","1791616658326","1791616658326"
"64ceaa24-9630-56f9-83d3-c22987890ccb","4f0bcce3-b36d-58b2-b33f-261b3f6ac0f0","23701","Xã Kon Gang","xa_kon_gang","xã","1791616658326","1791616658326"
"206348a2-8b54-5190-a0a6-b8f82730398c","4f0bcce3-b36d-58b2-b33f-261b3f6ac0f0","23710","Xã Ia Băng","xa_ia_bang","xã","1791616658326","1791616658326"
"ec48d414-dea2-51b6-9685-059be658c4f0","4f0bcce3-b36d-58b2-b33f-261b3f6ac0f0","23714","Xã KDang","xa_kdang","xã","1791616658326","1791616658326"
"6938c98a-bb68-5392-89df-c3037a7a0703","4f0bcce3-b36d-58b2-b33f-261b3f6ac0f0","23722","Xã Chư Păh","xa_chu_pah","xã","1791616658326","1791616658326"
"5b94397f-7559-5769-ab73-4c2e3f8d07d4","4f0bcce3-b36d-58b2-b33f-261b3f6ac0f0","23728","Xã Ia Khươl","xa_ia_khuol","xã","1791616658326","1791616658326"
"ba58e919-a7b4-545c-ac98-8087f06e9936","4f0bcce3-b36d-58b2-b33f-261b3f6ac0f0","23734","Xã Ia Ly","xa_ia_ly","xã","1791616658326","1791616658326"
"5ebcc0a8-3992-56d6-b08a-44262d859829","4f0bcce3-b36d-58b2-b33f-261b3f6ac0f0","23749","Xã Ia Phí","xa_ia_phi","xã","1791616658326","1791616658326"
"c0455b36-19be-5818-983c-969b20478a92","4f0bcce3-b36d-58b2-b33f-261b3f6ac0f0","23764","Xã Ia Grai","xa_ia_grai","xã","1791616658326","1791616658326"
"3beb6c57-e527-5347-84b5-afef8d2dc998","4f0bcce3-b36d-58b2-b33f-261b3f6ac0f0","23767","Xã Ia Hrung","xa_ia_hrung","xã","1791616658326","1791616658326"
"567d5647-c96e-5f10-87c7-ef3bf32a5949","4f0bcce3-b36d-58b2-b33f-261b3f6ac0f0","23776","Xã Ia Krái","xa_ia_krai","xã","1791616658326","1791616658326"
"5e64beb7-42a2-52d7-9339-ced2550bcc4f","4f0bcce3-b36d-58b2-b33f-261b3f6ac0f0","23782","Xã Ia O","xa_ia_o","xã","1791616658326","1791616658326"
"031061f0-43d7-516f-bb6d-1b3bc56fe461","4f0bcce3-b36d-58b2-b33f-261b3f6ac0f0","23788","Xã Ia Chia","xa_ia_chia","xã","1791616658326","1791616658326"
"cf806541-b5ca-5223-82de-902f292e55b9","4f0bcce3-b36d-58b2-b33f-261b3f6ac0f0","23794","Xã Mang Yang","xa_mang_yang","xã","1791616658326","1791616658326"
"2a66a4c1-f479-5873-88ff-f3971be4329d","4f0bcce3-b36d-58b2-b33f-261b3f6ac0f0","23798","Xã Ayun","xa_ayun","xã","1791616658326","1791616658326"
"da6f8e5a-de64-5139-8ca2-5fad0d040896","4f0bcce3-b36d-58b2-b33f-261b3f6ac0f0","23799","Xã Hra","xa_hra","xã","1791616658326","1791616658326"
"ad4cf1c8-d361-5fa0-836e-2e4e71b1a93a","4f0bcce3-b36d-58b2-b33f-261b3f6ac0f0","23812","Xã Lơ Pang","xa_lo_pang","xã","1791616658326","1791616658326"
"1c4ea6d1-4444-523c-8f97-c4dea238186d","4f0bcce3-b36d-58b2-b33f-261b3f6ac0f0","23818","Xã Kon Chiêng","xa_kon_chieng","xã","1791616658326","1791616658326"
"39bda0fc-6736-5041-83d9-1925ca1a7bc7","4f0bcce3-b36d-58b2-b33f-261b3f6ac0f0","23824","Xã Kông Chro","xa_kong_chro","xã","1791616658326","1791616658326"
"1173f071-ebd2-58c3-85c3-9e6779e1cabc","4f0bcce3-b36d-58b2-b33f-261b3f6ac0f0","23830","Xã Chư Krey","xa_chu_krey","xã","1791616658326","1791616658326"
"f63193a4-73bd-59c2-b561-1d6b8adfa540","4f0bcce3-b36d-58b2-b33f-261b3f6ac0f0","23833","Xã Ya Ma","xa_ya_ma","xã","1791616658326","1791616658326"
"417bc240-0f8a-56b4-9bcd-9defb0ec0377","4f0bcce3-b36d-58b2-b33f-261b3f6ac0f0","23839","Xã SRó","xa_sro","xã","1791616658326","1791616658326"
"118536dc-45ae-5e6e-bf38-cca8229e463b","4f0bcce3-b36d-58b2-b33f-261b3f6ac0f0","23842","Xã Đăk Song","xa_dak_song","xã","1791616658326","1791616658326"
"3cc852fc-0184-57c8-99e3-a5659cbcdd3d","4f0bcce3-b36d-58b2-b33f-261b3f6ac0f0","23851","Xã Chơ Long","xa_cho_long","xã","1791616658326","1791616658326"
"61dcdb47-8df9-5b9f-a5b9-0579c4698fc9","4f0bcce3-b36d-58b2-b33f-261b3f6ac0f0","23857","Xã Đức Cơ","xa_duc_co","xã","1791616658326","1791616658326"
"c9ab7003-3e68-53e0-885e-700ab5225aab","4f0bcce3-b36d-58b2-b33f-261b3f6ac0f0","23866","Xã Ia Krêl","xa_ia_krel","xã","1791616658326","1791616658326"
"f84bfc09-2a57-58b5-8a88-097b023b1751","4f0bcce3-b36d-58b2-b33f-261b3f6ac0f0","23869","Xã Ia Dơk","xa_ia_dok","xã","1791616658326","1791616658326"
"a97dcc17-534f-507b-8bd7-e50fa59db606","4f0bcce3-b36d-58b2-b33f-261b3f6ac0f0","23872","Xã Ia Dom","xa_ia_dom","xã","1791616658326","1791616658326"
"64a8282e-7459-5084-b718-40bcb6d23594","4f0bcce3-b36d-58b2-b33f-261b3f6ac0f0","23881","Xã Ia Pnôn","xa_ia_pnon","xã","1791616658326","1791616658326"
"7c877614-fe52-5050-ab19-4970ed223a42","4f0bcce3-b36d-58b2-b33f-261b3f6ac0f0","23884","Xã Ia Nan","xa_ia_nan","xã","1791616658326","1791616658326"
"bf068f32-fcb3-53f9-80d9-d90cb03ebb36","4f0bcce3-b36d-58b2-b33f-261b3f6ac0f0","23887","Xã Chư Prông","xa_chu_prong","xã","1791616658326","1791616658326"
"d2fcdb50-db20-5477-af90-724aaa6b33e4","4f0bcce3-b36d-58b2-b33f-261b3f6ac0f0","23896","Xã Bàu Cạn","xa_bau_can","xã","1791616658326","1791616658326"
"3fa4916a-aff3-545a-a99c-c4053651b9a7","4f0bcce3-b36d-58b2-b33f-261b3f6ac0f0","23908","Xã Ia Tôr","xa_ia_tor","xã","1791616658326","1791616658326"
"9268cc9b-d9c6-55f4-b805-9d04d387b8e4","4f0bcce3-b36d-58b2-b33f-261b3f6ac0f0","23911","Xã Ia Boòng","xa_ia_boong","xã","1791616658326","1791616658326"
"0dd3a219-4f6b-57c7-8020-881a766599d0","4f0bcce3-b36d-58b2-b33f-261b3f6ac0f0","23917","Xã Ia Púch","xa_ia_puch","xã","1791616658326","1791616658326"
"4593b042-a0e7-5afd-a916-9984ccd8f7f5","4f0bcce3-b36d-58b2-b33f-261b3f6ac0f0","23926","Xã Ia Pia","xa_ia_pia","xã","1791616658326","1791616658326"
"0118bd2b-b662-55e4-b726-024c8c97f74c","4f0bcce3-b36d-58b2-b33f-261b3f6ac0f0","23935","Xã Ia Lâu","xa_ia_lau","xã","1791616658326","1791616658326"
"46c56163-b725-57c4-8f1d-85625e0d8524","4f0bcce3-b36d-58b2-b33f-261b3f6ac0f0","23938","Xã Ia Mơ","xa_ia_mo","xã","1791616658326","1791616658326"
"e5cd5322-3295-5458-a2ba-b2df18aae701","4f0bcce3-b36d-58b2-b33f-261b3f6ac0f0","23941","Xã Chư Sê","xa_chu_se","xã","1791616658326","1791616658326"
"a98d0238-25fd-5e7c-bf2a-dbc836ad9f3c","4f0bcce3-b36d-58b2-b33f-261b3f6ac0f0","23942","Xã Chư Pưh","xa_chu_puh","xã","1791616658326","1791616658326"
"df9a7484-f174-5e69-b229-e9fccd4efb49","4f0bcce3-b36d-58b2-b33f-261b3f6ac0f0","23947","Xã Bờ Ngoong","xa_bo_ngoong","xã","1791616658326","1791616658326"
"b6f6b417-4a8e-53fb-a88c-c21ad6bb045f","4f0bcce3-b36d-58b2-b33f-261b3f6ac0f0","23954","Xã Al Bá","xa_al_ba","xã","1791616658326","1791616658326"
"e05a2a1d-7f41-5b52-9f28-6fbae3d9dca6","4f0bcce3-b36d-58b2-b33f-261b3f6ac0f0","23971","Xã Ia Hrú","xa_ia_hru","xã","1791616658326","1791616658326"
"a4677525-0017-58fb-bf2d-e6ef14c5c6f2","4f0bcce3-b36d-58b2-b33f-261b3f6ac0f0","23977","Xã Ia Ko","xa_ia_ko","xã","1791616658326","1791616658326"
"fd2223d6-5355-56bb-ad71-5f67409c710e","4f0bcce3-b36d-58b2-b33f-261b3f6ac0f0","23986","Xã Ia Le","xa_ia_le","xã","1791616658326","1791616658326"
"989bf625-0f53-5d32-8e77-49342111b3b4","4f0bcce3-b36d-58b2-b33f-261b3f6ac0f0","23995","Xã Đak Pơ","xa_dak_po","xã","1791616658326","1791616658326"
"67dc3786-2941-50e7-8420-5cedff23c5d2","4f0bcce3-b36d-58b2-b33f-261b3f6ac0f0","24007","Xã Ya Hội","xa_ya_hoi","xã","1791616658326","1791616658326"
"f4d623a7-23fc-5f3a-beef-867ca4de1a0a","4f0bcce3-b36d-58b2-b33f-261b3f6ac0f0","24013","Xã Pờ Tó","xa_po_to","xã","1791616658326","1791616658326"
"eaf4a9fe-c08d-5054-924f-5ecc8a123d09","4f0bcce3-b36d-58b2-b33f-261b3f6ac0f0","24022","Xã Ia Pa","xa_ia_pa","xã","1791616658326","1791616658326"
"fbfb449c-4f56-5e43-ad6b-3edeed693037","4f0bcce3-b36d-58b2-b33f-261b3f6ac0f0","24028","Xã Ia Tul","xa_ia_tul","xã","1791616658326","1791616658326"
"7305b2e1-0e77-5272-a22d-e40772733a74","4f0bcce3-b36d-58b2-b33f-261b3f6ac0f0","24043","Xã Phú Thiện","xa_phu_thien","xã","1791616658326","1791616658326"
"c2d0996e-64f5-5c28-8dc7-eb07be2403e0","4f0bcce3-b36d-58b2-b33f-261b3f6ac0f0","24044","Phường Ayun Pa","phuong_ayun_pa","phường","1791616658326","1791616658326"
"84728bdd-ef1f-50b2-849f-8f5c5d1b380d","4f0bcce3-b36d-58b2-b33f-261b3f6ac0f0","24049","Xã Chư A Thai","xa_chu_a_thai","xã","1791616658326","1791616658326"
"796bd7f9-e1c9-5255-9b1e-36d5b863c167","4f0bcce3-b36d-58b2-b33f-261b3f6ac0f0","24061","Xã Ia Hiao","xa_ia_hiao","xã","1791616658326","1791616658326"
"1939935d-f938-50b8-a325-37bb1baa99e8","4f0bcce3-b36d-58b2-b33f-261b3f6ac0f0","24065","Xã Ia Rbol","xa_ia_rbol","xã","1791616658326","1791616658326"
"da8e1d1c-3e64-587a-bf69-8e27c580c5b2","4f0bcce3-b36d-58b2-b33f-261b3f6ac0f0","24073","Xã Ia Sao","xa_ia_sao","xã","1791616658326","1791616658326"
"56c297cb-5792-5d75-9521-d203fa3030d8","4f0bcce3-b36d-58b2-b33f-261b3f6ac0f0","24076","Xã Phú Túc","xa_phu_tuc","xã","1791616658326","1791616658326"
"94dcc5fb-3720-5394-8487-d0a5cd1a59a7","4f0bcce3-b36d-58b2-b33f-261b3f6ac0f0","24100","Xã Ia Dreh","xa_ia_dreh","xã","1791616658326","1791616658326"
"74ad7be9-d02e-5a5e-9e9f-c3af95203e0b","4f0bcce3-b36d-58b2-b33f-261b3f6ac0f0","24109","Xã Uar","xa_uar","xã","1791616658326","1791616658326"
"d69956ed-aaa9-5748-9b75-9f91b966814e","4f0bcce3-b36d-58b2-b33f-261b3f6ac0f0","24112","Xã Ia Rsai","xa_ia_rsai","xã","1791616658326","1791616658326"
"2ed0fb7b-0444-586d-afe9-27925b2dc38a","19f79b29-0557-5bd9-ac5e-682fa3d500d9","24121","Phường Tân Lập","phuong_tan_lap","phường","1791616658326","1791616658326"
"963b0942-cf8e-5d8b-91ab-f610a727d63c","19f79b29-0557-5bd9-ac5e-682fa3d500d9","24133","Phường Buôn Ma Thuột","phuong_buon_ma_thuot","phường","1791616658326","1791616658326"
"344d3c2c-2996-5ed9-b08e-8b2b1adfe970","19f79b29-0557-5bd9-ac5e-682fa3d500d9","24154","Phường Thành Nhất","phuong_thanh_nhat","phường","1791616658326","1791616658326"
"c4c76702-a989-5505-a5ac-3dcaba8e6dfd","19f79b29-0557-5bd9-ac5e-682fa3d500d9","24163","Phường Tân An","phuong_tan_an","phường","1791616658326","1791616658326"
"872f7425-1295-5e49-a9fc-67c3c490b7e4","19f79b29-0557-5bd9-ac5e-682fa3d500d9","24169","Phường Ea Kao","phuong_ea_kao","phường","1791616658326","1791616658326"
"f712635f-fd6f-55c7-8091-b484d8ac45ad","19f79b29-0557-5bd9-ac5e-682fa3d500d9","24175","Xã Hòa Phú","xa_hoa_phu","xã","1791616658326","1791616658326"
"3a514a0c-a9e7-5448-aab1-cc3bf6425725","19f79b29-0557-5bd9-ac5e-682fa3d500d9","24181","Xã Ea Drăng","xa_ea_drang","xã","1791616658326","1791616658326"
"94a8fd4b-a269-5cfd-9dd2-252bb00996d7","19f79b29-0557-5bd9-ac5e-682fa3d500d9","24184","Xã Ea H'Leo","xa_ea_hleo","xã","1791616658326","1791616658326"
"f6b3f646-c235-5167-a225-b4781770bc86","19f79b29-0557-5bd9-ac5e-682fa3d500d9","24187","Xã Ea Hiao","xa_ea_hiao","xã","1791616658326","1791616658326"
"bd8edeed-81a2-5e44-98fb-ef44eb2512e4","19f79b29-0557-5bd9-ac5e-682fa3d500d9","24193","Xã Ea Wy","xa_ea_wy","xã","1791616658326","1791616658326"
"74c4cd67-986f-5f20-8f46-943f694ffeb2","19f79b29-0557-5bd9-ac5e-682fa3d500d9","24208","Xã Ea Khăl","xa_ea_khal","xã","1791616658326","1791616658326"
"37a6fa55-7a2b-54b2-a28b-40d90185d0d6","19f79b29-0557-5bd9-ac5e-682fa3d500d9","24211","Xã Ea Súp","xa_ea_sup","xã","1791616658326","1791616658326"
"aa6edc56-69dd-533f-a5f9-12d68d2d0251","19f79b29-0557-5bd9-ac5e-682fa3d500d9","24214","Xã Ia Lốp","xa_ia_lop","xã","1791616658326","1791616658326"
"e87c99ac-98b7-51c1-987a-d1e126f85a1e","19f79b29-0557-5bd9-ac5e-682fa3d500d9","24217","Xã Ea Rốk","xa_ea_rok","xã","1791616658326","1791616658326"
"1b8f2fd1-39b4-5c28-b692-69fe4e4a541a","19f79b29-0557-5bd9-ac5e-682fa3d500d9","24221","Xã Ia Rvê","xa_ia_rve","xã","1791616658326","1791616658326"
"7250df63-996b-5387-bc07-7480be0c74a0","19f79b29-0557-5bd9-ac5e-682fa3d500d9","24229","Xã Ea Bung","xa_ea_bung","xã","1791616658326","1791616658326"
"9f9b8d9a-7bc4-5bca-861f-f74c7b8e2bfc","19f79b29-0557-5bd9-ac5e-682fa3d500d9","24235","Xã Buôn Đôn","xa_buon_don","xã","1791616658326","1791616658326"
"355bab83-5a17-52d0-8b3a-0b41f5643af4","19f79b29-0557-5bd9-ac5e-682fa3d500d9","24241","Xã Ea Wer","xa_ea_wer","xã","1791616658326","1791616658326"
"091651db-ed41-52cd-aa4d-17c42c82daad","19f79b29-0557-5bd9-ac5e-682fa3d500d9","24250","Xã Ea Nuôl","xa_ea_nuol","xã","1791616658326","1791616658326"
"298d16ac-8a7f-5987-8e35-3e9cc3316471","19f79b29-0557-5bd9-ac5e-682fa3d500d9","24259","Xã Quảng Phú","xa_quang_phu","xã","1791616658326","1791616658326"
"a85bacb3-d189-55b2-ba2c-ca201013af51","19f79b29-0557-5bd9-ac5e-682fa3d500d9","24265","Xã Ea Kiết","xa_ea_kiet","xã","1791616658326","1791616658326"
"8174ff19-1870-500f-9e28-905e645d7644","19f79b29-0557-5bd9-ac5e-682fa3d500d9","24277","Xã Ea Tul","xa_ea_tul","xã","1791616658326","1791616658326"
"b5201934-e927-5a53-8cfd-f2a9578050b9","19f79b29-0557-5bd9-ac5e-682fa3d500d9","24280","Xã Cư M'gar","xa_cu_mgar","xã","1791616658326","1791616658326"
"447326d1-afb8-5338-a66d-5279f98f60e9","19f79b29-0557-5bd9-ac5e-682fa3d500d9","24286","Xã Ea M'Droh","xa_ea_mdroh","xã","1791616658326","1791616658326"
"73d265eb-8df2-50c5-98a6-0c2e1f3498a5","19f79b29-0557-5bd9-ac5e-682fa3d500d9","24301","Xã Cuôr Đăng","xa_cuor_dang","xã","1791616658326","1791616658326"
"cc8eaa74-5825-5b84-b103-fa9004818c07","19f79b29-0557-5bd9-ac5e-682fa3d500d9","24305","Phường Buôn Hồ","phuong_buon_ho","phường","1791616658326","1791616658326"
"926dcfec-6daa-5ac5-9a93-7436bc580121","19f79b29-0557-5bd9-ac5e-682fa3d500d9","24310","Xã Krông Búk","xa_krong_buk","xã","1791616658326","1791616658326"
"cca82bf2-3120-5f54-a5aa-05e692741f07","19f79b29-0557-5bd9-ac5e-682fa3d500d9","24313","Xã Cư Pơng","xa_cu_pong","xã","1791616658326","1791616658326"
"364ab4cc-0340-5833-8ab0-f024480f2c8e","19f79b29-0557-5bd9-ac5e-682fa3d500d9","24316","Xã Pơng Drang","xa_pong_drang","xã","1791616658326","1791616658326"
"cfee60af-2301-5a44-b09d-d48f2a2f147f","19f79b29-0557-5bd9-ac5e-682fa3d500d9","24328","Xã Ea Drông","xa_ea_drong","xã","1791616658326","1791616658326"
"50efbb43-a6f0-54e9-be6b-9b87d8d23c5b","19f79b29-0557-5bd9-ac5e-682fa3d500d9","24340","Phường Cư Bao","phuong_cu_bao","phường","1791616658326","1791616658326"
"cee85a9c-730f-52e0-b01b-c266a5c26a94","19f79b29-0557-5bd9-ac5e-682fa3d500d9","24343","Xã Krông Năng","xa_krong_nang","xã","1791616658326","1791616658326"
"a3d02b2d-0fc7-525f-a18c-47a3d902adbc","19f79b29-0557-5bd9-ac5e-682fa3d500d9","24346","Xã Dliê Ya","xa_dlie_ya","xã","1791616658326","1791616658326"
"ea1cee54-b1ef-557d-88ba-c2284ca6dda2","19f79b29-0557-5bd9-ac5e-682fa3d500d9","24352","Xã Tam Giang","xa_tam_giang","xã","1791616658326","1791616658326"
"b4e087f6-575f-5577-85d2-98e7f0f916b8","19f79b29-0557-5bd9-ac5e-682fa3d500d9","24364","Xã Phú Xuân","xa_phu_xuan","xã","1791616658326","1791616658326"
"6b5b95ab-f0f5-5b57-b3c1-b92fcae60031","19f79b29-0557-5bd9-ac5e-682fa3d500d9","24373","Xã Ea Kar","xa_ea_kar","xã","1791616658326","1791616658326"
"a9c9c921-e028-5346-892e-9889a7d69952","19f79b29-0557-5bd9-ac5e-682fa3d500d9","24376","Xã Ea Knốp","xa_ea_knop","xã","1791616658326","1791616658326"
"287ee27d-3443-5f9d-930f-98ca2ad77856","19f79b29-0557-5bd9-ac5e-682fa3d500d9","24400","Xã Ea Păl","xa_ea_pal","xã","1791616658326","1791616658326"
"88af3003-832c-5da7-b181-348e99a9e2e8","19f79b29-0557-5bd9-ac5e-682fa3d500d9","24403","Xã Ea Ô","xa_ea_o","xã","1791616658326","1791616658326"
"70f1425b-514c-571a-8bef-a3ed6a5f465f","19f79b29-0557-5bd9-ac5e-682fa3d500d9","24406","Xã Cư Yang","xa_cu_yang","xã","1791616658326","1791616658326"
"605c19bb-753a-5410-8abb-4d0ecbe82b4b","19f79b29-0557-5bd9-ac5e-682fa3d500d9","24412","Xã M'Drắk","xa_mdrak","xã","1791616658326","1791616658326"
"dc1349f1-96d7-5288-89a8-04ee6aa479c4","19f79b29-0557-5bd9-ac5e-682fa3d500d9","24415","Xã Cư Prao","xa_cu_prao","xã","1791616658326","1791616658326"
"c6dec0d3-b922-5b02-aba4-915e98dc7fbc","19f79b29-0557-5bd9-ac5e-682fa3d500d9","24433","Xã Ea Riêng","xa_ea_rieng","xã","1791616658326","1791616658326"
"10f15e86-d33a-5a00-b563-62442f48a42f","19f79b29-0557-5bd9-ac5e-682fa3d500d9","24436","Xã Cư M'ta","xa_cu_mta","xã","1791616658326","1791616658326"
"f4a1c60e-1d71-5ffb-af4d-54c6f0eb22e3","19f79b29-0557-5bd9-ac5e-682fa3d500d9","24444","Xã Krông Á","xa_krong_a","xã","1791616658326","1791616658326"
"763ade44-278d-5cfb-8756-95d4f897c263","19f79b29-0557-5bd9-ac5e-682fa3d500d9","24445","Xã Ea Trang","xa_ea_trang","xã","1791616658326","1791616658326"
"faee7e40-ff9a-5fbb-9ad8-2b51350e37f4","19f79b29-0557-5bd9-ac5e-682fa3d500d9","24448","Xã Krông Bông","xa_krong_bong","xã","1791616658326","1791616658326"
"3a009803-1d73-527e-a29c-4173da60391f","19f79b29-0557-5bd9-ac5e-682fa3d500d9","24454","Xã Dang Kang","xa_dang_kang","xã","1791616658326","1791616658326"
"bea4b43b-4146-5288-aa6b-89af8b26d6b9","19f79b29-0557-5bd9-ac5e-682fa3d500d9","24472","Xã Hòa Sơn","xa_hoa_son","xã","1791616658326","1791616658326"
"a9535006-e070-5ae2-bdbf-96ddc2db66e8","19f79b29-0557-5bd9-ac5e-682fa3d500d9","24478","Xã Cư Pui","xa_cu_pui","xã","1791616658326","1791616658326"
"74a7fad7-fa56-5c0f-9f5c-e2d97b0375ac","19f79b29-0557-5bd9-ac5e-682fa3d500d9","24484","Xã Yang Mao","xa_yang_mao","xã","1791616658326","1791616658326"
"e80cb4ae-8410-5781-84e5-af323927d9f1","19f79b29-0557-5bd9-ac5e-682fa3d500d9","24490","Xã Krông Pắc","xa_krong_pac","xã","1791616658326","1791616658326"
"ac0fbe9d-27a2-546f-b64e-6ede5cc4dda6","19f79b29-0557-5bd9-ac5e-682fa3d500d9","24496","Xã Ea Kly","xa_ea_kly","xã","1791616658326","1791616658326"
"d3e62a04-2a9d-5fdb-97f3-a77a1f77fbeb","19f79b29-0557-5bd9-ac5e-682fa3d500d9","24502","Xã Ea Phê","xa_ea_phe","xã","1791616658326","1791616658326"
"3855b210-08fd-5530-a9ec-c4b28ffa4db1","19f79b29-0557-5bd9-ac5e-682fa3d500d9","24505","Xã Ea Knuếc","xa_ea_knuec","xã","1791616658326","1791616658326"
"d5bbf49b-ac13-512b-839a-d313e887a378","19f79b29-0557-5bd9-ac5e-682fa3d500d9","24526","Xã Tân Tiến","xa_tan_tien","xã","1791616658326","1791616658326"
"230bfc8a-6da8-564d-a219-259560bc85d0","19f79b29-0557-5bd9-ac5e-682fa3d500d9","24529","Xã Vụ Bổn","xa_vu_bon","xã","1791616658326","1791616658326"
"5198d04b-cf59-5234-b0fd-8b48f54470cb","19f79b29-0557-5bd9-ac5e-682fa3d500d9","24538","Xã Krông Ana","xa_krong_ana","xã","1791616658326","1791616658326"
"2defd979-3a4d-5d8e-a29d-f7c50221746b","19f79b29-0557-5bd9-ac5e-682fa3d500d9","24540","Xã Ea Ning","xa_ea_ning","xã","1791616658326","1791616658326"
"dbc525d0-e95f-5bc3-815e-def71d4a295e","19f79b29-0557-5bd9-ac5e-682fa3d500d9","24544","Xã Ea Ktur","xa_ea_ktur","xã","1791616658326","1791616658326"
"0d24e37d-ad05-5ae9-8e4c-d334a140a0e7","19f79b29-0557-5bd9-ac5e-682fa3d500d9","24559","Xã Ea Na","xa_ea_na","xã","1791616658326","1791616658326"
"9814bf82-3601-5032-a648-a1f7ff323493","19f79b29-0557-5bd9-ac5e-682fa3d500d9","24561","Xã Dray Bhăng","xa_dray_bhang","xã","1791616658326","1791616658326"
"2efb0761-6765-500c-88c7-946622b522e2","19f79b29-0557-5bd9-ac5e-682fa3d500d9","24568","Xã Dur Kmăl","xa_dur_kmal","xã","1791616658326","1791616658326"
"7c272af1-db70-5a85-b34d-705ecab4e2c6","19f79b29-0557-5bd9-ac5e-682fa3d500d9","24580","Xã Liên Sơn Lắk","xa_lien_son_lak","xã","1791616658326","1791616658326"
"6eacad78-1344-5a83-bb8c-8fd6f4beec57","19f79b29-0557-5bd9-ac5e-682fa3d500d9","24595","Xã Đắk Liêng","xa_dak_lieng","xã","1791616658326","1791616658326"
"58ed79f6-658f-50bb-82a3-011e75b7d43b","19f79b29-0557-5bd9-ac5e-682fa3d500d9","24598","Xã Đắk Phơi","xa_dak_phoi","xã","1791616658326","1791616658326"
"4576f0bc-4a08-581b-9b5e-4506e6dc9227","19f79b29-0557-5bd9-ac5e-682fa3d500d9","24604","Xã Krông Nô","xa_krong_no","xã","1791616658326","1791616658326"
"9a844c4c-34aa-5b69-94ca-28a205d8783e","19f79b29-0557-5bd9-ac5e-682fa3d500d9","24607","Xã Nam Ka","xa_nam_ka","xã","1791616658326","1791616658326"
"7f4bc949-50df-59ad-a424-3bc42b0f8970","3278a1ea-2cb1-5ab0-a9c5-be813b356fb4","24611","Phường Bắc Gia Nghĩa","phuong_bac_gia_nghia","phường","1791616658326","1791616658326"
"e72dd5c3-ce64-594f-beb9-2c9069e98166","3278a1ea-2cb1-5ab0-a9c5-be813b356fb4","24615","Phường Nam Gia Nghĩa","phuong_nam_gia_nghia","phường","1791616658326","1791616658326"
"33e4b616-14b6-5449-85d0-a59424127e23","3278a1ea-2cb1-5ab0-a9c5-be813b356fb4","24616","Xã Quảng Sơn","xa_quang_son","xã","1791616658326","1791616658326"
"3814fc69-168b-518f-bebc-efe82320d9d6","3278a1ea-2cb1-5ab0-a9c5-be813b356fb4","24617","Phường Đông Gia Nghĩa","phuong_dong_gia_nghia","phường","1791616658326","1791616658326"
"889f378e-97ac-5ab7-8bae-aaaa00d10382","3278a1ea-2cb1-5ab0-a9c5-be813b356fb4","24620","Xã Quảng Hòa","xa_quang_hoa","xã","1791616658326","1791616658326"
"386ee0ee-067d-527d-82a8-7cd3be7ab3a9","3278a1ea-2cb1-5ab0-a9c5-be813b356fb4","24631","Xã Quảng Khê","xa_quang_khe","xã","1791616658326","1791616658326"
"8101e41c-876e-5049-bd25-12d620383ce7","3278a1ea-2cb1-5ab0-a9c5-be813b356fb4","24637","Xã Tà Đùng","xa_ta_dung","xã","1791616658326","1791616658326"
"c1ad1f67-35a8-52ff-af4c-9a6fedaf274d","3278a1ea-2cb1-5ab0-a9c5-be813b356fb4","24640","Xã Cư Jút","xa_cu_jut","xã","1791616658326","1791616658326"
"60f2bdc7-4fb8-5f1e-9c1d-8e41693adbb7","3278a1ea-2cb1-5ab0-a9c5-be813b356fb4","24646","Xã Đắk Wil","xa_dak_wil","xã","1791616658326","1791616658326"
"42771ca0-413c-5d05-a932-1415c84613bc","3278a1ea-2cb1-5ab0-a9c5-be813b356fb4","24649","Xã Nam Dong","xa_nam_dong","xã","1791616658326","1791616658326"
"f6bffeeb-b09b-5fa3-9c2a-f186a7c526d3","3278a1ea-2cb1-5ab0-a9c5-be813b356fb4","24664","Xã Đức Lập","xa_duc_lap","xã","1791616658326","1791616658326"
"a337fd20-0257-5a9d-8565-1d6851190893","3278a1ea-2cb1-5ab0-a9c5-be813b356fb4","24670","Xã Đắk Mil","xa_dak_mil","xã","1791616658326","1791616658326"
"b5a438f3-448e-52de-a791-423fb748352b","3278a1ea-2cb1-5ab0-a9c5-be813b356fb4","24678","Xã Đắk Sắk","xa_dak_sak","xã","1791616658326","1791616658326"
"dd994327-2e76-5395-b92e-75048ee2265a","3278a1ea-2cb1-5ab0-a9c5-be813b356fb4","24682","Xã Thuận An","xa_thuan_an","xã","1791616658326","1791616658326"
"f3b0141d-22ed-5a05-905b-79d89c625c5a","3278a1ea-2cb1-5ab0-a9c5-be813b356fb4","24688","Xã Krông Nô","xa_krong_no","xã","1791616658326","1791616658326"
"4292c1fd-c458-5b66-86dd-7e9734cb4878","3278a1ea-2cb1-5ab0-a9c5-be813b356fb4","24697","Xã Nam Đà","xa_nam_da","xã","1791616658326","1791616658326"
"e30ba56b-5c4b-5e02-b77b-5ef62e818336","3278a1ea-2cb1-5ab0-a9c5-be813b356fb4","24703","Xã Nâm Nung","xa_nam_nung","xã","1791616658326","1791616658326"
"3c4f51c8-c18c-5ab2-b6bf-08386e17df57","3278a1ea-2cb1-5ab0-a9c5-be813b356fb4","24712","Xã Quảng Phú","xa_quang_phu","xã","1791616658326","1791616658326"
"e148558c-795e-5495-b65f-4b45fd9fe410","3278a1ea-2cb1-5ab0-a9c5-be813b356fb4","24717","Xã Đức An","xa_duc_an","xã","1791616658326","1791616658326"
"c7a6c02a-325a-51a5-bf38-e08e57718754","3278a1ea-2cb1-5ab0-a9c5-be813b356fb4","24718","Xã Đắk Song","xa_dak_song","xã","1791616658326","1791616658326"
"ebac9c30-440c-54f2-a2db-128465ec5fe4","3278a1ea-2cb1-5ab0-a9c5-be813b356fb4","24722","Xã Thuận Hạnh","xa_thuan_hanh","xã","1791616658326","1791616658326"
"976a3f58-20a4-5ebe-afd2-d455acbd0a11","3278a1ea-2cb1-5ab0-a9c5-be813b356fb4","24730","Xã Trường Xuân","xa_truong_xuan","xã","1791616658326","1791616658326"
"88c4b795-9694-54e3-8687-80ce5e59453c","3278a1ea-2cb1-5ab0-a9c5-be813b356fb4","24733","Xã Kiến Đức","xa_kien_duc","xã","1791616658326","1791616658326"
"b1ba4f88-25ae-5efb-bc6b-a7494361952a","3278a1ea-2cb1-5ab0-a9c5-be813b356fb4","24736","Xã Quảng Trực","xa_quang_truc","xã","1791616658326","1791616658326"
"20f4d483-3a52-5a64-906b-047ac08c0d10","3278a1ea-2cb1-5ab0-a9c5-be813b356fb4","24739","Xã Tuy Đức","xa_tuy_duc","xã","1791616658326","1791616658326"
"4a3b206c-8cc9-5c7e-9b6a-9ca7524cb159","3278a1ea-2cb1-5ab0-a9c5-be813b356fb4","24748","Xã Quảng Tân","xa_quang_tan","xã","1791616658326","1791616658326"
"42c03eb7-dac3-5ac6-acbf-23a92c445232","3278a1ea-2cb1-5ab0-a9c5-be813b356fb4","24751","Xã Nhân Cơ","xa_nhan_co","xã","1791616658326","1791616658326"
"6d952ddd-25b9-5889-b6f4-4051e9be3f1a","3278a1ea-2cb1-5ab0-a9c5-be813b356fb4","24760","Xã Quảng Tín","xa_quang_tin","xã","1791616658326","1791616658326"
"a2e5915b-af54-56c7-beab-7e8b13cbf4cc","3278a1ea-2cb1-5ab0-a9c5-be813b356fb4","24778","Phường Lâm Viên - Đà Lạt","phuong_lam_vien_da_lat","phường","1791616658326","1791616658326"
"465433b4-d889-55d3-805f-5ccf484a2dc7","3278a1ea-2cb1-5ab0-a9c5-be813b356fb4","24781","Phường Xuân Hương - Đà Lạt","phuong_xuan_huong_da_lat","phường","1791616658326","1791616658326"
"3cd8bd2f-0c95-525b-ab52-0e5048949d05","3278a1ea-2cb1-5ab0-a9c5-be813b356fb4","24787","Phường Cam Ly - Đà Lạt","phuong_cam_ly_da_lat","phường","1791616658326","1791616658326"
"a08cc67b-b3dc-58bb-be92-e1f710a13169","3278a1ea-2cb1-5ab0-a9c5-be813b356fb4","24805","Phường Xuân Trường - Đà Lạt","phuong_xuan_truong_da_lat","phường","1791616658326","1791616658326"
"d12baa5d-cd0a-5596-b2b1-e3b641b5aeec","3278a1ea-2cb1-5ab0-a9c5-be813b356fb4","24820","Phường 2 Bảo Lộc","phuong_2_bao_loc","phường","1791616658326","1791616658326"
"c013f202-c594-5c44-a3ac-f8faf5391b93","3278a1ea-2cb1-5ab0-a9c5-be813b356fb4","24823","Phường 1 Bảo Lộc","phuong_1_bao_loc","phường","1791616658326","1791616658326"
"8db7eafa-e24f-5f05-af76-ea3e7ba1edc8","3278a1ea-2cb1-5ab0-a9c5-be813b356fb4","24829","Phường B'Lao","phuong_blao","phường","1791616658326","1791616658326"
"e2c4affc-5693-5eb3-b473-b5f060044184","3278a1ea-2cb1-5ab0-a9c5-be813b356fb4","24841","Phường 3 Bảo Lộc","phuong_3_bao_loc","phường","1791616658326","1791616658326"
"859e15bb-63b0-578b-be99-7b29b39a1ed0","3278a1ea-2cb1-5ab0-a9c5-be813b356fb4","24846","Phường Lang Biang - Đà Lạt","phuong_lang_biang_da_lat","phường","1791616658326","1791616658326"
"ee2b8f23-9bd5-5ca2-825a-651c7fc52eac","3278a1ea-2cb1-5ab0-a9c5-be813b356fb4","24848","Xã Lạc Dương","xa_lac_duong","xã","1791616658326","1791616658326"
"f73927f3-387f-520b-993d-e20ea2996d93","3278a1ea-2cb1-5ab0-a9c5-be813b356fb4","24853","Xã Đam Rông 4","xa_dam_rong_4","xã","1791616658326","1791616658326"
"04af69cc-53f1-50fa-a0df-ef4cd24cdc96","3278a1ea-2cb1-5ab0-a9c5-be813b356fb4","24868","Xã Nam Ban Lâm Hà","xa_nam_ban_lam_ha","xã","1791616658326","1791616658326"
"fcbe7ee7-d91e-5686-9823-472bf8c91617","3278a1ea-2cb1-5ab0-a9c5-be813b356fb4","24871","Xã Đinh Văn Lâm Hà","xa_dinh_van_lam_ha","xã","1791616658326","1791616658326"
"dd3cedbf-2bc2-5710-8dde-3436f462225c","3278a1ea-2cb1-5ab0-a9c5-be813b356fb4","24875","Xã Đam Rông 3","xa_dam_rong_3","xã","1791616658326","1791616658326"
"5e4f4491-8c58-5790-aaa6-e5a1b5519259","3278a1ea-2cb1-5ab0-a9c5-be813b356fb4","24877","Xã Đam Rông 2","xa_dam_rong_2","xã","1791616658326","1791616658326"
"987e94ba-25cf-503f-ad78-44002abacf61","3278a1ea-2cb1-5ab0-a9c5-be813b356fb4","24883","Xã Nam Hà Lâm Hà","xa_nam_ha_lam_ha","xã","1791616658326","1791616658326"
"9e358c35-dd37-5ca1-a8fa-5c7e63d90385","3278a1ea-2cb1-5ab0-a9c5-be813b356fb4","24886","Xã Đam Rông 1","xa_dam_rong_1","xã","1791616658326","1791616658326"
"a67afed0-2ca8-5bae-8e0f-e4731d61ddb8","3278a1ea-2cb1-5ab0-a9c5-be813b356fb4","24895","Xã Phú Sơn Lâm Hà","xa_phu_son_lam_ha","xã","1791616658326","1791616658326"
"f12181d8-1639-5e2f-bc86-d13f36022fe3","3278a1ea-2cb1-5ab0-a9c5-be813b356fb4","24907","Xã Phúc Thọ Lâm Hà","xa_phuc_tho_lam_ha","xã","1791616658326","1791616658326"
"1405c34a-77c5-52a3-bab0-a723106b0b48","3278a1ea-2cb1-5ab0-a9c5-be813b356fb4","24916","Xã Tân Hà Lâm Hà","xa_tan_ha_lam_ha","xã","1791616658326","1791616658326"
"e5cf87bf-5ed4-5a86-a7f7-0b1782c0b23f","3278a1ea-2cb1-5ab0-a9c5-be813b356fb4","24931","Xã Đơn Dương","xa_don_duong","xã","1791616658326","1791616658326"
"349f638f-1041-57ae-9d3c-6570d6ffa84a","3278a1ea-2cb1-5ab0-a9c5-be813b356fb4","24934","Xã D'Ran","xa_dran","xã","1791616658326","1791616658326"
"2fd64fe2-4e01-5f3b-a930-e21bad25b7d0","3278a1ea-2cb1-5ab0-a9c5-be813b356fb4","24943","Xã Ka Đô","xa_ka_do","xã","1791616658326","1791616658326"
"4a28c7bc-9975-5ec3-bec6-2c5435835e0b","3278a1ea-2cb1-5ab0-a9c5-be813b356fb4","24955","Xã Quảng Lập","xa_quang_lap","xã","1791616658326","1791616658326"
"a26c1339-39de-55e9-b575-232b78c5766c","3278a1ea-2cb1-5ab0-a9c5-be813b356fb4","24958","Xã Đức Trọng","xa_duc_trong","xã","1791616658326","1791616658326"
"1ca221b0-450c-55f4-8719-f4092b054537","3278a1ea-2cb1-5ab0-a9c5-be813b356fb4","24967","Xã Hiệp Thạnh","xa_hiep_thanh","xã","1791616658326","1791616658326"
"d2eb2906-081e-5606-b24d-465ff50245b9","3278a1ea-2cb1-5ab0-a9c5-be813b356fb4","24976","Xã Tân Hội","xa_tan_hoi","xã","1791616658326","1791616658326"
"b16fd580-81ad-550f-9778-be2df23c344a","3278a1ea-2cb1-5ab0-a9c5-be813b356fb4","24985","Xã Ninh Gia","xa_ninh_gia","xã","1791616658326","1791616658326"
"1996c4b9-be00-5616-9746-f50caebe29c8","3278a1ea-2cb1-5ab0-a9c5-be813b356fb4","24988","Xã Tà Năng","xa_ta_nang","xã","1791616658326","1791616658326"
"16918f95-9385-506f-a8d8-760e56a92b08","3278a1ea-2cb1-5ab0-a9c5-be813b356fb4","24991","Xã Tà Hine","xa_ta_hine","xã","1791616658326","1791616658326"
"74fa54cb-f883-5962-9f47-e70fa8704ae6","3278a1ea-2cb1-5ab0-a9c5-be813b356fb4","25000","Xã Di Linh","xa_di_linh","xã","1791616658326","1791616658326"
"fae9ef61-ce1e-5877-b350-ae3082bca8d5","3278a1ea-2cb1-5ab0-a9c5-be813b356fb4","25007","Xã Đinh Trang Thượng","xa_dinh_trang_thuong","xã","1791616658326","1791616658326"
"f7609d98-8ef1-5b97-9789-915acd0094d6","3278a1ea-2cb1-5ab0-a9c5-be813b356fb4","25015","Xã Gia Hiệp","xa_gia_hiep","xã","1791616658326","1791616658326"
"6805fb0c-c6aa-572d-be3f-102c248874df","3278a1ea-2cb1-5ab0-a9c5-be813b356fb4","25018","Xã Bảo Thuận","xa_bao_thuan","xã","1791616658326","1791616658326"
"82a8fbe4-bd95-58a2-9b73-05402a517b41","3278a1ea-2cb1-5ab0-a9c5-be813b356fb4","25036","Xã Hòa Ninh","xa_hoa_ninh","xã","1791616658326","1791616658326"
"857af5b8-2de5-5504-950e-31a36bd811f4","3278a1ea-2cb1-5ab0-a9c5-be813b356fb4","25042","Xã Hòa Bắc","xa_hoa_bac","xã","1791616658326","1791616658326"
"54d8f5e7-cc26-512e-bae8-9264be75f20b","3278a1ea-2cb1-5ab0-a9c5-be813b356fb4","25051","Xã Sơn Điền","xa_son_dien","xã","1791616658326","1791616658326"
"c83ef1b8-2b9b-510c-ba12-aee346198fe2","3278a1ea-2cb1-5ab0-a9c5-be813b356fb4","25054","Xã Bảo Lâm 1","xa_bao_lam_1","xã","1791616658326","1791616658326"
"490b25c0-5381-5046-9e6b-b6f0e2071df7","3278a1ea-2cb1-5ab0-a9c5-be813b356fb4","25057","Xã Bảo Lâm 5","xa_bao_lam_5","xã","1791616658326","1791616658326"
"0679f237-6a18-5ca6-b757-6a414fb828d7","3278a1ea-2cb1-5ab0-a9c5-be813b356fb4","25063","Xã Bảo Lâm 4","xa_bao_lam_4","xã","1791616658326","1791616658326"
"c835e8bc-4d5e-5d55-af21-b2fa27535d34","3278a1ea-2cb1-5ab0-a9c5-be813b356fb4","25084","Xã Bảo Lâm 2","xa_bao_lam_2","xã","1791616658326","1791616658326"
"473da052-0bfb-51f5-b46e-0d977dcd2526","3278a1ea-2cb1-5ab0-a9c5-be813b356fb4","25093","Xã Bảo Lâm 3","xa_bao_lam_3","xã","1791616658326","1791616658326"
"2537686b-d082-5f2f-b7d0-316152ea5cc8","3278a1ea-2cb1-5ab0-a9c5-be813b356fb4","25099","Xã Đạ Huoai","xa_da_huoai","xã","1791616658326","1791616658326"
"a86a2dda-3aee-550a-a58b-9fa6d7610440","3278a1ea-2cb1-5ab0-a9c5-be813b356fb4","25105","Xã Đạ Huoai 2","xa_da_huoai_2","xã","1791616658326","1791616658326"
"8e6f9865-85e8-5adb-bfa6-429a2281db8a","3278a1ea-2cb1-5ab0-a9c5-be813b356fb4","25114","Xã Đạ Huoai 3","xa_da_huoai_3","xã","1791616658326","1791616658326"
"06301817-45d8-5d4d-a145-22b48a31e66d","3278a1ea-2cb1-5ab0-a9c5-be813b356fb4","25126","Xã Đạ Tẻh","xa_da_teh","xã","1791616658326","1791616658326"
"2a08a6b8-7807-508a-9a8e-7638fa275ae1","3278a1ea-2cb1-5ab0-a9c5-be813b356fb4","25135","Xã Đạ Tẻh 3","xa_da_teh_3","xã","1791616658326","1791616658326"
"4d4c8c41-2935-5659-8644-85c27894cc1e","3278a1ea-2cb1-5ab0-a9c5-be813b356fb4","25138","Xã Đạ Tẻh 2","xa_da_teh_2","xã","1791616658326","1791616658326"
"3e90947f-8ac2-5ad6-a03e-f11adc33ed7d","3278a1ea-2cb1-5ab0-a9c5-be813b356fb4","25159","Xã Cát Tiên","xa_cat_tien","xã","1791616658326","1791616658326"
"698e264b-644b-5c3d-8aee-c992b4dce6cf","3278a1ea-2cb1-5ab0-a9c5-be813b356fb4","25162","Xã Cát Tiên 3","xa_cat_tien_3","xã","1791616658326","1791616658326"
"b0411d4a-a8eb-54f1-8cf2-ca12dfd02bc3","3278a1ea-2cb1-5ab0-a9c5-be813b356fb4","25180","Xã Cát Tiên 2","xa_cat_tien_2","xã","1791616658326","1791616658326"
"8dbbb937-a721-5a1e-adc3-9d66308a192f","70b6338e-b4ad-57a9-88e7-bcf5d19d4635","25195","Phường Bình Phước","phuong_binh_phuoc","phường","1791616658326","1791616658326"
"f9fa2e74-3b0e-5616-9cc6-e0a605566447","70b6338e-b4ad-57a9-88e7-bcf5d19d4635","25210","Phường Đồng Xoài","phuong_dong_xoai","phường","1791616658326","1791616658326"
"db348da7-a248-5f5a-821e-6b7f91a12f24","70b6338e-b4ad-57a9-88e7-bcf5d19d4635","25217","Phường Phước Long","phuong_phuoc_long","phường","1791616658326","1791616658326"
"bea96f94-0118-5ca0-9813-d09bc4c133d7","70b6338e-b4ad-57a9-88e7-bcf5d19d4635","25220","Phường Phước Bình","phuong_phuoc_binh","phường","1791616658326","1791616658326"
"d41476d8-4713-5898-b6fb-f02d0a4ecf1f","70b6338e-b4ad-57a9-88e7-bcf5d19d4635","25222","Xã Bù Gia Mập","xa_bu_gia_map","xã","1791616658326","1791616658326"
"90d9993c-5c2a-5bfa-a019-0bf99524946a","70b6338e-b4ad-57a9-88e7-bcf5d19d4635","25225","Xã Đăk Ơ","xa_dak_o","xã","1791616658326","1791616658326"
"bd3bcdc0-c826-503c-9c24-1f72ae880f99","70b6338e-b4ad-57a9-88e7-bcf5d19d4635","25231","Xã Đa Kia","xa_da_kia","xã","1791616658326","1791616658326"
"a05d31ed-3227-5767-b2de-d461919fc53a","70b6338e-b4ad-57a9-88e7-bcf5d19d4635","25246","Xã Bình Tân","xa_binh_tan","xã","1791616658326","1791616658326"
"da2969ff-d005-5e2d-8c0a-9aaeb0591253","70b6338e-b4ad-57a9-88e7-bcf5d19d4635","25252","Xã Phú Riềng","xa_phu_rieng","xã","1791616658326","1791616658326"
"a2205b44-15c6-5157-9fc6-ce8a73fc8828","70b6338e-b4ad-57a9-88e7-bcf5d19d4635","25255","Xã Long Hà","xa_long_ha","xã","1791616658326","1791616658326"
"e2f9ed2c-cbf1-5749-bbd7-43928470ed91","70b6338e-b4ad-57a9-88e7-bcf5d19d4635","25261","Xã Phú Trung","xa_phu_trung","xã","1791616658326","1791616658326"
"ae633f69-8354-577c-83dd-41e89064ac05","70b6338e-b4ad-57a9-88e7-bcf5d19d4635","25267","Xã Phú Nghĩa","xa_phu_nghia","xã","1791616658326","1791616658326"
"d6a0c216-936c-55cf-9eb1-440f57f6a703","70b6338e-b4ad-57a9-88e7-bcf5d19d4635","25270","Xã Lộc Ninh","xa_loc_ninh","xã","1791616658326","1791616658326"
"cbd10b9c-b14b-56a0-9169-1812daa819b9","70b6338e-b4ad-57a9-88e7-bcf5d19d4635","25279","Xã Lộc Tấn","xa_loc_tan","xã","1791616658326","1791616658326"
"25e25437-ecda-52a7-9b61-d31737dbd1fe","70b6338e-b4ad-57a9-88e7-bcf5d19d4635","25280","Xã Lộc Thạnh","xa_loc_thanh","xã","1791616658326","1791616658326"
"e242aa82-42df-5518-97a8-40cf0fcd80f9","70b6338e-b4ad-57a9-88e7-bcf5d19d4635","25292","Xã Lộc Quang","xa_loc_quang","xã","1791616658326","1791616658326"
"0f0a9dde-d590-5429-9ea4-34d21550b1c0","70b6338e-b4ad-57a9-88e7-bcf5d19d4635","25294","Xã Lộc Thành","xa_loc_thanh","xã","1791616658326","1791616658326"
"f23e4f10-5d7d-5e63-b9b3-9037d8f9a4d7","70b6338e-b4ad-57a9-88e7-bcf5d19d4635","25303","Xã Lộc Hưng","xa_loc_hung","xã","1791616658326","1791616658326"
"11289f0e-7bab-5348-8b06-0860c4d721a7","70b6338e-b4ad-57a9-88e7-bcf5d19d4635","25308","Xã Thiện Hưng","xa_thien_hung","xã","1791616658326","1791616658326"
"3dc17c56-ac24-5549-a797-35372006ea0a","70b6338e-b4ad-57a9-88e7-bcf5d19d4635","25309","Xã Hưng Phước","xa_hung_phuoc","xã","1791616658326","1791616658326"
"f24bd10b-2dd3-55a5-80ec-bd83dc199dbe","70b6338e-b4ad-57a9-88e7-bcf5d19d4635","25318","Xã Tân Tiến","xa_tan_tien","xã","1791616658326","1791616658326"
"3305a940-032b-5dbf-a57e-685ba3102b58","70b6338e-b4ad-57a9-88e7-bcf5d19d4635","25326","Phường Bình Long","phuong_binh_long","phường","1791616658326","1791616658326"
"8ab251e6-52ce-5469-af8e-8810cbc52262","70b6338e-b4ad-57a9-88e7-bcf5d19d4635","25333","Phường An Lộc","phuong_an_loc","phường","1791616658326","1791616658326"
"68b7a021-9700-5586-b11a-e2709962b4cd","70b6338e-b4ad-57a9-88e7-bcf5d19d4635","25345","Xã Tân Hưng","xa_tan_hung","xã","1791616658326","1791616658326"
"bde40101-59c9-53c2-943b-6d989a9d9aab","70b6338e-b4ad-57a9-88e7-bcf5d19d4635","25349","Xã Minh Đức","xa_minh_duc","xã","1791616658326","1791616658326"
"b2996ddd-218d-5929-a1ef-14fc439e3b74","70b6338e-b4ad-57a9-88e7-bcf5d19d4635","25351","Xã Tân Quan","xa_tan_quan","xã","1791616658326","1791616658326"
"a42306b3-5f70-57e0-b387-7b3f07152a4f","70b6338e-b4ad-57a9-88e7-bcf5d19d4635","25357","Xã Tân Khai","xa_tan_khai","xã","1791616658326","1791616658326"
"ea3e50a3-603b-5009-b0bf-336020cfcb9b","70b6338e-b4ad-57a9-88e7-bcf5d19d4635","25363","Xã Đồng Phú","xa_dong_phu","xã","1791616658326","1791616658326"
"b3c1b774-7cd5-57bd-9c63-4952f1dc2255","70b6338e-b4ad-57a9-88e7-bcf5d19d4635","25378","Xã Tân Lợi","xa_tan_loi","xã","1791616658326","1791616658326"
"eb176f7a-8e97-58f1-b4c3-cd17146e4d39","70b6338e-b4ad-57a9-88e7-bcf5d19d4635","25387","Xã Thuận Lợi","xa_thuan_loi","xã","1791616658326","1791616658326"
"482edcc1-58ac-57a4-a0ea-f7d166684813","70b6338e-b4ad-57a9-88e7-bcf5d19d4635","25390","Xã Đồng Tâm","xa_dong_tam","xã","1791616658326","1791616658326"
"3dfc92a2-d1eb-5ead-8c17-8737fe048b71","70b6338e-b4ad-57a9-88e7-bcf5d19d4635","25396","Xã Bù Đăng","xa_bu_dang","xã","1791616658326","1791616658326"
"7c68e9d4-ebc6-523e-b0ca-42eb254d8e08","70b6338e-b4ad-57a9-88e7-bcf5d19d4635","25399","Xã Đak Nhau","xa_dak_nhau","xã","1791616658326","1791616658326"
"6ac2ed42-1f08-59ec-a385-72f8f6cf31f4","70b6338e-b4ad-57a9-88e7-bcf5d19d4635","25402","Xã Thọ Sơn","xa_tho_son","xã","1791616658326","1791616658326"
"1fc84a83-210d-594e-846b-f425a9658ba5","70b6338e-b4ad-57a9-88e7-bcf5d19d4635","25405","Xã Bom Bo","xa_bom_bo","xã","1791616658326","1791616658326"
"d1848db0-8e85-5bd5-9b71-bc694c4b754a","70b6338e-b4ad-57a9-88e7-bcf5d19d4635","25417","Xã Nghĩa Trung","xa_nghia_trung","xã","1791616658326","1791616658326"
"df7f0788-f5cd-5ae1-ade3-638d77beff04","70b6338e-b4ad-57a9-88e7-bcf5d19d4635","25420","Xã Phước Sơn","xa_phuoc_son","xã","1791616658326","1791616658326"
"fd9b07fe-7e27-50fe-ad74-6e77d3d076b2","70b6338e-b4ad-57a9-88e7-bcf5d19d4635","25432","Phường Chơn Thành","phuong_chon_thanh","phường","1791616658326","1791616658326"
"0bb1ea68-5403-514e-9740-92ca087c2392","70b6338e-b4ad-57a9-88e7-bcf5d19d4635","25441","Phường Minh Hưng","phuong_minh_hung","phường","1791616658326","1791616658326"
"e94c05f6-dbb4-5920-952e-4e1267130bc1","70b6338e-b4ad-57a9-88e7-bcf5d19d4635","25450","Xã Nha Bích","xa_nha_bich","xã","1791616658326","1791616658326"
"825b1f13-c4f4-525f-8744-4a4a34c9fe2b","611a8f28-f52c-5223-9db6-45d87ae328e8","25459","Phường Tân Ninh","phuong_tan_ninh","phường","1791616658326","1791616658326"
"0f253a3a-1874-590d-b94f-376f7ad1f529","611a8f28-f52c-5223-9db6-45d87ae328e8","25480","Phường Bình Minh","phuong_binh_minh","phường","1791616658326","1791616658326"
"2454450f-410f-5b5d-b0c6-3536f23669f0","611a8f28-f52c-5223-9db6-45d87ae328e8","25486","Xã Tân Biên","xa_tan_bien","xã","1791616658326","1791616658326"
"476a90d4-86a8-52f0-9067-ee97ff31fe4e","611a8f28-f52c-5223-9db6-45d87ae328e8","25489","Xã Tân Lập","xa_tan_lap","xã","1791616658326","1791616658326"
"8f01ae6c-97e6-5bc6-891e-2f8a13978b26","611a8f28-f52c-5223-9db6-45d87ae328e8","25498","Xã Thạnh Bình","xa_thanh_binh","xã","1791616658326","1791616658326"
"a5984c1f-245c-5a8f-8715-944d277354d9","611a8f28-f52c-5223-9db6-45d87ae328e8","25510","Xã Trà Vong","xa_tra_vong","xã","1791616658326","1791616658326"
"148ff6f0-cc56-5b7f-9b75-e92cbb3f6c41","611a8f28-f52c-5223-9db6-45d87ae328e8","25516","Xã Tân Châu","xa_tan_chau","xã","1791616658326","1791616658326"
"ef4ac429-417f-5681-a2a7-9891d992f90a","611a8f28-f52c-5223-9db6-45d87ae328e8","25522","Xã Tân Đông","xa_tan_dong","xã","1791616658326","1791616658326"
"8afdb178-5299-5470-bbc2-6d4d2cae88f8","611a8f28-f52c-5223-9db6-45d87ae328e8","25525","Xã Tân Hội","xa_tan_hoi","xã","1791616658326","1791616658326"
"9dcc0045-006f-55c6-99a8-6e50531160d7","611a8f28-f52c-5223-9db6-45d87ae328e8","25531","Xã Tân Hòa","xa_tan_hoa","xã","1791616658326","1791616658326"
"1d9c0ff6-da79-5eaa-988d-bbfba3fcb6c6","611a8f28-f52c-5223-9db6-45d87ae328e8","25534","Xã Tân Thành","xa_tan_thanh","xã","1791616658326","1791616658326"
"1749b436-24d5-5022-ab26-3a3a153fd5ff","611a8f28-f52c-5223-9db6-45d87ae328e8","25549","Xã Tân Phú","xa_tan_phu","xã","1791616658326","1791616658326"
"99fea53b-c039-5504-b614-e3222e580571","611a8f28-f52c-5223-9db6-45d87ae328e8","25552","Xã Dương Minh Châu","xa_duong_minh_chau","xã","1791616658326","1791616658326"
"a2a35042-6b00-565d-974c-db2525503a73","611a8f28-f52c-5223-9db6-45d87ae328e8","25567","Phường Ninh Thạnh","phuong_ninh_thanh","phường","1791616658326","1791616658326"
"2b5fa4d0-0f34-5a94-879c-4bcab3fb6599","611a8f28-f52c-5223-9db6-45d87ae328e8","25573","Xã Cầu Khởi","xa_cau_khoi","xã","1791616658326","1791616658326"
"402e2efb-d017-5827-b874-63203d87354f","611a8f28-f52c-5223-9db6-45d87ae328e8","25579","Xã Lộc Ninh","xa_loc_ninh","xã","1791616658326","1791616658326"
"a611107b-2baf-5bee-88ee-65d0e845c5c0","611a8f28-f52c-5223-9db6-45d87ae328e8","25585","Xã Châu Thành","xa_chau_thanh","xã","1791616658326","1791616658326"
"e0ec419b-f89d-5381-934d-e6dbc4566fb5","611a8f28-f52c-5223-9db6-45d87ae328e8","25588","Xã Hảo Đước","xa_hao_duoc","xã","1791616658326","1791616658326"
"5dcd516d-921a-5826-9582-b412b6f8c475","611a8f28-f52c-5223-9db6-45d87ae328e8","25591","Xã Phước Vinh","xa_phuoc_vinh","xã","1791616658326","1791616658326"
"29e62217-96e6-5773-aefe-0dbce568d55d","611a8f28-f52c-5223-9db6-45d87ae328e8","25606","Xã Hòa Hội","xa_hoa_hoi","xã","1791616658326","1791616658326"
"1fe8c999-9663-5c85-8cf3-606499f3a6e8","611a8f28-f52c-5223-9db6-45d87ae328e8","25621","Xã Ninh Điền","xa_ninh_dien","xã","1791616658326","1791616658326"
"52517827-5baf-5b68-8225-06029620135c","611a8f28-f52c-5223-9db6-45d87ae328e8","25630","Phường Long Hoa","phuong_long_hoa","phường","1791616658326","1791616658326"
"d87a6e66-d25e-51e3-b37b-61f38b15d273","611a8f28-f52c-5223-9db6-45d87ae328e8","25633","Phường Thanh Điền","phuong_thanh_dien","phường","1791616658326","1791616658326"
"91984ec0-fcc1-59de-b14c-19dbdb6136e6","611a8f28-f52c-5223-9db6-45d87ae328e8","25645","Phường Hòa Thành","phuong_hoa_thanh","phường","1791616658326","1791616658326"
"154b80ea-2089-546c-bb2e-ee5c883dcd43","611a8f28-f52c-5223-9db6-45d87ae328e8","25654","Phường Gò Dầu","phuong_go_dau","phường","1791616658326","1791616658326"
"c816d105-2ba8-561b-a38d-5bb233a9fa3a","611a8f28-f52c-5223-9db6-45d87ae328e8","25657","Xã Thạnh Đức","xa_thanh_duc","xã","1791616658326","1791616658326"
"50fa2cba-c170-5e62-9376-b494a9ca51eb","611a8f28-f52c-5223-9db6-45d87ae328e8","25663","Xã Phước Thạnh","xa_phuoc_thanh","xã","1791616658326","1791616658326"
"ff860e14-9f64-5d98-b070-a27d5f532c72","611a8f28-f52c-5223-9db6-45d87ae328e8","25666","Xã Truông Mít","xa_truong_mit","xã","1791616658326","1791616658326"
"005ab1d0-1d41-5bf3-a308-2a0a7cf17e79","611a8f28-f52c-5223-9db6-45d87ae328e8","25672","Phường Gia Lộc","phuong_gia_loc","phường","1791616658326","1791616658326"
"4a6164ca-62bd-5ea3-a24c-63e1f4e0a084","611a8f28-f52c-5223-9db6-45d87ae328e8","25681","Xã Bến Cầu","xa_ben_cau","xã","1791616658326","1791616658326"
"243c9489-a458-5c10-bafe-b2d30efa4d2a","611a8f28-f52c-5223-9db6-45d87ae328e8","25684","Xã Long Chữ","xa_long_chu","xã","1791616658326","1791616658326"
"fe2844ef-af32-54ec-a3f8-66e8f3c65c1d","611a8f28-f52c-5223-9db6-45d87ae328e8","25702","Xã Long Thuận","xa_long_thuan","xã","1791616658326","1791616658326"
"f5ba2655-7530-51d5-9e28-dc8b521223de","611a8f28-f52c-5223-9db6-45d87ae328e8","25708","Phường Trảng Bàng","phuong_trang_bang","phường","1791616658326","1791616658326"
"7edbd0d7-35ca-5582-85c1-7f52838ba8a5","611a8f28-f52c-5223-9db6-45d87ae328e8","25711","Xã Hưng Thuận","xa_hung_thuan","xã","1791616658326","1791616658326"
"7987d653-95c6-5e7a-ade2-9f8014200274","611a8f28-f52c-5223-9db6-45d87ae328e8","25729","Xã Phước Chỉ","xa_phuoc_chi","xã","1791616658326","1791616658326"
"8ada69f0-1350-52f3-98f7-cb9ac1552ad2","611a8f28-f52c-5223-9db6-45d87ae328e8","25732","Phường An Tịnh","phuong_an_tinh","phường","1791616658326","1791616658326"
"23562a15-dac4-5d19-9455-7b43da8f49e7","7e6b0462-e4a0-5322-8d10-c41243ea2009","25747","Phường Thủ Dầu Một","phuong_thu_dau_mot","phường","1791616658326","1791616658326"
"47494b45-fc76-5e3b-8535-df1a65a81790","7e6b0462-e4a0-5322-8d10-c41243ea2009","25750","Phường Phú Lợi","phuong_phu_loi","phường","1791616658326","1791616658326"
"44059cd6-9c1a-53a2-9ec8-dab9bd03b411","7e6b0462-e4a0-5322-8d10-c41243ea2009","25760","Phường Bình Dương","phuong_binh_duong","phường","1791616658326","1791616658326"
"420d1f58-f11b-5bf1-8bff-586f12181e2f","7e6b0462-e4a0-5322-8d10-c41243ea2009","25768","Phường Phú An","phuong_phu_an","phường","1791616658326","1791616658326"
"620d0f90-ad1a-5573-9f72-9d8017b02885","7e6b0462-e4a0-5322-8d10-c41243ea2009","25771","Phường Chánh Hiệp","phuong_chanh_hiep","phường","1791616658326","1791616658326"
"95f154c7-b823-5c36-be07-08374f11161f","7e6b0462-e4a0-5322-8d10-c41243ea2009","25777","Xã Dầu Tiếng","xa_dau_tieng","xã","1791616658326","1791616658326"
"571e96a0-dce4-5943-8828-f400e20edf10","7e6b0462-e4a0-5322-8d10-c41243ea2009","25780","Xã Minh Thạnh","xa_minh_thanh","xã","1791616658326","1791616658326"
"fbec93f4-e4c2-5516-9c41-828f91ba93de","7e6b0462-e4a0-5322-8d10-c41243ea2009","25792","Xã Long Hòa","xa_long_hoa","xã","1791616658326","1791616658326"
"a26dd648-c15e-55e3-a145-d3fb9efaea3f","7e6b0462-e4a0-5322-8d10-c41243ea2009","25807","Xã Thanh An","xa_thanh_an","xã","1791616658326","1791616658326"
"2bab4475-dad0-5434-b24e-ba64766275aa","7e6b0462-e4a0-5322-8d10-c41243ea2009","25813","Phường Bến Cát","phuong_ben_cat","phường","1791616658326","1791616658326"
"b695ec36-5d18-54f6-8b7b-ced031c54f79","7e6b0462-e4a0-5322-8d10-c41243ea2009","25819","Xã Trừ Văn Thố","xa_tru_van_tho","xã","1791616658326","1791616658326"
"4c4975e5-374d-5cf2-86ca-d0e5f19c6bd5","7e6b0462-e4a0-5322-8d10-c41243ea2009","25822","Xã Bàu Bàng","xa_bau_bang","xã","1791616658326","1791616658326"
"c1601ffc-3b19-502a-ad57-bf4b4cb813d6","7e6b0462-e4a0-5322-8d10-c41243ea2009","25837","Phường Chánh Phú Hòa","phuong_chanh_phu_hoa","phường","1791616658326","1791616658326"
"21145557-124c-5a07-b633-7f935d694ffd","7e6b0462-e4a0-5322-8d10-c41243ea2009","25840","Phường Long Nguyên","phuong_long_nguyen","phường","1791616658326","1791616658326"
"f964fb6c-8998-5bd6-a8ad-a2d85868577a","7e6b0462-e4a0-5322-8d10-c41243ea2009","25843","Phường Tây Nam","phuong_tay_nam","phường","1791616658326","1791616658326"
"4af950d9-1a79-51c0-afe6-7b8a47952a1a","7e6b0462-e4a0-5322-8d10-c41243ea2009","25846","Phường Thới Hòa","phuong_thoi_hoa","phường","1791616658326","1791616658326"
"e0e045cf-9c57-541d-a9fb-8e396a876cb5","7e6b0462-e4a0-5322-8d10-c41243ea2009","25849","Phường Hòa Lợi","phuong_hoa_loi","phường","1791616658326","1791616658326"
"830df63a-cf90-5ad6-b15d-bbacfef9e6b9","7e6b0462-e4a0-5322-8d10-c41243ea2009","25858","Xã Phú Giáo","xa_phu_giao","xã","1791616658326","1791616658326"
"56f79886-8397-5227-85fe-e0d136bf5457","7e6b0462-e4a0-5322-8d10-c41243ea2009","25864","Xã Phước Thành","xa_phuoc_thanh","xã","1791616658326","1791616658326"
"88ca7465-57bd-5020-ae2c-a38f447ce2bb","7e6b0462-e4a0-5322-8d10-c41243ea2009","25867","Xã An Long","xa_an_long","xã","1791616658326","1791616658326"
"a880cb90-9ad5-5a26-b699-6c44fb8947d6","7e6b0462-e4a0-5322-8d10-c41243ea2009","25882","Xã Phước Hòa","xa_phuoc_hoa","xã","1791616658326","1791616658326"
"a43f2b53-cbd8-50fc-96c9-5f5fe99182d6","7e6b0462-e4a0-5322-8d10-c41243ea2009","25888","Phường Tân Uyên","phuong_tan_uyen","phường","1791616658326","1791616658326"
"fccf3702-4ac9-5853-b99e-9860be63f4cc","7e6b0462-e4a0-5322-8d10-c41243ea2009","25891","Phường Tân Khánh","phuong_tan_khanh","phường","1791616658326","1791616658326"
"84a9cb62-1bd4-5a38-b093-15ad54789426","7e6b0462-e4a0-5322-8d10-c41243ea2009","25906","Xã Bắc Tân Uyên","xa_bac_tan_uyen","xã","1791616658326","1791616658326"
"85a79bea-e0bf-5c76-b27c-38644ec75159","7e6b0462-e4a0-5322-8d10-c41243ea2009","25909","Xã Thường Tân","xa_thuong_tan","xã","1791616658326","1791616658326"
"088b2ccf-2650-512e-8b25-c48e14d2eb3d","7e6b0462-e4a0-5322-8d10-c41243ea2009","25912","Phường Vĩnh Tân","phuong_vinh_tan","phường","1791616658326","1791616658326"
"0018d88f-f454-5a49-b5af-c0a3ec5b9da9","7e6b0462-e4a0-5322-8d10-c41243ea2009","25915","Phường Bình Cơ","phuong_binh_co","phường","1791616658326","1791616658326"
"ceaed942-7102-5b33-afb8-1f33ef744b7e","7e6b0462-e4a0-5322-8d10-c41243ea2009","25920","Phường Tân Hiệp","phuong_tan_hiep","phường","1791616658326","1791616658326"
"3ff43753-7492-50ca-9d08-8857f4d771d1","7e6b0462-e4a0-5322-8d10-c41243ea2009","25942","Phường Dĩ An","phuong_di_an","phường","1791616658326","1791616658326"
"7df54fa9-97e0-5402-8fc8-2a0f31be26c3","7e6b0462-e4a0-5322-8d10-c41243ea2009","25945","Phường Tân Đông Hiệp","phuong_tan_dong_hiep","phường","1791616658326","1791616658326"
"f7b327c8-71a5-522f-a3e3-2740db705d8b","7e6b0462-e4a0-5322-8d10-c41243ea2009","25951","Phường Đông Hòa","phuong_dong_hoa","phường","1791616658326","1791616658326"
"ebce1b75-6510-5415-b8a9-51a0a3d236e7","7e6b0462-e4a0-5322-8d10-c41243ea2009","25966","Phường Lái Thiêu","phuong_lai_thieu","phường","1791616658326","1791616658326"
"f9c02b62-1533-510f-aa39-0c4ea60fde37","7e6b0462-e4a0-5322-8d10-c41243ea2009","25969","Phường Thuận Giao","phuong_thuan_giao","phường","1791616658326","1791616658326"
"915c2d80-7344-50a3-a9b0-90e1f650b93b","7e6b0462-e4a0-5322-8d10-c41243ea2009","25975","Phường An Phú","phuong_an_phu","phường","1791616658326","1791616658326"
"2129b27f-dbe2-51d0-a2db-e9f2329430d1","7e6b0462-e4a0-5322-8d10-c41243ea2009","25978","Phường Thuận An","phuong_thuan_an","phường","1791616658326","1791616658326"
"74f80772-260d-560a-955d-5b886f780078","7e6b0462-e4a0-5322-8d10-c41243ea2009","25987","Phường Bình Hòa","phuong_binh_hoa","phường","1791616658326","1791616658326"
"4ca58cf3-154c-5e79-b4f6-b26a8fbaf0a7","70b6338e-b4ad-57a9-88e7-bcf5d19d4635","25993","Phường Trảng Dài","phuong_trang_dai","phường","1791616658326","1791616658326"
"4ba58943-7723-5782-9161-d152f63e76ea","70b6338e-b4ad-57a9-88e7-bcf5d19d4635","26005","Phường Hố Nai","phuong_ho_nai","phường","1791616658326","1791616658326"
"d63ea957-1e4f-518e-b5b3-adfd072fa9fb","70b6338e-b4ad-57a9-88e7-bcf5d19d4635","26017","Phường Tam Hiệp","phuong_tam_hiep","phường","1791616658326","1791616658326"
"5a2f8d5b-1a5c-53a3-9374-1a2ecc07f618","70b6338e-b4ad-57a9-88e7-bcf5d19d4635","26020","Phường Long Bình","phuong_long_binh","phường","1791616658326","1791616658326"
"1fc91861-512b-5c49-a7a1-3528f9b4d3b4","70b6338e-b4ad-57a9-88e7-bcf5d19d4635","26041","Phường Trấn Biên","phuong_tran_bien","phường","1791616658326","1791616658326"
"4749936f-ada7-5ee0-a70f-0556dabafa18","70b6338e-b4ad-57a9-88e7-bcf5d19d4635","26068","Phường Biên Hòa","phuong_bien_hoa","phường","1791616658326","1791616658326"
"87e3a62b-0cec-53e5-b0ba-678a369d0cda","70b6338e-b4ad-57a9-88e7-bcf5d19d4635","26080","Phường Long Khánh","phuong_long_khanh","phường","1791616658326","1791616658326"
"c8295961-64de-5f18-a53c-22e715b84b54","70b6338e-b4ad-57a9-88e7-bcf5d19d4635","26089","Phường Bình Lộc","phuong_binh_loc","phường","1791616658326","1791616658326"
"c0886dba-072c-5150-8d06-8c68c2f533f4","70b6338e-b4ad-57a9-88e7-bcf5d19d4635","26098","Phường Bảo Vinh","phuong_bao_vinh","phường","1791616658326","1791616658326"
"33664e6f-c810-5d4b-aacb-0699ad467e4f","70b6338e-b4ad-57a9-88e7-bcf5d19d4635","26104","Phường Xuân Lập","phuong_xuan_lap","phường","1791616658326","1791616658326"
"eba464b0-fcce-5b0d-91ab-3c1d7334c80a","70b6338e-b4ad-57a9-88e7-bcf5d19d4635","26113","Phường Hàng Gòn","phuong_hang_gon","phường","1791616658326","1791616658326"
"1cb91915-903e-53cd-9b0f-0a89748505dd","70b6338e-b4ad-57a9-88e7-bcf5d19d4635","26116","Xã Tân Phú","xa_tan_phu","xã","1791616658326","1791616658326"
"4ada2db8-4ef7-549e-843a-3a773e6c5c50","70b6338e-b4ad-57a9-88e7-bcf5d19d4635","26119","Xã Đak Lua","xa_dak_lua","xã","1791616658326","1791616658326"
"1aca2a5f-8639-5178-a114-e3a3317f98a8","70b6338e-b4ad-57a9-88e7-bcf5d19d4635","26122","Xã Nam Cát Tiên","xa_nam_cat_tien","xã","1791616658326","1791616658326"
"d7fec18a-1333-5add-9ab4-d7d68962d7e3","70b6338e-b4ad-57a9-88e7-bcf5d19d4635","26134","Xã Tà Lài","xa_ta_lai","xã","1791616658326","1791616658326"
"f10a9590-716b-5853-9337-8bcd938632d7","70b6338e-b4ad-57a9-88e7-bcf5d19d4635","26158","Xã Phú Lâm","xa_phu_lam","xã","1791616658326","1791616658326"
"256b8f41-fce8-526a-b3e5-8b849e85f07e","70b6338e-b4ad-57a9-88e7-bcf5d19d4635","26170","Xã Trị An","xa_tri_an","xã","1791616658326","1791616658326"
"24f7e40a-90d4-59c9-bfe5-48ee711495b5","70b6338e-b4ad-57a9-88e7-bcf5d19d4635","26173","Xã Phú Lý","xa_phu_ly","xã","1791616658326","1791616658326"
"2b4a1016-a61e-5653-b42d-31ce81b215cb","70b6338e-b4ad-57a9-88e7-bcf5d19d4635","26179","Xã Tân An","xa_tan_an","xã","1791616658326","1791616658326"
"14151fad-a67e-5574-a4ce-4b36adb531f4","70b6338e-b4ad-57a9-88e7-bcf5d19d4635","26188","Phường Tân Triều","phuong_tan_trieu","phường","1791616658326","1791616658326"
"9c87049a-4f7d-58e1-bee6-adcb9c896de7","70b6338e-b4ad-57a9-88e7-bcf5d19d4635","26206","Xã Định Quán","xa_dinh_quan","xã","1791616658326","1791616658326"
"53c0588c-c462-5fef-83f3-a89314d46e71","70b6338e-b4ad-57a9-88e7-bcf5d19d4635","26209","Xã Thanh Sơn","xa_thanh_son","xã","1791616658326","1791616658326"
"31d63041-a32c-57c3-a5e0-657a6ef115b6","70b6338e-b4ad-57a9-88e7-bcf5d19d4635","26215","Xã Phú Vinh","xa_phu_vinh","xã","1791616658326","1791616658326"
"c1b68de7-4be9-5914-8a5e-0020c4d541f6","70b6338e-b4ad-57a9-88e7-bcf5d19d4635","26221","Xã Phú Hòa","xa_phu_hoa","xã","1791616658326","1791616658326"
"8ee71868-3910-5100-91c3-20388f2b5416","70b6338e-b4ad-57a9-88e7-bcf5d19d4635","26227","Xã La Ngà","xa_la_nga","xã","1791616658326","1791616658326"
"5b55a9b4-981c-500f-a9de-fec49d2274bc","70b6338e-b4ad-57a9-88e7-bcf5d19d4635","26248","Xã Trảng Bom","xa_trang_bom","xã","1791616658326","1791616658326"
"e1b0652e-6c89-52ef-bf68-3b54082daefc","70b6338e-b4ad-57a9-88e7-bcf5d19d4635","26254","Xã Bàu Hàm","xa_bau_ham","xã","1791616658326","1791616658326"
"5beac9dc-b313-5f21-a30f-dafc2b6109de","70b6338e-b4ad-57a9-88e7-bcf5d19d4635","26278","Xã Bình Minh","xa_binh_minh","xã","1791616658326","1791616658326"
"dd601acc-aa9a-53c5-b147-1dc97ac6e402","70b6338e-b4ad-57a9-88e7-bcf5d19d4635","26281","Xã Hưng Thịnh","xa_hung_thinh","xã","1791616658326","1791616658326"
"9d7f473e-3845-5cc4-a5d7-9f8e7fe15428","70b6338e-b4ad-57a9-88e7-bcf5d19d4635","26296","Xã An Viễn","xa_an_vien","xã","1791616658326","1791616658326"
"67d5c482-1223-54bf-ae1c-fe72e510f31f","70b6338e-b4ad-57a9-88e7-bcf5d19d4635","26299","Xã Thống Nhất","xa_thong_nhat","xã","1791616658326","1791616658326"
"5c01e6d8-613d-5fb4-83f5-c443975ed55e","70b6338e-b4ad-57a9-88e7-bcf5d19d4635","26311","Xã Gia Kiệm","xa_gia_kiem","xã","1791616658326","1791616658326"
"71cdec23-2bc4-50db-8f2d-72f0badac139","70b6338e-b4ad-57a9-88e7-bcf5d19d4635","26326","Xã Dầu Giây","xa_dau_giay","xã","1791616658326","1791616658326"
"0dd61543-a712-5b5d-ae05-67a77782a088","70b6338e-b4ad-57a9-88e7-bcf5d19d4635","26332","Xã Xuân Quế","xa_xuan_que","xã","1791616658326","1791616658326"
"07e05298-5a0e-5ae0-9225-ae15fda40880","70b6338e-b4ad-57a9-88e7-bcf5d19d4635","26341","Xã Cẩm Mỹ","xa_cam_my","xã","1791616658326","1791616658326"
"7a041297-30aa-5d95-97c8-4471ace8e3ef","70b6338e-b4ad-57a9-88e7-bcf5d19d4635","26347","Xã Xuân Đường","xa_xuan_duong","xã","1791616658326","1791616658326"
"ebbed43c-0922-5540-89fd-22294fd91f10","70b6338e-b4ad-57a9-88e7-bcf5d19d4635","26359","Xã Xuân Đông","xa_xuan_dong","xã","1791616658326","1791616658326"
"9772619c-2870-58da-9f9e-fea5abf3d5e8","70b6338e-b4ad-57a9-88e7-bcf5d19d4635","26362","Xã Sông Ray","xa_song_ray","xã","1791616658326","1791616658326"
"4089c36e-f080-5f8b-8580-b0efa5516780","70b6338e-b4ad-57a9-88e7-bcf5d19d4635","26368","Xã Long Thành","xa_long_thanh","xã","1791616658326","1791616658326"
"9effdba6-17fe-5890-9d56-b05ad9f62b2f","70b6338e-b4ad-57a9-88e7-bcf5d19d4635","26374","Phường Tam Phước","phuong_tam_phuoc","phường","1791616658326","1791616658326"
"6218b412-f4b8-51cd-a8a1-0a352334af1d","70b6338e-b4ad-57a9-88e7-bcf5d19d4635","26377","Phường Phước Tân","phuong_phuoc_tan","phường","1791616658326","1791616658326"
"1d60f430-14f3-5f57-a3d1-e3a7f99d37b2","70b6338e-b4ad-57a9-88e7-bcf5d19d4635","26380","Phường Long Hưng","phuong_long_hung","phường","1791616658326","1791616658326"
"6271740a-5f8c-5626-b61a-2788055e58fd","70b6338e-b4ad-57a9-88e7-bcf5d19d4635","26383","Xã An Phước","xa_an_phuoc","xã","1791616658326","1791616658326"
"ce7e9a44-cf86-5308-81e6-a68a3a78c37b","70b6338e-b4ad-57a9-88e7-bcf5d19d4635","26389","Xã Bình An","xa_binh_an","xã","1791616658326","1791616658326"
"96c285e5-4767-56e5-8461-9cb1559303a0","70b6338e-b4ad-57a9-88e7-bcf5d19d4635","26413","Xã Long Phước","xa_long_phuoc","xã","1791616658326","1791616658326"
"3eaad50f-30ad-598a-aeee-20da4cda7f30","70b6338e-b4ad-57a9-88e7-bcf5d19d4635","26422","Xã Phước Thái","xa_phuoc_thai","xã","1791616658326","1791616658326"
"e0275405-bb20-56a1-aa86-efb7495ea74f","70b6338e-b4ad-57a9-88e7-bcf5d19d4635","26425","Xã Xuân Lộc","xa_xuan_loc","xã","1791616658326","1791616658326"
"af198837-f988-519c-a530-b7f780dd461b","70b6338e-b4ad-57a9-88e7-bcf5d19d4635","26428","Xã Xuân Bắc","xa_xuan_bac","xã","1791616658326","1791616658326"
"0889c504-6b45-5d4c-8a83-c5ae5a147dc7","70b6338e-b4ad-57a9-88e7-bcf5d19d4635","26434","Xã Xuân Thành","xa_xuan_thanh","xã","1791616658326","1791616658326"
"8fac6f62-704e-59d6-89d0-ccb61e5e4875","70b6338e-b4ad-57a9-88e7-bcf5d19d4635","26446","Xã Xuân Hòa","xa_xuan_hoa","xã","1791616658326","1791616658326"
"2e613530-c9c6-52e4-a42a-7eed2bb3e9a4","70b6338e-b4ad-57a9-88e7-bcf5d19d4635","26458","Xã Xuân Phú","xa_xuan_phu","xã","1791616658326","1791616658326"
"e2fbe860-59b6-5fbd-80b2-70d233f648a6","70b6338e-b4ad-57a9-88e7-bcf5d19d4635","26461","Xã Xuân Định","xa_xuan_dinh","xã","1791616658326","1791616658326"
"4da93cfe-cae1-5b3c-958f-d6b5001a863a","70b6338e-b4ad-57a9-88e7-bcf5d19d4635","26485","Xã Nhơn Trạch","xa_nhon_trach","xã","1791616658326","1791616658326"
"f4e7d335-37ae-5bb3-ba3f-9ba953c9ee69","70b6338e-b4ad-57a9-88e7-bcf5d19d4635","26491","Xã Đại Phước","xa_dai_phuoc","xã","1791616658326","1791616658326"
"cde64d75-e6e7-53b7-9762-4133a691e363","70b6338e-b4ad-57a9-88e7-bcf5d19d4635","26503","Xã Phước An","xa_phuoc_an","xã","1791616658326","1791616658326"
"e293ea9e-1915-5293-821e-343026c3d0c2","7e6b0462-e4a0-5322-8d10-c41243ea2009","26506","Phường Vũng Tàu","phuong_vung_tau","phường","1791616658326","1791616658326"
"5f4ec036-9c17-5033-840e-8887045c2449","7e6b0462-e4a0-5322-8d10-c41243ea2009","26526","Phường Tam Thắng","phuong_tam_thang","phường","1791616658326","1791616658326"
"d12d6996-7db4-59a8-b1ea-c77119be178f","7e6b0462-e4a0-5322-8d10-c41243ea2009","26536","Phường Rạch Dừa","phuong_rach_dua","phường","1791616658326","1791616658326"
"c8af4678-9672-5dea-ace2-96a72cbf9e49","7e6b0462-e4a0-5322-8d10-c41243ea2009","26542","Phường Phước Thắng","phuong_phuoc_thang","phường","1791616658326","1791616658326"
"073d7c29-5108-5dcb-a956-1417a8171f70","7e6b0462-e4a0-5322-8d10-c41243ea2009","26545","Xã Long Sơn","xa_long_son","xã","1791616658326","1791616658326"
"4d149bc6-2f39-5549-926b-1f4e1a7c20a5","7e6b0462-e4a0-5322-8d10-c41243ea2009","26560","Phường Bà Rịa","phuong_ba_ria","phường","1791616658326","1791616658326"
"d691cd7f-3c2f-59c2-964b-0463ca73126f","7e6b0462-e4a0-5322-8d10-c41243ea2009","26566","Phường Long Hương","phuong_long_huong","phường","1791616658326","1791616658326"
"e8b1d2f8-8bb0-5752-b463-6af112168e29","7e6b0462-e4a0-5322-8d10-c41243ea2009","26572","Phường Tam Long","phuong_tam_long","phường","1791616658326","1791616658326"
"b8bb71fc-81e1-599a-b6b2-8952719314cc","7e6b0462-e4a0-5322-8d10-c41243ea2009","26575","Xã Ngãi Giao","xa_ngai_giao","xã","1791616658326","1791616658326"
"66094d53-82de-5c74-b6bc-58ea7de19253","7e6b0462-e4a0-5322-8d10-c41243ea2009","26584","Xã Xuân Sơn","xa_xuan_son","xã","1791616658326","1791616658326"
"122f5139-2e49-5f01-a82e-9988e40eb907","7e6b0462-e4a0-5322-8d10-c41243ea2009","26590","Xã Bình Giã","xa_binh_gia","xã","1791616658326","1791616658326"
"8ae7df25-5536-59a2-923c-234ada914641","7e6b0462-e4a0-5322-8d10-c41243ea2009","26596","Xã Châu Đức","xa_chau_duc","xã","1791616658326","1791616658326"
"0e7b817a-64a2-5377-88c5-3c26099efe5f","7e6b0462-e4a0-5322-8d10-c41243ea2009","26608","Xã Kim Long","xa_kim_long","xã","1791616658326","1791616658326"
"7a04d178-dc09-579a-8cd2-7acddd767f22","7e6b0462-e4a0-5322-8d10-c41243ea2009","26617","Xã Nghĩa Thành","xa_nghia_thanh","xã","1791616658326","1791616658326"
"ede04a53-ba68-533c-af14-5935bc73090f","7e6b0462-e4a0-5322-8d10-c41243ea2009","26620","Xã Hồ Tràm","xa_ho_tram","xã","1791616658326","1791616658326"
"2eda61a0-f070-51bb-a872-49c1e31fc573","7e6b0462-e4a0-5322-8d10-c41243ea2009","26632","Xã Xuyên Mộc","xa_xuyen_moc","xã","1791616658326","1791616658326"
"6eae958b-604f-593b-8333-b0246551f6b2","7e6b0462-e4a0-5322-8d10-c41243ea2009","26638","Xã Bàu Lâm","xa_bau_lam","xã","1791616658326","1791616658326"
"8d7c3ca7-24b6-5dfd-870a-56fde963346f","7e6b0462-e4a0-5322-8d10-c41243ea2009","26641","Xã Hòa Hội","xa_hoa_hoi","xã","1791616658326","1791616658326"
"96f5baf8-c9f5-5df7-a5fa-5964bdc7af27","7e6b0462-e4a0-5322-8d10-c41243ea2009","26647","Xã Hòa Hiệp","xa_hoa_hiep","xã","1791616658326","1791616658326"
"3b04b1a8-3107-5ebc-a5a5-2963df14a213","7e6b0462-e4a0-5322-8d10-c41243ea2009","26656","Xã Bình Châu","xa_binh_chau","xã","1791616658326","1791616658326"
"9d7296c3-2c37-58e9-941f-cccd18d80e43","7e6b0462-e4a0-5322-8d10-c41243ea2009","26659","Xã Long Điền","xa_long_dien","xã","1791616658326","1791616658326"
"577e0ca9-f12d-55a0-b1b0-0eaba0eaeb43","7e6b0462-e4a0-5322-8d10-c41243ea2009","26662","Xã Long Hải","xa_long_hai","xã","1791616658326","1791616658326"
"bf383d6b-754a-5cbc-a04f-6acffc7f5298","7e6b0462-e4a0-5322-8d10-c41243ea2009","26680","Xã Đất Đỏ","xa_dat_do","xã","1791616658326","1791616658326"
"1d7ab3ab-bd60-5d5d-9e4a-3e41e4173478","7e6b0462-e4a0-5322-8d10-c41243ea2009","26686","Xã Phước Hải","xa_phuoc_hai","xã","1791616658326","1791616658326"
"64781c8a-1b27-51f7-b923-7226b673fdb0","7e6b0462-e4a0-5322-8d10-c41243ea2009","26704","Phường Phú Mỹ","phuong_phu_my","phường","1791616658326","1791616658326"
"bbe50637-b261-55df-94f2-87c3ba4121f4","7e6b0462-e4a0-5322-8d10-c41243ea2009","26710","Phường Tân Hải","phuong_tan_hai","phường","1791616658326","1791616658326"
"5a54e3c3-f3ea-5d2c-8906-3643571f870e","7e6b0462-e4a0-5322-8d10-c41243ea2009","26713","Phường Tân Phước","phuong_tan_phuoc","phường","1791616658326","1791616658326"
"2675d381-4e6a-5aeb-aa37-54b247843841","7e6b0462-e4a0-5322-8d10-c41243ea2009","26725","Phường Tân Thành","phuong_tan_thanh","phường","1791616658326","1791616658326"
"138b0756-fa96-5f04-b45f-ffc25da26fba","7e6b0462-e4a0-5322-8d10-c41243ea2009","26728","Xã Châu Pha","xa_chau_pha","xã","1791616658326","1791616658326"
"dce02ec1-999f-5d7c-8eb2-ecc4aa6c4e92","7e6b0462-e4a0-5322-8d10-c41243ea2009","26732","Đặc khu Côn Đảo","dac_khu_con_dao","đặc khu","1791616658326","1791616658326"
"8ddf4535-42a9-5448-bf21-abc24bdbcc4d","7e6b0462-e4a0-5322-8d10-c41243ea2009","26737","Phường Tân Định","phuong_tan_dinh","phường","1791616658326","1791616658326"
"c6a8e71b-7dcd-5c27-9b85-9c9b104e23e3","7e6b0462-e4a0-5322-8d10-c41243ea2009","26740","Phường Sài Gòn","phuong_sai_gon","phường","1791616658326","1791616658326"
"3ea44625-183f-51ba-94df-bcb24fe41d36","7e6b0462-e4a0-5322-8d10-c41243ea2009","26743","Phường Bến Thành","phuong_ben_thanh","phường","1791616658326","1791616658326"
"d4bef599-53df-590f-a3ac-60d0b0c028d4","7e6b0462-e4a0-5322-8d10-c41243ea2009","26758","Phường Cầu Ông Lãnh","phuong_cau_ong_lanh","phường","1791616658326","1791616658326"
"f39f9d78-eaaa-592a-9559-cda48a9cec8a","7e6b0462-e4a0-5322-8d10-c41243ea2009","26767","Phường An Phú Đông","phuong_an_phu_dong","phường","1791616658326","1791616658326"
"e99f6a68-b319-572b-b623-9928f1ad2bd2","7e6b0462-e4a0-5322-8d10-c41243ea2009","26773","Phường Thới An","phuong_thoi_an","phường","1791616658326","1791616658326"
"7e6b5a24-7b90-5de2-a6c1-900588a03bc3","7e6b0462-e4a0-5322-8d10-c41243ea2009","26782","Phường Tân Thới Hiệp","phuong_tan_thoi_hiep","phường","1791616658326","1791616658326"
"3376ba8b-75e3-5a4f-9e54-9d02c5510190","7e6b0462-e4a0-5322-8d10-c41243ea2009","26785","Phường Trung Mỹ Tây","phuong_trung_my_tay","phường","1791616658326","1791616658326"
"2a762a38-0e24-5f13-a392-c319d99420fb","7e6b0462-e4a0-5322-8d10-c41243ea2009","26791","Phường Đông Hưng Thuận","phuong_dong_hung_thuan","phường","1791616658326","1791616658326"
"fba0b5da-aec7-541e-9001-42630c135754","7e6b0462-e4a0-5322-8d10-c41243ea2009","26800","Phường Linh Xuân","phuong_linh_xuan","phường","1791616658326","1791616658326"
"458f16f1-2e34-52d6-b114-c098321fe775","7e6b0462-e4a0-5322-8d10-c41243ea2009","26803","Phường Tam Bình","phuong_tam_binh","phường","1791616658326","1791616658326"
"3280dbf5-557d-5b4e-9b5f-46183bea30d8","7e6b0462-e4a0-5322-8d10-c41243ea2009","26809","Phường Hiệp Bình","phuong_hiep_binh","phường","1791616658326","1791616658326"
"0c97dbd2-685d-5502-acca-66d682f9af39","7e6b0462-e4a0-5322-8d10-c41243ea2009","26824","Phường Thủ Đức","phuong_thu_duc","phường","1791616658326","1791616658326"
"099844a7-e7b6-5637-b8ea-af46de81a179","7e6b0462-e4a0-5322-8d10-c41243ea2009","26833","Phường Long Bình","phuong_long_binh","phường","1791616658326","1791616658326"
"db8f8e57-e5bb-56bc-8d8e-d5b23a8f2624","7e6b0462-e4a0-5322-8d10-c41243ea2009","26842","Phường Tăng Nhơn Phú","phuong_tang_nhon_phu","phường","1791616658326","1791616658326"
"27b1c9cd-09ae-5bba-8ce4-3e984b2d8dec","7e6b0462-e4a0-5322-8d10-c41243ea2009","26848","Phường Phước Long","phuong_phuoc_long","phường","1791616658326","1791616658326"
"3e4ee8f5-1836-5042-8adf-bf7d4fd6acd7","7e6b0462-e4a0-5322-8d10-c41243ea2009","26857","Phường Long Phước","phuong_long_phuoc","phường","1791616658326","1791616658326"
"1bccb05f-c2d7-56eb-8bed-4af898d3b8cd","7e6b0462-e4a0-5322-8d10-c41243ea2009","26860","Phường Long Trường","phuong_long_truong","phường","1791616658326","1791616658326"
"87f699c0-9c45-533c-a7b3-842f42adeb39","7e6b0462-e4a0-5322-8d10-c41243ea2009","26876","Phường An Nhơn","phuong_an_nhon","phường","1791616658326","1791616658326"
"4c7a3c81-ec19-5720-9087-65e08a0f7e45","7e6b0462-e4a0-5322-8d10-c41243ea2009","26878","Phường An Hội Đông","phuong_an_hoi_dong","phường","1791616658326","1791616658326"
"103eafd1-bc87-581c-8323-12b6cadb6601","7e6b0462-e4a0-5322-8d10-c41243ea2009","26882","Phường An Hội Tây","phuong_an_hoi_tay","phường","1791616658326","1791616658326"
"9fc80c0d-8c79-5aec-9530-6cd5f6f357c1","7e6b0462-e4a0-5322-8d10-c41243ea2009","26884","Phường Gò Vấp","phuong_go_vap","phường","1791616658326","1791616658326"
"73cbe7bd-0ffa-5adc-bd8f-666accf4d418","7e6b0462-e4a0-5322-8d10-c41243ea2009","26890","Phường Hạnh Thông","phuong_hanh_thong","phường","1791616658326","1791616658326"
"2934bb64-2891-59cd-bfdc-ee0de5ad5c29","7e6b0462-e4a0-5322-8d10-c41243ea2009","26898","Phường Thông Tây Hội","phuong_thong_tay_hoi","phường","1791616658326","1791616658326"
"899082a9-7931-514e-b0c5-da83096d53b5","7e6b0462-e4a0-5322-8d10-c41243ea2009","26905","Phường Bình Lợi Trung","phuong_binh_loi_trung","phường","1791616658326","1791616658326"
"466b7c83-b003-5fd5-944e-9abe8cd5d31b","7e6b0462-e4a0-5322-8d10-c41243ea2009","26911","Phường Bình Quới","phuong_binh_quoi","phường","1791616658326","1791616658326"
"adb349e8-459e-5d40-8def-a8f44bf3330f","7e6b0462-e4a0-5322-8d10-c41243ea2009","26929","Phường Bình Thạnh","phuong_binh_thanh","phường","1791616658326","1791616658326"
"8064472c-372a-5c93-b985-77821b5b4828","7e6b0462-e4a0-5322-8d10-c41243ea2009","26944","Phường Gia Định","phuong_gia_dinh","phường","1791616658326","1791616658326"
"5ba3f418-ee0e-596d-b3d3-961abf2b1f9b","7e6b0462-e4a0-5322-8d10-c41243ea2009","26956","Phường Thạnh Mỹ Tây","phuong_thanh_my_tay","phường","1791616658326","1791616658326"
"613255bb-6243-5069-a59e-1ab53f1ee673","7e6b0462-e4a0-5322-8d10-c41243ea2009","26968","Phường Tân Sơn Nhất","phuong_tan_son_nhat","phường","1791616658326","1791616658326"
"703b41ef-72bb-5dd9-89f3-ae01cbe02ac7","7e6b0462-e4a0-5322-8d10-c41243ea2009","26977","Phường Tân Sơn Hòa","phuong_tan_son_hoa","phường","1791616658326","1791616658326"
"fa32c725-106b-523f-9024-511b539d4b8d","7e6b0462-e4a0-5322-8d10-c41243ea2009","26983","Phường Bảy Hiền","phuong_bay_hien","phường","1791616658326","1791616658326"
"31c51537-c367-5bca-86ce-52c45861f284","7e6b0462-e4a0-5322-8d10-c41243ea2009","26995","Phường Tân Hòa","phuong_tan_hoa","phường","1791616658326","1791616658326"
"be899242-c1b3-57f9-ab14-6cd5a2350345","7e6b0462-e4a0-5322-8d10-c41243ea2009","27004","Phường Tân Bình","phuong_tan_binh","phường","1791616658326","1791616658326"
"0e347d65-6d7f-5f8f-828f-03dd52922950","7e6b0462-e4a0-5322-8d10-c41243ea2009","27007","Phường Tân Sơn","phuong_tan_son","phường","1791616658326","1791616658326"
"eea6ee21-857a-5d14-b209-1d3444e0700b","7e6b0462-e4a0-5322-8d10-c41243ea2009","27013","Phường Tây Thạnh","phuong_tay_thanh","phường","1791616658326","1791616658326"
"af70bedd-ecbb-5506-8c3b-4250a7a9f280","7e6b0462-e4a0-5322-8d10-c41243ea2009","27019","Phường Tân Sơn Nhì","phuong_tan_son_nhi","phường","1791616658326","1791616658326"
"d84c4000-f00e-5be6-ae02-b562ff494b97","7e6b0462-e4a0-5322-8d10-c41243ea2009","27022","Phường Phú Thọ Hòa","phuong_phu_tho_hoa","phường","1791616658326","1791616658326"
"c7cbed78-99e9-5623-9e5e-0945b0e04485","7e6b0462-e4a0-5322-8d10-c41243ea2009","27028","Phường Phú Thạnh","phuong_phu_thanh","phường","1791616658326","1791616658326"
"c3f31867-ee3a-572e-901c-d6ba9500d9d5","7e6b0462-e4a0-5322-8d10-c41243ea2009","27031","Phường Tân Phú","phuong_tan_phu","phường","1791616658326","1791616658326"
"1882231e-8dad-5106-9cfc-ed5edd85ef8c","7e6b0462-e4a0-5322-8d10-c41243ea2009","27043","Phường Đức Nhuận","phuong_duc_nhuan","phường","1791616658326","1791616658326"
"b4438c34-cc80-5100-bebc-397a13b3f885","7e6b0462-e4a0-5322-8d10-c41243ea2009","27058","Phường Cầu Kiệu","phuong_cau_kieu","phường","1791616658326","1791616658326"
"f096152b-1752-592a-9f2c-7e679a7ab205","7e6b0462-e4a0-5322-8d10-c41243ea2009","27073","Phường Phú Nhuận","phuong_phu_nhuan","phường","1791616658326","1791616658326"
"405d17e9-dee7-57a8-8e1c-ce9d946c8570","7e6b0462-e4a0-5322-8d10-c41243ea2009","27094","Phường An Khánh","phuong_an_khanh","phường","1791616658326","1791616658326"
"728a45b7-c93b-54e5-874c-4a24f04a8706","7e6b0462-e4a0-5322-8d10-c41243ea2009","27097","Phường Bình Trưng","phuong_binh_trung","phường","1791616658326","1791616658326"
"ee5b9cfb-7b74-521b-8671-d5a57ae56024","7e6b0462-e4a0-5322-8d10-c41243ea2009","27112","Phường Cát Lái","phuong_cat_lai","phường","1791616658326","1791616658326"
"7c5dbd25-cb09-5821-9a7d-29c2be87bd2b","7e6b0462-e4a0-5322-8d10-c41243ea2009","27139","Phường Xuân Hòa","phuong_xuan_hoa","phường","1791616658326","1791616658326"
"a7b4cac0-1448-5ec6-a188-e5d587e5b687","7e6b0462-e4a0-5322-8d10-c41243ea2009","27142","Phường Nhiêu Lộc","phuong_nhieu_loc","phường","1791616658326","1791616658326"
"47a1c04c-60f8-5298-8a0b-f07485e4b74d","7e6b0462-e4a0-5322-8d10-c41243ea2009","27154","Phường Bàn Cờ","phuong_ban_co","phường","1791616658326","1791616658326"
"79d150c9-bf54-561c-8e51-b3ee4f199ba1","7e6b0462-e4a0-5322-8d10-c41243ea2009","27163","Phường Hòa Hưng","phuong_hoa_hung","phường","1791616658326","1791616658326"
"bdc9305d-b875-5c04-b362-2fa77732d22e","7e6b0462-e4a0-5322-8d10-c41243ea2009","27169","Phường Diên Hồng","phuong_dien_hong","phường","1791616658326","1791616658326"
"86c342ce-53ed-5026-b65a-78516dc5a0f3","7e6b0462-e4a0-5322-8d10-c41243ea2009","27190","Phường Vườn Lài","phuong_vuon_lai","phường","1791616658326","1791616658326"
"ad45d404-ae61-5001-98bd-1749c5049cb2","7e6b0462-e4a0-5322-8d10-c41243ea2009","27211","Phường Hòa Bình","phuong_hoa_binh","phường","1791616658326","1791616658326"
"7d34283f-afe6-5b31-aa33-cf45b17b4d8e","7e6b0462-e4a0-5322-8d10-c41243ea2009","27226","Phường Phú Thọ","phuong_phu_tho","phường","1791616658326","1791616658326"
"c2e1bad0-710b-5aaf-9b1f-e088111310e6","7e6b0462-e4a0-5322-8d10-c41243ea2009","27232","Phường Bình Thới","phuong_binh_thoi","phường","1791616658326","1791616658326"
"6855347a-41b1-5b37-8de1-802c64c5a158","7e6b0462-e4a0-5322-8d10-c41243ea2009","27238","Phường Minh Phụng","phuong_minh_phung","phường","1791616658326","1791616658326"
"bafd25d2-33be-5d9a-83c7-29f2387f1a41","7e6b0462-e4a0-5322-8d10-c41243ea2009","27259","Phường Xóm Chiếu","phuong_xom_chieu","phường","1791616658326","1791616658326"
"9e6301d8-69d7-5a3d-9d2f-dc85ab93c29c","7e6b0462-e4a0-5322-8d10-c41243ea2009","27265","Phường Khánh Hội","phuong_khanh_hoi","phường","1791616658326","1791616658326"
"3c732011-d84a-51e1-845d-d84148be49d5","7e6b0462-e4a0-5322-8d10-c41243ea2009","27286","Phường Vĩnh Hội","phuong_vinh_hoi","phường","1791616658326","1791616658326"
"57cc4065-7aba-506a-b2a5-6c7d820c3c66","7e6b0462-e4a0-5322-8d10-c41243ea2009","27301","Phường Chợ Quán","phuong_cho_quan","phường","1791616658326","1791616658326"
"80d31aab-46e2-5c78-a46b-5947e50c05d5","7e6b0462-e4a0-5322-8d10-c41243ea2009","27316","Phường An Đông","phuong_an_dong","phường","1791616658326","1791616658326"
"38dd79e5-aad1-5c61-839f-242c39bc43fd","7e6b0462-e4a0-5322-8d10-c41243ea2009","27343","Phường Chợ Lớn","phuong_cho_lon","phường","1791616658326","1791616658326"
"a2594daf-87c7-578e-9af9-6eab47059ef6","7e6b0462-e4a0-5322-8d10-c41243ea2009","27349","Phường Phú Lâm","phuong_phu_lam","phường","1791616658326","1791616658326"
"16d21e3c-ed0e-5b49-8dda-b4bc4925f939","7e6b0462-e4a0-5322-8d10-c41243ea2009","27364","Phường Bình Phú","phuong_binh_phu","phường","1791616658326","1791616658326"
"3f4b4117-7d92-56e6-8125-4d59cb0d6063","7e6b0462-e4a0-5322-8d10-c41243ea2009","27367","Phường Bình Tây","phuong_binh_tay","phường","1791616658326","1791616658326"
"5fe8a650-8239-5acf-aa71-c121e6aec994","7e6b0462-e4a0-5322-8d10-c41243ea2009","27373","Phường Bình Tiên","phuong_binh_tien","phường","1791616658326","1791616658326"
"7540e3b3-efdc-5b2e-9e77-4cf2df37311a","7e6b0462-e4a0-5322-8d10-c41243ea2009","27418","Phường Chánh Hưng","phuong_chanh_hung","phường","1791616658326","1791616658326"
"4b846761-7676-558c-88f2-de58170f209d","7e6b0462-e4a0-5322-8d10-c41243ea2009","27424","Phường Bình Đông","phuong_binh_dong","phường","1791616658326","1791616658326"
"b02a113f-770e-50c8-8f8b-9f39349e8100","7e6b0462-e4a0-5322-8d10-c41243ea2009","27427","Phường Phú Định","phuong_phu_dinh","phường","1791616658326","1791616658326"
"d20babdb-ab11-54b3-a3c9-c5c7c085663e","7e6b0462-e4a0-5322-8d10-c41243ea2009","27439","Phường Bình Hưng Hòa","phuong_binh_hung_hoa","phường","1791616658326","1791616658326"
"d66f5f22-1449-57a7-b42a-83d94f19cc68","7e6b0462-e4a0-5322-8d10-c41243ea2009","27442","Phường Bình Tân","phuong_binh_tan","phường","1791616658326","1791616658326"
"6590c0da-f958-5180-8410-3750ee700c4e","7e6b0462-e4a0-5322-8d10-c41243ea2009","27448","Phường Bình Trị Đông","phuong_binh_tri_dong","phường","1791616658326","1791616658326"
"ddbb6b2f-51fc-5576-b417-d85a15f1e706","7e6b0462-e4a0-5322-8d10-c41243ea2009","27457","Phường Tân Tạo","phuong_tan_tao","phường","1791616658326","1791616658326"
"6908e200-58cb-5744-b1f2-3af7e1052701","7e6b0462-e4a0-5322-8d10-c41243ea2009","27460","Phường An Lạc","phuong_an_lac","phường","1791616658326","1791616658326"
"52115dfc-5d68-5392-a5a8-6d701af2c9bf","7e6b0462-e4a0-5322-8d10-c41243ea2009","27475","Phường Tân Hưng","phuong_tan_hung","phường","1791616658326","1791616658326"
"2e7d3712-d1c8-5b6c-817d-c442ed880bd0","7e6b0462-e4a0-5322-8d10-c41243ea2009","27478","Phường Tân Thuận","phuong_tan_thuan","phường","1791616658326","1791616658326"
"98f0734a-860b-5418-a02a-e0084c226ca1","7e6b0462-e4a0-5322-8d10-c41243ea2009","27484","Phường Phú Thuận","phuong_phu_thuan","phường","1791616658326","1791616658326"
"2acd723d-7a84-52bf-b7b9-bb1dad0287b9","7e6b0462-e4a0-5322-8d10-c41243ea2009","27487","Phường Tân Mỹ","phuong_tan_my","phường","1791616658326","1791616658326"
"40cd2934-41ba-5e96-89a4-40792be05cc6","7e6b0462-e4a0-5322-8d10-c41243ea2009","27496","Xã Tân An Hội","xa_tan_an_hoi","xã","1791616658326","1791616658326"
"4b8d21ac-954d-529b-828d-96a0d0439dd9","7e6b0462-e4a0-5322-8d10-c41243ea2009","27508","Xã An Nhơn Tây","xa_an_nhon_tay","xã","1791616658326","1791616658326"
"4639f7cb-54b8-5226-a2c8-38044c5f562a","7e6b0462-e4a0-5322-8d10-c41243ea2009","27511","Xã Nhuận Đức","xa_nhuan_duc","xã","1791616658326","1791616658326"
"0852bd28-b094-5c28-98f6-514243293848","7e6b0462-e4a0-5322-8d10-c41243ea2009","27526","Xã Thái Mỹ","xa_thai_my","xã","1791616658326","1791616658326"
"5aa295ca-f81b-50e3-a353-c91981cfeeb3","7e6b0462-e4a0-5322-8d10-c41243ea2009","27541","Xã Phú Hòa Đông","xa_phu_hoa_dong","xã","1791616658326","1791616658326"
"37fb10b7-e0bd-57de-9f19-1faef58cb916","7e6b0462-e4a0-5322-8d10-c41243ea2009","27544","Xã Bình Mỹ","xa_binh_my","xã","1791616658326","1791616658326"
"1e24110c-feb3-5627-adc7-d907c2de1593","7e6b0462-e4a0-5322-8d10-c41243ea2009","27553","Xã Củ Chi","xa_cu_chi","xã","1791616658326","1791616658326"
"cdea8c98-987d-5c59-93c7-0c83dca130d5","7e6b0462-e4a0-5322-8d10-c41243ea2009","27559","Xã Hóc Môn","xa_hoc_mon","xã","1791616658326","1791616658326"
"0389c900-af41-5609-b620-3ee627d3267d","7e6b0462-e4a0-5322-8d10-c41243ea2009","27568","Xã Đông Thạnh","xa_dong_thanh","xã","1791616658326","1791616658326"
"6935ef3b-a435-52e8-bfa0-40a0b028640e","7e6b0462-e4a0-5322-8d10-c41243ea2009","27577","Xã Xuân Thới Sơn","xa_xuan_thoi_son","xã","1791616658326","1791616658326"
"b7c87832-fb2b-55b3-bc0e-2432a3551b81","7e6b0462-e4a0-5322-8d10-c41243ea2009","27592","Xã Bà Điểm","xa_ba_diem","xã","1791616658326","1791616658326"
"a6e22c85-376d-56cc-b27b-72677e7b9840","7e6b0462-e4a0-5322-8d10-c41243ea2009","27595","Xã Tân Nhựt","xa_tan_nhut","xã","1791616658326","1791616658326"
"da298f6e-cd9c-572a-baf3-26f8275334d0","7e6b0462-e4a0-5322-8d10-c41243ea2009","27601","Xã Vĩnh Lộc","xa_vinh_loc","xã","1791616658326","1791616658326"
"940e6650-dc4a-582c-bfbc-d002ec00bb0d","7e6b0462-e4a0-5322-8d10-c41243ea2009","27604","Xã Tân Vĩnh Lộc","xa_tan_vinh_loc","xã","1791616658326","1791616658326"
"09bfabe3-34ae-533d-bf33-7c08cc930a01","7e6b0462-e4a0-5322-8d10-c41243ea2009","27610","Xã Bình Lợi","xa_binh_loi","xã","1791616658326","1791616658326"
"6fdc340a-1b3b-5f93-8706-bbc29face124","7e6b0462-e4a0-5322-8d10-c41243ea2009","27619","Xã Bình Hưng","xa_binh_hung","xã","1791616658326","1791616658326"
"75f54b3d-afdb-5940-af5b-af6e90bf28b4","7e6b0462-e4a0-5322-8d10-c41243ea2009","27628","Xã Hưng Long","xa_hung_long","xã","1791616658326","1791616658326"
"632583b7-be63-5451-ba44-bf03553fe73f","7e6b0462-e4a0-5322-8d10-c41243ea2009","27637","Xã Bình Chánh","xa_binh_chanh","xã","1791616658326","1791616658326"
"b22c1501-c0dc-54ec-b7f7-61a853827593","7e6b0462-e4a0-5322-8d10-c41243ea2009","27655","Xã Nhà Bè","xa_nha_be","xã","1791616658326","1791616658326"
"6781ec7a-4391-54f8-9982-28508e02e483","7e6b0462-e4a0-5322-8d10-c41243ea2009","27658","Xã Hiệp Phước","xa_hiep_phuoc","xã","1791616658326","1791616658326"
"7253fe0f-a5e1-505c-ba62-1b4f7a76e50a","7e6b0462-e4a0-5322-8d10-c41243ea2009","27664","Xã Cần Giờ","xa_can_gio","xã","1791616658326","1791616658326"
"9cefcce4-2904-5a56-ac9d-d75ffa1bf8d5","7e6b0462-e4a0-5322-8d10-c41243ea2009","27667","Xã Bình Khánh","xa_binh_khanh","xã","1791616658326","1791616658326"
"24be0a6c-d9b2-503c-adf5-cc3c87ad0702","7e6b0462-e4a0-5322-8d10-c41243ea2009","27673","Xã An Thới Đông","xa_an_thoi_dong","xã","1791616658326","1791616658326"
"fc09f64b-dfc2-5101-b6ef-480fc2cbe1ce","7e6b0462-e4a0-5322-8d10-c41243ea2009","27676","Xã Thạnh An","xa_thanh_an","xã","1791616658326","1791616658326"
"c96157dc-ee6c-58d0-8622-e7b9c96dfa7b","611a8f28-f52c-5223-9db6-45d87ae328e8","27694","Phường Long An","phuong_long_an","phường","1791616658326","1791616658326"
"68c1c021-0be3-5d55-b165-4ff1f8fd10e2","611a8f28-f52c-5223-9db6-45d87ae328e8","27712","Phường Tân An","phuong_tan_an","phường","1791616658326","1791616658326"
"b4706a3f-c4dd-57d4-bc39-10eec0cb6860","611a8f28-f52c-5223-9db6-45d87ae328e8","27715","Phường Khánh Hậu","phuong_khanh_hau","phường","1791616658326","1791616658326"
"f1f74e6a-61a2-5be7-a7fd-99d1788617e0","611a8f28-f52c-5223-9db6-45d87ae328e8","27721","Xã Tân Hưng","xa_tan_hung","xã","1791616658326","1791616658326"
"aa453e21-c1e5-54b3-8153-c231a803666e","611a8f28-f52c-5223-9db6-45d87ae328e8","27727","Xã Hưng Điền","xa_hung_dien","xã","1791616658326","1791616658326"
"f4ece1cf-3aba-53b2-9e90-7a68eeb5140b","611a8f28-f52c-5223-9db6-45d87ae328e8","27736","Xã Vĩnh Thạnh","xa_vinh_thanh","xã","1791616658326","1791616658326"
"68c2dbdc-4c3a-52a9-b562-f9e7dae2b832","611a8f28-f52c-5223-9db6-45d87ae328e8","27748","Xã Vĩnh Châu","xa_vinh_chau","xã","1791616658326","1791616658326"
"a65a2125-9849-5fa8-a1af-6fde1d00bdc9","611a8f28-f52c-5223-9db6-45d87ae328e8","27757","Xã Vĩnh Hưng","xa_vinh_hung","xã","1791616658326","1791616658326"
"faeb2e1a-62b3-5cf5-bb75-546f134fb71d","611a8f28-f52c-5223-9db6-45d87ae328e8","27763","Xã Khánh Hưng","xa_khanh_hung","xã","1791616658326","1791616658326"
"3c6efd7e-75a3-5b80-8277-a47277806d50","611a8f28-f52c-5223-9db6-45d87ae328e8","27775","Xã Tuyên Bình","xa_tuyen_binh","xã","1791616658326","1791616658326"
"20196066-41af-5aeb-8668-4e5ba46f9865","611a8f28-f52c-5223-9db6-45d87ae328e8","27787","Phường Kiến Tường","phuong_kien_tuong","phường","1791616658326","1791616658326"
"fcb86b8d-a304-504f-93a6-ff1f98f0282d","611a8f28-f52c-5223-9db6-45d87ae328e8","27793","Xã Bình Hiệp","xa_binh_hiep","xã","1791616658326","1791616658326"
"8c01f19e-3c01-5736-8172-255f157d07a9","611a8f28-f52c-5223-9db6-45d87ae328e8","27811","Xã Bình Hòa","xa_binh_hoa","xã","1791616658326","1791616658326"
"bd1d0980-2444-59a4-bce1-88b8e04ae0a4","611a8f28-f52c-5223-9db6-45d87ae328e8","27817","Xã Tuyên Thạnh","xa_tuyen_thanh","xã","1791616658326","1791616658326"
"4ef7576c-2ff6-5dd9-9262-63565075b014","611a8f28-f52c-5223-9db6-45d87ae328e8","27823","Xã Mộc Hóa","xa_moc_hoa","xã","1791616658326","1791616658326"
"0c3a1255-00e6-57fe-994c-d09c71f5c94d","611a8f28-f52c-5223-9db6-45d87ae328e8","27826","Xã Tân Thạnh","xa_tan_thanh","xã","1791616658326","1791616658326"
"c01dc9a3-ae64-54f6-ac6b-1083fe18ca03","611a8f28-f52c-5223-9db6-45d87ae328e8","27838","Xã Nhơn Hòa Lập","xa_nhon_hoa_lap","xã","1791616658326","1791616658326"
"93e6e6ef-5f28-5444-bfe8-1c433aead5a7","611a8f28-f52c-5223-9db6-45d87ae328e8","27841","Xã Hậu Thạnh","xa_hau_thanh","xã","1791616658326","1791616658326"
"7686878a-42f6-54a5-b170-8e6a9a69c231","611a8f28-f52c-5223-9db6-45d87ae328e8","27856","Xã Nhơn Ninh","xa_nhon_ninh","xã","1791616658326","1791616658326"
"f1d3222f-7bfb-562c-84ce-c67e9f7a2d7f","611a8f28-f52c-5223-9db6-45d87ae328e8","27865","Xã Thạnh Hóa","xa_thanh_hoa","xã","1791616658326","1791616658326"
"6b029be4-5d69-56ac-b53d-90885aa94e45","611a8f28-f52c-5223-9db6-45d87ae328e8","27868","Xã Bình Thành","xa_binh_thanh","xã","1791616658326","1791616658326"
"4cbe6130-7890-53b7-899d-36e731468d37","611a8f28-f52c-5223-9db6-45d87ae328e8","27877","Xã Thạnh Phước","xa_thanh_phuoc","xã","1791616658326","1791616658326"
"2dfd8817-89d3-5fc5-b79b-516b3ee54862","611a8f28-f52c-5223-9db6-45d87ae328e8","27889","Xã Tân Tây","xa_tan_tay","xã","1791616658326","1791616658326"
"3e0d8f7c-7577-5000-8772-2562ddec6523","611a8f28-f52c-5223-9db6-45d87ae328e8","27898","Xã Đông Thành","xa_dong_thanh","xã","1791616658326","1791616658326"
"0b9001aa-be04-5fea-a29c-9bf2869dcaf4","611a8f28-f52c-5223-9db6-45d87ae328e8","27907","Xã Mỹ Quý","xa_my_quy","xã","1791616658326","1791616658326"
"25a5223f-1242-5552-952e-dc03fd4dd28c","611a8f28-f52c-5223-9db6-45d87ae328e8","27925","Xã Đức Huệ","xa_duc_hue","xã","1791616658326","1791616658326"
"70e952c7-c6e0-586b-83be-cab6db713c01","611a8f28-f52c-5223-9db6-45d87ae328e8","27931","Xã Hậu Nghĩa","xa_hau_nghia","xã","1791616658326","1791616658326"
"22ac2103-14c3-59be-8826-3f2154aea8ad","611a8f28-f52c-5223-9db6-45d87ae328e8","27937","Xã Đức Hòa","xa_duc_hoa","xã","1791616658326","1791616658326"
"12b3e25b-3ab3-534d-a1bc-1fe81427ae4f","611a8f28-f52c-5223-9db6-45d87ae328e8","27943","Xã An Ninh","xa_an_ninh","xã","1791616658326","1791616658326"
"aa471cf3-e811-5646-b364-77e1fde01187","611a8f28-f52c-5223-9db6-45d87ae328e8","27952","Xã Hiệp Hòa","xa_hiep_hoa","xã","1791616658326","1791616658326"
"f3584682-f2a3-5afa-8679-2093d09a3495","611a8f28-f52c-5223-9db6-45d87ae328e8","27964","Xã Đức Lập","xa_duc_lap","xã","1791616658326","1791616658326"
"d2fae368-a31d-52e6-9cb0-495f9fda046d","611a8f28-f52c-5223-9db6-45d87ae328e8","27976","Xã Mỹ Hạnh","xa_my_hanh","xã","1791616658326","1791616658326"
"33020cae-70c2-551b-89f1-2887244a2056","611a8f28-f52c-5223-9db6-45d87ae328e8","27979","Xã Hòa Khánh","xa_hoa_khanh","xã","1791616658326","1791616658326"
"3f9faf5f-6a41-5365-9f39-9997998881be","611a8f28-f52c-5223-9db6-45d87ae328e8","27991","Xã Bến Lức","xa_ben_luc","xã","1791616658326","1791616658326"
"d9d133cd-da03-50ba-8790-c68cc14d6794","611a8f28-f52c-5223-9db6-45d87ae328e8","27994","Xã Thạnh Lợi","xa_thanh_loi","xã","1791616658326","1791616658326"
"b4d8dbf3-1bfb-51a3-86df-dcd2a91f476f","611a8f28-f52c-5223-9db6-45d87ae328e8","28003","Xã Lương Hòa","xa_luong_hoa","xã","1791616658326","1791616658326"
"8963e224-f797-58e2-852f-d45bb9d4260d","611a8f28-f52c-5223-9db6-45d87ae328e8","28015","Xã Bình Đức","xa_binh_duc","xã","1791616658326","1791616658326"
"458d49f2-7e33-5602-9014-8d1a91cac6af","611a8f28-f52c-5223-9db6-45d87ae328e8","28018","Xã Mỹ Yên","xa_my_yen","xã","1791616658326","1791616658326"
"1d596f2d-b546-5f13-8e64-36d0f10da745","611a8f28-f52c-5223-9db6-45d87ae328e8","28036","Xã Thủ Thừa","xa_thu_thua","xã","1791616658326","1791616658326"
"dcbe1b79-3f42-59a4-8aab-665847889312","611a8f28-f52c-5223-9db6-45d87ae328e8","28051","Xã Mỹ Thạnh","xa_my_thanh","xã","1791616658326","1791616658326"
"73e85d5b-21f3-5e91-8712-27db6f4b3f8f","611a8f28-f52c-5223-9db6-45d87ae328e8","28066","Xã Mỹ An","xa_my_an","xã","1791616658326","1791616658326"
"9df880b2-a2d1-56b3-9d99-6af28d16633d","611a8f28-f52c-5223-9db6-45d87ae328e8","28072","Xã Tân Long","xa_tan_long","xã","1791616658326","1791616658326"
"31693b0f-8785-5466-868f-98cb959a8b80","611a8f28-f52c-5223-9db6-45d87ae328e8","28075","Xã Tân Trụ","xa_tan_tru","xã","1791616658326","1791616658326"
"60662db8-8f08-58fa-bb17-94ea50451b55","611a8f28-f52c-5223-9db6-45d87ae328e8","28087","Xã Nhựt Tảo","xa_nhut_tao","xã","1791616658326","1791616658326"
"e533b9bc-e425-58e7-bb57-30a71c9b8afd","611a8f28-f52c-5223-9db6-45d87ae328e8","28093","Xã Vàm Cỏ","xa_vam_co","xã","1791616658326","1791616658326"
"f2430e59-4ff3-55d6-a9a0-3173100347e8","611a8f28-f52c-5223-9db6-45d87ae328e8","28108","Xã Cần Đước","xa_can_duoc","xã","1791616658326","1791616658326"
"d5b82608-7efd-5e3b-94f1-aaf8c0976328","611a8f28-f52c-5223-9db6-45d87ae328e8","28114","Xã Rạch Kiến","xa_rach_kien","xã","1791616658326","1791616658326"
"71ebfa6e-8cf2-502f-9b27-fdbeed10d1d1","611a8f28-f52c-5223-9db6-45d87ae328e8","28126","Xã Long Cang","xa_long_cang","xã","1791616658326","1791616658326"
"5baf9422-448e-533f-a474-7dfd59923de9","611a8f28-f52c-5223-9db6-45d87ae328e8","28132","Xã Mỹ Lệ","xa_my_le","xã","1791616658326","1791616658326"
"b2d9244d-6f76-5e1a-a7e0-59c7d639b106","611a8f28-f52c-5223-9db6-45d87ae328e8","28138","Xã Tân Lân","xa_tan_lan","xã","1791616658326","1791616658326"
"ee4f60d5-fc45-58c8-ab14-ff58aa9821cb","611a8f28-f52c-5223-9db6-45d87ae328e8","28144","Xã Long Hựu","xa_long_huu","xã","1791616658326","1791616658326"
"61bb7502-755a-5b4e-b98f-dadfbfbd5621","611a8f28-f52c-5223-9db6-45d87ae328e8","28159","Xã Cần Giuộc","xa_can_giuoc","xã","1791616658326","1791616658326"
"e4bf162a-e27e-53fe-acf4-72ff43f71751","611a8f28-f52c-5223-9db6-45d87ae328e8","28165","Xã Phước Lý","xa_phuoc_ly","xã","1791616658326","1791616658326"
"47d4dd33-6d47-59d0-8544-5b41409101e8","611a8f28-f52c-5223-9db6-45d87ae328e8","28177","Xã Mỹ Lộc","xa_my_loc","xã","1791616658326","1791616658326"
"7e5a81d8-7256-579e-97c6-5110f70fc157","611a8f28-f52c-5223-9db6-45d87ae328e8","28201","Xã Phước Vĩnh Tây","xa_phuoc_vinh_tay","xã","1791616658326","1791616658326"
"c0ca36e7-5e43-50e7-976d-1d66bf666f58","611a8f28-f52c-5223-9db6-45d87ae328e8","28207","Xã Tân Tập","xa_tan_tap","xã","1791616658326","1791616658326"
"88cfe9e2-74bc-5c5b-bdbb-907433488f97","611a8f28-f52c-5223-9db6-45d87ae328e8","28210","Xã Tầm Vu","xa_tam_vu","xã","1791616658326","1791616658326"
"9c2942a2-70eb-53e5-93ac-3ec2a3c445b3","611a8f28-f52c-5223-9db6-45d87ae328e8","28222","Xã Vĩnh Công","xa_vinh_cong","xã","1791616658326","1791616658326"
"58ba9602-c5cd-537a-909a-6442811335cf","611a8f28-f52c-5223-9db6-45d87ae328e8","28225","Xã Thuận Mỹ","xa_thuan_my","xã","1791616658326","1791616658326"
"017720b1-7985-5543-befd-0b741f43dd6b","611a8f28-f52c-5223-9db6-45d87ae328e8","28243","Xã An Lục Long","xa_an_luc_long","xã","1791616658326","1791616658326"
"d3d2756b-3889-5308-aead-1808130cbf33","5b8e4edb-0963-5e36-8d78-ac91f9a93c7c","28249","Phường Đạo Thạnh","phuong_dao_thanh","phường","1791616658326","1791616658326"
"acc9450a-aa65-59bb-bc59-7a34757b4a45","5b8e4edb-0963-5e36-8d78-ac91f9a93c7c","28261","Phường Mỹ Tho","phuong_my_tho","phường","1791616658326","1791616658326"
"85072886-4c8e-58e6-94b7-734fa1e69a01","5b8e4edb-0963-5e36-8d78-ac91f9a93c7c","28270","Phường Thới Sơn","phuong_thoi_son","phường","1791616658326","1791616658326"
"575ac718-7b27-51cc-babd-6418bf7d6577","5b8e4edb-0963-5e36-8d78-ac91f9a93c7c","28273","Phường Mỹ Phong","phuong_my_phong","phường","1791616658326","1791616658326"
"6e1fd042-17af-5692-b095-df7a166729eb","5b8e4edb-0963-5e36-8d78-ac91f9a93c7c","28285","Phường Trung An","phuong_trung_an","phường","1791616658326","1791616658326"
"0c14620c-2e3a-5a70-b074-2eaf43ce3ffa","5b8e4edb-0963-5e36-8d78-ac91f9a93c7c","28297","Phường Long Thuận","phuong_long_thuan","phường","1791616658326","1791616658326"
"efaeb41d-6a51-5044-86e7-22bf45ae0bf5","5b8e4edb-0963-5e36-8d78-ac91f9a93c7c","28306","Phường Gò Công","phuong_go_cong","phường","1791616658326","1791616658326"
"af488f6f-cd42-5d23-825f-19b989b5c480","5b8e4edb-0963-5e36-8d78-ac91f9a93c7c","28315","Phường Bình Xuân","phuong_binh_xuan","phường","1791616658326","1791616658326"
"2fd0dc7e-5d03-5da8-a6af-b6789d45a78f","5b8e4edb-0963-5e36-8d78-ac91f9a93c7c","28321","Xã Tân Phước 1","xa_tan_phuoc_1","xã","1791616658326","1791616658326"
"9e64735a-ad18-582a-9b55-2398404fd9bb","5b8e4edb-0963-5e36-8d78-ac91f9a93c7c","28327","Xã Tân Phước 2","xa_tan_phuoc_2","xã","1791616658326","1791616658326"
"3a44a670-eecc-553a-852c-0c399679f320","5b8e4edb-0963-5e36-8d78-ac91f9a93c7c","28336","Xã Hưng Thạnh","xa_hung_thanh","xã","1791616658326","1791616658326"
"b9eb5ed2-1235-55f1-aeab-244d389aea91","5b8e4edb-0963-5e36-8d78-ac91f9a93c7c","28345","Xã Tân Phước 3","xa_tan_phuoc_3","xã","1791616658326","1791616658326"
"f4c14128-712f-5b42-8363-b523aef36af9","5b8e4edb-0963-5e36-8d78-ac91f9a93c7c","28360","Xã Cái Bè","xa_cai_be","xã","1791616658326","1791616658326"
"9bb996f3-db40-5328-a2c9-54573cd14d45","5b8e4edb-0963-5e36-8d78-ac91f9a93c7c","28366","Xã Hậu Mỹ","xa_hau_my","xã","1791616658326","1791616658326"
"26b8ddb3-5299-5dcc-bc0f-5ea993f90384","5b8e4edb-0963-5e36-8d78-ac91f9a93c7c","28378","Xã Mỹ Thiện","xa_my_thien","xã","1791616658326","1791616658326"
"fc9aa834-8bb9-5395-81db-89e8c119f4da","5b8e4edb-0963-5e36-8d78-ac91f9a93c7c","28393","Xã Hội Cư","xa_hoi_cu","xã","1791616658326","1791616658326"
"8829c720-5276-5fb1-aa70-a68413cf024d","5b8e4edb-0963-5e36-8d78-ac91f9a93c7c","28405","Xã Mỹ Đức Tây","xa_my_duc_tay","xã","1791616658326","1791616658326"
"be273ec9-27a3-5560-a9d2-7e87258253ae","5b8e4edb-0963-5e36-8d78-ac91f9a93c7c","28414","Xã Mỹ Lợi","xa_my_loi","xã","1791616658326","1791616658326"
"f990e1df-f5b9-532c-986b-801f6b789263","5b8e4edb-0963-5e36-8d78-ac91f9a93c7c","28426","Xã Thanh Hưng","xa_thanh_hung","xã","1791616658326","1791616658326"
"75fb5c47-7712-5775-9a97-3646925cb61e","5b8e4edb-0963-5e36-8d78-ac91f9a93c7c","28429","Xã An Hữu","xa_an_huu","xã","1791616658326","1791616658326"
"fa7b4eef-6e32-5920-ae54-eb291437cb6c","5b8e4edb-0963-5e36-8d78-ac91f9a93c7c","28435","Phường Mỹ Phước Tây","phuong_my_phuoc_tay","phường","1791616658326","1791616658326"
"7b06ebde-782d-5eba-8f15-112e3b23107a","5b8e4edb-0963-5e36-8d78-ac91f9a93c7c","28436","Phường Thanh Hòa","phuong_thanh_hoa","phường","1791616658326","1791616658326"
"74be334d-5fed-5de1-aaeb-858394c62446","5b8e4edb-0963-5e36-8d78-ac91f9a93c7c","28439","Phường Cai Lậy","phuong_cai_lay","phường","1791616658326","1791616658326"
"91368020-f42c-5561-ab5a-b9d2c563ee91","5b8e4edb-0963-5e36-8d78-ac91f9a93c7c","28444","Xã Thạnh Phú","xa_thanh_phu","xã","1791616658326","1791616658326"
"720a9019-40de-59d2-ab61-66d2de30d64d","5b8e4edb-0963-5e36-8d78-ac91f9a93c7c","28456","Xã Mỹ Thành","xa_my_thanh","xã","1791616658326","1791616658326"
"c6fb8276-d2db-5974-a383-5a05cb474c65","5b8e4edb-0963-5e36-8d78-ac91f9a93c7c","28468","Xã Tân Phú","xa_tan_phu","xã","1791616658326","1791616658326"
"e9f96514-5757-54f3-9d58-53abd30975d7","5b8e4edb-0963-5e36-8d78-ac91f9a93c7c","28471","Xã Bình Phú","xa_binh_phu","xã","1791616658326","1791616658326"
"ba531ed2-5755-5293-b370-d00eca4e2f08","5b8e4edb-0963-5e36-8d78-ac91f9a93c7c","28477","Phường Nhị Quý","phuong_nhi_quy","phường","1791616658326","1791616658326"
"9a0121f3-23ec-56de-9007-02e0251243d9","5b8e4edb-0963-5e36-8d78-ac91f9a93c7c","28501","Xã Hiệp Đức","xa_hiep_duc","xã","1791616658326","1791616658326"
"2c56ba9c-fccb-5926-beac-dff96193fe3d","5b8e4edb-0963-5e36-8d78-ac91f9a93c7c","28504","Xã Long Tiên","xa_long_tien","xã","1791616658326","1791616658326"
"323cbc32-8e50-50f0-956f-17d8d8b68e3c","5b8e4edb-0963-5e36-8d78-ac91f9a93c7c","28516","Xã Ngũ Hiệp","xa_ngu_hiep","xã","1791616658326","1791616658326"
"a86b65a4-042f-5ef0-bcf0-22e6fe331c4c","5b8e4edb-0963-5e36-8d78-ac91f9a93c7c","28519","Xã Châu Thành","xa_chau_thanh","xã","1791616658326","1791616658326"
"a6175004-70d6-5aa6-8cd0-9214ff85741c","5b8e4edb-0963-5e36-8d78-ac91f9a93c7c","28525","Xã Tân Hương","xa_tan_huong","xã","1791616658326","1791616658326"
"212bf64c-b83b-5383-b957-d088ae39ccbe","5b8e4edb-0963-5e36-8d78-ac91f9a93c7c","28537","Xã Long Hưng","xa_long_hung","xã","1791616658326","1791616658326"
"94f5e428-397f-54ea-8bb7-a53f8a23128b","5b8e4edb-0963-5e36-8d78-ac91f9a93c7c","28543","Xã Long Định","xa_long_dinh","xã","1791616658326","1791616658326"
"5f3cb6b2-0d09-5051-b948-bbdbb7f29e92","5b8e4edb-0963-5e36-8d78-ac91f9a93c7c","28564","Xã Bình Trưng","xa_binh_trung","xã","1791616658326","1791616658326"
"cf422bdd-73b2-52ab-a527-452852f71e13","5b8e4edb-0963-5e36-8d78-ac91f9a93c7c","28576","Xã Vĩnh Kim","xa_vinh_kim","xã","1791616658326","1791616658326"
"dda92c6a-5ff9-5cf6-aeae-a31f83f2f091","5b8e4edb-0963-5e36-8d78-ac91f9a93c7c","28582","Xã Kim Sơn","xa_kim_son","xã","1791616658326","1791616658326"
"e0e9e399-8bcc-57b2-bed1-e41da5187994","5b8e4edb-0963-5e36-8d78-ac91f9a93c7c","28594","Xã Chợ Gạo","xa_cho_gao","xã","1791616658326","1791616658326"
"c3f844c5-3d1b-5c32-8b52-9260c3a4ace6","5b8e4edb-0963-5e36-8d78-ac91f9a93c7c","28603","Xã Mỹ Tịnh An","xa_my_tinh_an","xã","1791616658326","1791616658326"
"9d854197-7b73-5252-9e35-bc1478807a20","5b8e4edb-0963-5e36-8d78-ac91f9a93c7c","28615","Xã Lương Hòa Lạc","xa_luong_hoa_lac","xã","1791616658326","1791616658326"
"5fe7d4cb-2293-5928-84bb-738dd5851256","5b8e4edb-0963-5e36-8d78-ac91f9a93c7c","28627","Xã Tân Thuận Bình","xa_tan_thuan_binh","xã","1791616658326","1791616658326"
"f5139648-7a93-56bc-8c12-b25362d12048","5b8e4edb-0963-5e36-8d78-ac91f9a93c7c","28633","Xã An Thạnh Thủy","xa_an_thanh_thuy","xã","1791616658326","1791616658326"
"5c6cc318-937d-5621-9795-11d04ce4cc72","5b8e4edb-0963-5e36-8d78-ac91f9a93c7c","28648","Xã Bình Ninh","xa_binh_ninh","xã","1791616658326","1791616658326"
"52fe58aa-8c62-5e0b-ab29-b7f70ed8ccd7","5b8e4edb-0963-5e36-8d78-ac91f9a93c7c","28651","Xã Vĩnh Bình","xa_vinh_binh","xã","1791616658326","1791616658326"
"4bb893c1-3746-5076-9dc6-e2585cd6f603","5b8e4edb-0963-5e36-8d78-ac91f9a93c7c","28660","Xã Đồng Sơn","xa_dong_son","xã","1791616658326","1791616658326"
"2627ed9b-5648-53db-9a30-079d87e7c71d","5b8e4edb-0963-5e36-8d78-ac91f9a93c7c","28663","Xã Phú Thành","xa_phu_thanh","xã","1791616658326","1791616658326"
"1e30a925-ff48-5cfb-b6d3-548502d15740","5b8e4edb-0963-5e36-8d78-ac91f9a93c7c","28678","Xã Vĩnh Hựu","xa_vinh_huu","xã","1791616658326","1791616658326"
"c23ff1e0-df89-51b5-a43b-57b4a7bb41b6","5b8e4edb-0963-5e36-8d78-ac91f9a93c7c","28687","Xã Long Bình","xa_long_binh","xã","1791616658326","1791616658326"
"3e046c39-c7a3-5cb8-b731-79e7f5d4c351","5b8e4edb-0963-5e36-8d78-ac91f9a93c7c","28693","Xã Tân Thới","xa_tan_thoi","xã","1791616658326","1791616658326"
"2a4d20a2-c700-52af-b955-d5e3bd2fb222","5b8e4edb-0963-5e36-8d78-ac91f9a93c7c","28696","Xã Tân Phú Đông","xa_tan_phu_dong","xã","1791616658326","1791616658326"
"ace1062f-89de-54f0-a35e-fe77749f3cf7","5b8e4edb-0963-5e36-8d78-ac91f9a93c7c","28702","Xã Tân Hòa","xa_tan_hoa","xã","1791616658326","1791616658326"
"8ab981ef-5c48-5729-99d7-4ae2a6304b83","5b8e4edb-0963-5e36-8d78-ac91f9a93c7c","28720","Xã Gia Thuận","xa_gia_thuan","xã","1791616658326","1791616658326"
"7d80dda2-254d-5fa2-81f8-c1c24b327b06","5b8e4edb-0963-5e36-8d78-ac91f9a93c7c","28723","Xã Tân Đông","xa_tan_dong","xã","1791616658326","1791616658326"
"6a563538-545b-55a1-9a53-62ebf1459727","5b8e4edb-0963-5e36-8d78-ac91f9a93c7c","28729","Phường Sơn Qui","phuong_son_qui","phường","1791616658326","1791616658326"
"7055a3f3-3b34-5dac-b472-bcece4fdefac","5b8e4edb-0963-5e36-8d78-ac91f9a93c7c","28738","Xã Tân Điền","xa_tan_dien","xã","1791616658326","1791616658326"
"413fa60a-786e-5da2-8ae0-ed144a31857f","5b8e4edb-0963-5e36-8d78-ac91f9a93c7c","28747","Xã Gò Công Đông","xa_go_cong_dong","xã","1791616658326","1791616658326"
"cd25bbe4-f959-502a-ad5a-182478c28e71","a7ee5773-bc8a-5a2e-a417-035dc13011c5","28756","Phường Phú Khương","phuong_phu_khuong","phường","1791616658326","1791616658326"
"50e8220b-f4e2-55eb-ac80-a66e2c3fd187","a7ee5773-bc8a-5a2e-a417-035dc13011c5","28777","Phường An Hội","phuong_an_hoi","phường","1791616658326","1791616658326"
"60ae6525-564b-5bef-b656-6cf39917ae5a","a7ee5773-bc8a-5a2e-a417-035dc13011c5","28783","Phường Sơn Đông","phuong_son_dong","phường","1791616658326","1791616658326"
"77597d9a-98e1-55af-b306-46513643bd62","a7ee5773-bc8a-5a2e-a417-035dc13011c5","28789","Phường Bến Tre","phuong_ben_tre","phường","1791616658326","1791616658326"
"cbd37f78-aaa5-5e2c-9004-9905af90c69e","a7ee5773-bc8a-5a2e-a417-035dc13011c5","28807","Xã Giao Long","xa_giao_long","xã","1791616658326","1791616658326"
"26358044-4b8f-5773-aa51-5ad2f060dea2","a7ee5773-bc8a-5a2e-a417-035dc13011c5","28810","Xã Phú Túc","xa_phu_tuc","xã","1791616658326","1791616658326"
"47486493-1503-5ac6-b1cc-6c8ecaae0632","a7ee5773-bc8a-5a2e-a417-035dc13011c5","28840","Xã Tân Phú","xa_tan_phu","xã","1791616658326","1791616658326"
"adcd505c-d668-52ce-86fd-d0a030d2b7d4","a7ee5773-bc8a-5a2e-a417-035dc13011c5","28858","Phường Phú Tân","phuong_phu_tan","phường","1791616658326","1791616658326"
"b726c51a-dbf1-52cc-b0ec-d92237f80620","a7ee5773-bc8a-5a2e-a417-035dc13011c5","28861","Xã Tiên Thủy","xa_tien_thuy","xã","1791616658326","1791616658326"
"280e6484-e02b-57af-9664-3cd7140fc4b6","a7ee5773-bc8a-5a2e-a417-035dc13011c5","28870","Xã Chợ Lách","xa_cho_lach","xã","1791616658326","1791616658326"
"49ee8380-f69d-500f-8b1c-f7498bcb82ce","a7ee5773-bc8a-5a2e-a417-035dc13011c5","28879","Xã Phú Phụng","xa_phu_phung","xã","1791616658326","1791616658326"
"47d57fea-ad84-59a3-bb77-c8c476885f16","a7ee5773-bc8a-5a2e-a417-035dc13011c5","28894","Xã Vĩnh Thành","xa_vinh_thanh","xã","1791616658326","1791616658326"
"170ccbd8-b0f6-5842-ba52-c722bae965da","a7ee5773-bc8a-5a2e-a417-035dc13011c5","28901","Xã Hưng Khánh Trung","xa_hung_khanh_trung","xã","1791616658326","1791616658326"
"7b3fb99a-9b08-5994-bf22-524a7a880f3d","a7ee5773-bc8a-5a2e-a417-035dc13011c5","28903","Xã Mỏ Cày","xa_mo_cay","xã","1791616658326","1791616658326"
"2ba5a847-aeb8-5f01-831a-ef5f28632fdb","a7ee5773-bc8a-5a2e-a417-035dc13011c5","28915","Xã Phước Mỹ Trung","xa_phuoc_my_trung","xã","1791616658326","1791616658326"
"94c26739-a918-50e7-a41b-0d8bdd0cbf37","a7ee5773-bc8a-5a2e-a417-035dc13011c5","28921","Xã Tân Thành Bình","xa_tan_thanh_binh","xã","1791616658326","1791616658326"
"6950e934-c24b-504b-ade1-c2563f3204fd","a7ee5773-bc8a-5a2e-a417-035dc13011c5","28945","Xã Đồng Khởi","xa_dong_khoi","xã","1791616658326","1791616658326"
"16ae5dcf-3a22-55eb-a83f-c568868f1fb6","a7ee5773-bc8a-5a2e-a417-035dc13011c5","28948","Xã Nhuận Phú Tân","xa_nhuan_phu_tan","xã","1791616658326","1791616658326"
"f3ce242d-7c28-5e58-a9de-b419155235ba","a7ee5773-bc8a-5a2e-a417-035dc13011c5","28957","Xã An Định","xa_an_dinh","xã","1791616658326","1791616658326"
"1c27059e-627b-5649-b45c-bc3ba21cb28c","a7ee5773-bc8a-5a2e-a417-035dc13011c5","28969","Xã Thành Thới","xa_thanh_thoi","xã","1791616658326","1791616658326"
"4fa68501-13d9-582a-a437-6ea5733011a4","a7ee5773-bc8a-5a2e-a417-035dc13011c5","28981","Xã Hương Mỹ","xa_huong_my","xã","1791616658326","1791616658326"
"34c9220b-5c9e-562a-9ed1-798cbc842d09","a7ee5773-bc8a-5a2e-a417-035dc13011c5","28984","Xã Giồng Trôm","xa_giong_trom","xã","1791616658326","1791616658326"
"4951d2dc-a40a-5276-830e-9304bcf95a03","a7ee5773-bc8a-5a2e-a417-035dc13011c5","28987","Xã Lương Hòa","xa_luong_hoa","xã","1791616658326","1791616658326"
"bd355931-b64c-50ed-a46d-8ab9b5498828","a7ee5773-bc8a-5a2e-a417-035dc13011c5","28993","Xã Lương Phú","xa_luong_phu","xã","1791616658326","1791616658326"
"d35f9382-d77e-5531-bcbc-f68b162e1294","a7ee5773-bc8a-5a2e-a417-035dc13011c5","28996","Xã Châu Hòa","xa_chau_hoa","xã","1791616658326","1791616658326"
"10ae4a5b-5d11-5081-b9ae-29bd4e1416d6","a7ee5773-bc8a-5a2e-a417-035dc13011c5","29020","Xã Phước Long","xa_phuoc_long","xã","1791616658326","1791616658326"
"773da913-9849-5a70-8112-c21f48217d6a","a7ee5773-bc8a-5a2e-a417-035dc13011c5","29029","Xã Tân Hào","xa_tan_hao","xã","1791616658326","1791616658326"
"7287b46c-f434-5224-bb3e-a0b6d01c3914","a7ee5773-bc8a-5a2e-a417-035dc13011c5","29044","Xã Hưng Nhượng","xa_hung_nhuong","xã","1791616658326","1791616658326"
"32c27ff4-1025-54be-aff9-f659e1691bdb","a7ee5773-bc8a-5a2e-a417-035dc13011c5","29050","Xã Bình Đại","xa_binh_dai","xã","1791616658326","1791616658326"
"3eb34c43-25d8-5993-bcbd-3abbf3ab3ee3","a7ee5773-bc8a-5a2e-a417-035dc13011c5","29062","Xã Phú Thuận","xa_phu_thuan","xã","1791616658326","1791616658326"
"965117a7-6abb-57fc-9d87-f0bac7f443f2","a7ee5773-bc8a-5a2e-a417-035dc13011c5","29077","Xã Lộc Thuận","xa_loc_thuan","xã","1791616658326","1791616658326"
"8771ec92-5fee-5fc9-8efb-faad7ba50fba","a7ee5773-bc8a-5a2e-a417-035dc13011c5","29083","Xã Châu Hưng","xa_chau_hung","xã","1791616658326","1791616658326"
"1edf299e-1547-563c-a2cc-0f646cc8a651","a7ee5773-bc8a-5a2e-a417-035dc13011c5","29089","Xã Thạnh Trị","xa_thanh_tri","xã","1791616658326","1791616658326"
"48d0174f-49a6-5c9a-b390-622357ef5834","a7ee5773-bc8a-5a2e-a417-035dc13011c5","29104","Xã Thạnh Phước","xa_thanh_phuoc","xã","1791616658326","1791616658326"
"16ca467d-d884-59ae-a3d2-d619084ea6a5","a7ee5773-bc8a-5a2e-a417-035dc13011c5","29107","Xã Thới Thuận","xa_thoi_thuan","xã","1791616658326","1791616658326"
"618ea692-c21e-5811-9634-bc14c37c0112","a7ee5773-bc8a-5a2e-a417-035dc13011c5","29110","Xã Ba Tri","xa_ba_tri","xã","1791616658326","1791616658326"
"02d58c4b-920a-5010-a666-80e6253ce760","a7ee5773-bc8a-5a2e-a417-035dc13011c5","29122","Xã Mỹ Chánh Hòa","xa_my_chanh_hoa","xã","1791616658326","1791616658326"
"670fb216-28cf-5f1c-b9d5-567555929fe5","a7ee5773-bc8a-5a2e-a417-035dc13011c5","29125","Xã Bảo Thạnh","xa_bao_thanh","xã","1791616658326","1791616658326"
"8bbdaad6-51ee-5385-a2fe-888826c59245","a7ee5773-bc8a-5a2e-a417-035dc13011c5","29137","Xã Tân Xuân","xa_tan_xuan","xã","1791616658326","1791616658326"
"5e7167ed-dd7d-5399-a26f-1a88ad44d4f7","a7ee5773-bc8a-5a2e-a417-035dc13011c5","29143","Xã An Ngãi Trung","xa_an_ngai_trung","xã","1791616658326","1791616658326"
"b6a96336-686d-5db0-ab5a-0f9d8ac175a1","a7ee5773-bc8a-5a2e-a417-035dc13011c5","29158","Xã An Hiệp","xa_an_hiep","xã","1791616658326","1791616658326"
"ccb4c04d-b537-5cab-835b-fd3069ec7af0","a7ee5773-bc8a-5a2e-a417-035dc13011c5","29167","Xã Tân Thủy","xa_tan_thuy","xã","1791616658326","1791616658326"
"0c19d148-8002-5a7b-8b90-9477179b4194","a7ee5773-bc8a-5a2e-a417-035dc13011c5","29182","Xã Thạnh Phú","xa_thanh_phu","xã","1791616658326","1791616658326"
"8f6930a0-df17-512f-8e94-39d7a9bb8716","a7ee5773-bc8a-5a2e-a417-035dc13011c5","29191","Xã Quới Điền","xa_quoi_dien","xã","1791616658326","1791616658326"
"a2415eb5-70f3-5b31-af59-ed0d5796b664","a7ee5773-bc8a-5a2e-a417-035dc13011c5","29194","Xã Đại Điền","xa_dai_dien","xã","1791616658326","1791616658326"
"2ba75102-b6dd-5e0b-b0cf-e82213500364","a7ee5773-bc8a-5a2e-a417-035dc13011c5","29221","Xã Thạnh Hải","xa_thanh_hai","xã","1791616658326","1791616658326"
"7f8203d2-bbce-5ed2-9631-7c705720a9e8","a7ee5773-bc8a-5a2e-a417-035dc13011c5","29224","Xã An Qui","xa_an_qui","xã","1791616658326","1791616658326"
"7d842ccf-2901-5288-b80c-e9a746bab358","a7ee5773-bc8a-5a2e-a417-035dc13011c5","29227","Xã Thạnh Phong","xa_thanh_phong","xã","1791616658326","1791616658326"
"234119bf-a250-5f3f-9c8f-2a976db5d08a","a7ee5773-bc8a-5a2e-a417-035dc13011c5","29242","Phường Trà Vinh","phuong_tra_vinh","phường","1791616658326","1791616658326"
"0480a445-4456-57ae-904e-a8e6d67e034c","a7ee5773-bc8a-5a2e-a417-035dc13011c5","29254","Phường Nguyệt Hóa","phuong_nguyet_hoa","phường","1791616658326","1791616658326"
"972a231e-3152-532a-8c53-53167c58dd51","a7ee5773-bc8a-5a2e-a417-035dc13011c5","29263","Phường Long Đức","phuong_long_duc","phường","1791616658326","1791616658326"
"085d6c2b-0cac-5ed7-9b5f-5f8c5cd9c256","a7ee5773-bc8a-5a2e-a417-035dc13011c5","29266","Xã Càng Long","xa_cang_long","xã","1791616658326","1791616658326"
"b3b8b9b5-f586-55cd-be32-b9eb5d8538a0","a7ee5773-bc8a-5a2e-a417-035dc13011c5","29275","Xã An Trường","xa_an_truong","xã","1791616658326","1791616658326"
"af503ff6-a197-5563-93d9-6be5982851a0","a7ee5773-bc8a-5a2e-a417-035dc13011c5","29278","Xã Tân An","xa_tan_an","xã","1791616658326","1791616658326"
"14b278ae-4cea-582f-a9da-022474c6a099","a7ee5773-bc8a-5a2e-a417-035dc13011c5","29287","Xã Bình Phú","xa_binh_phu","xã","1791616658326","1791616658326"
"5fe080b8-b587-5d3c-889e-2a09b9b752d5","a7ee5773-bc8a-5a2e-a417-035dc13011c5","29302","Xã Nhị Long","xa_nhi_long","xã","1791616658326","1791616658326"
"74740b34-465c-57de-a597-1f04e24c7005","a7ee5773-bc8a-5a2e-a417-035dc13011c5","29308","Xã Cầu Kè","xa_cau_ke","xã","1791616658326","1791616658326"
"a44815ec-1130-5249-b58c-ddb0a735537d","a7ee5773-bc8a-5a2e-a417-035dc13011c5","29317","Xã An Phú Tân","xa_an_phu_tan","xã","1791616658326","1791616658326"
"a4bd17b7-045b-5fc3-bee9-e91b88a0a6e8","a7ee5773-bc8a-5a2e-a417-035dc13011c5","29329","Xã Phong Thạnh","xa_phong_thanh","xã","1791616658326","1791616658326"
"f018ba86-b0ee-5d24-bd0b-27d735c4db86","a7ee5773-bc8a-5a2e-a417-035dc13011c5","29335","Xã Tam Ngãi","xa_tam_ngai","xã","1791616658326","1791616658326"
"d3bb2597-89ec-51cd-8cb1-848f5067fd8f","a7ee5773-bc8a-5a2e-a417-035dc13011c5","29341","Xã Tiểu Cần","xa_tieu_can","xã","1791616658326","1791616658326"
"8e5b34ef-1f64-5b85-93c4-7ad0fba60f99","a7ee5773-bc8a-5a2e-a417-035dc13011c5","29362","Xã Hùng Hòa","xa_hung_hoa","xã","1791616658326","1791616658326"
"dfea1841-ed6f-56b0-8bb3-9f0cba4408cf","a7ee5773-bc8a-5a2e-a417-035dc13011c5","29365","Xã Tập Ngãi","xa_tap_ngai","xã","1791616658326","1791616658326"
"9a93cc0d-793b-5e07-9846-8dc0a24768ec","a7ee5773-bc8a-5a2e-a417-035dc13011c5","29371","Xã Tân Hòa","xa_tan_hoa","xã","1791616658326","1791616658326"
"6899ce62-094e-50a2-be32-63853bd69f4c","a7ee5773-bc8a-5a2e-a417-035dc13011c5","29374","Xã Châu Thành","xa_chau_thanh","xã","1791616658326","1791616658326"
"946d36be-4c0d-56f6-854c-8eb9efbeebe7","a7ee5773-bc8a-5a2e-a417-035dc13011c5","29386","Xã Song Lộc","xa_song_loc","xã","1791616658326","1791616658326"
"ce6e5ffe-c95a-548b-a72c-76734c939a3d","a7ee5773-bc8a-5a2e-a417-035dc13011c5","29398","Phường Hòa Thuận","phuong_hoa_thuan","phường","1791616658326","1791616658326"
"08c026ee-6c30-5297-8fce-55cbf306da9c","a7ee5773-bc8a-5a2e-a417-035dc13011c5","29407","Xã Hưng Mỹ","xa_hung_my","xã","1791616658326","1791616658326"
"1e594f1a-7fcc-5208-b95d-fb7bc45fbe7c","a7ee5773-bc8a-5a2e-a417-035dc13011c5","29410","Xã Hòa Minh","xa_hoa_minh","xã","1791616658326","1791616658326"
"24719944-e3ec-5a56-9529-535f495e539d","a7ee5773-bc8a-5a2e-a417-035dc13011c5","29413","Xã Long Hòa","xa_long_hoa","xã","1791616658326","1791616658326"
"c237392c-4fdd-5e82-b122-7b1a528ea3ee","a7ee5773-bc8a-5a2e-a417-035dc13011c5","29416","Xã Cầu Ngang","xa_cau_ngang","xã","1791616658326","1791616658326"
"85c1a73f-7b85-55f4-a431-96b5297c7494","a7ee5773-bc8a-5a2e-a417-035dc13011c5","29419","Xã Mỹ Long","xa_my_long","xã","1791616658326","1791616658326"
"8f156197-bf55-508a-873b-968bf31c3415","a7ee5773-bc8a-5a2e-a417-035dc13011c5","29431","Xã Vinh Kim","xa_vinh_kim","xã","1791616658326","1791616658326"
"9b49c411-a524-5121-8262-f6aa9733007d","a7ee5773-bc8a-5a2e-a417-035dc13011c5","29446","Xã Nhị Trường","xa_nhi_truong","xã","1791616658326","1791616658326"
"31a47643-a46d-5121-9fca-e83b648c0a8e","a7ee5773-bc8a-5a2e-a417-035dc13011c5","29455","Xã Hiệp Mỹ","xa_hiep_my","xã","1791616658326","1791616658326"
"065e09f9-df8a-5ba6-9ebc-a24e142f46a6","a7ee5773-bc8a-5a2e-a417-035dc13011c5","29461","Xã Trà Cú","xa_tra_cu","xã","1791616658326","1791616658326"
"11a870eb-dfaf-504b-9a30-44fa1372eb2e","a7ee5773-bc8a-5a2e-a417-035dc13011c5","29467","Xã Tập Sơn","xa_tap_son","xã","1791616658326","1791616658326"
"43791548-c345-5b22-a2f5-9a4df4935729","a7ee5773-bc8a-5a2e-a417-035dc13011c5","29476","Xã Lưu Nghiệp Anh","xa_luu_nghiep_anh","xã","1791616658326","1791616658326"
"48bb66c3-3588-586d-be1c-8c35107acb07","a7ee5773-bc8a-5a2e-a417-035dc13011c5","29489","Xã Hàm Giang","xa_ham_giang","xã","1791616658326","1791616658326"
"6fd89743-c42e-5af7-a963-d2b0fb0fcd4c","a7ee5773-bc8a-5a2e-a417-035dc13011c5","29491","Xã Đại An","xa_dai_an","xã","1791616658326","1791616658326"
"947b0015-3a33-5efc-bab3-72130bdca483","a7ee5773-bc8a-5a2e-a417-035dc13011c5","29497","Xã Đôn Châu","xa_don_chau","xã","1791616658326","1791616658326"
"4841dae7-340d-54c2-81c1-d767cd31635e","a7ee5773-bc8a-5a2e-a417-035dc13011c5","29506","Xã Long Hiệp","xa_long_hiep","xã","1791616658326","1791616658326"
"24452003-9c9c-53e0-bfca-4af0bde9c557","a7ee5773-bc8a-5a2e-a417-035dc13011c5","29512","Phường Duyên Hải","phuong_duyen_hai","phường","1791616658326","1791616658326"
"f8eebb67-6eac-5c45-a44c-959be2f065f5","a7ee5773-bc8a-5a2e-a417-035dc13011c5","29513","Xã Long Thành","xa_long_thanh","xã","1791616658326","1791616658326"
"932691d7-0632-503d-8397-d9ee2ed859c3","a7ee5773-bc8a-5a2e-a417-035dc13011c5","29516","Phường Trường Long Hòa","phuong_truong_long_hoa","phường","1791616658326","1791616658326"
"0fb66d59-9cf4-56aa-9e10-e91d550271ea","a7ee5773-bc8a-5a2e-a417-035dc13011c5","29518","Xã Long Hữu","xa_long_huu","xã","1791616658326","1791616658326"
"9bd67159-01cd-5887-af52-81fa8454f7b7","a7ee5773-bc8a-5a2e-a417-035dc13011c5","29530","Xã Ngũ Lạc","xa_ngu_lac","xã","1791616658326","1791616658326"
"7208a0f7-5bd7-50e8-9c60-a4eb6e730700","a7ee5773-bc8a-5a2e-a417-035dc13011c5","29533","Xã Long Vĩnh","xa_long_vinh","xã","1791616658326","1791616658326"
"2c302aca-ac74-55f7-b771-19e50c4010aa","a7ee5773-bc8a-5a2e-a417-035dc13011c5","29536","Xã Đông Hải","xa_dong_hai","xã","1791616658326","1791616658326"
"dc668ce4-8246-5a4e-b36f-1c9bc0f717d2","a7ee5773-bc8a-5a2e-a417-035dc13011c5","29551","Phường Long Châu","phuong_long_chau","phường","1791616658326","1791616658326"
"213bbc6a-3533-5226-a50e-b9c51e9af25e","a7ee5773-bc8a-5a2e-a417-035dc13011c5","29557","Phường Phước Hậu","phuong_phuoc_hau","phường","1791616658326","1791616658326"
"2deaa80d-480d-5774-9717-ad3b9d12b49c","a7ee5773-bc8a-5a2e-a417-035dc13011c5","29566","Phường Tân Ngãi","phuong_tan_ngai","phường","1791616658326","1791616658326"
"93711a42-16f1-5e28-b2c8-7b16a4b42acf","a7ee5773-bc8a-5a2e-a417-035dc13011c5","29584","Xã An Bình","xa_an_binh","xã","1791616658326","1791616658326"
"16bf0c91-3842-568b-bf7f-ebdf65c1140e","a7ee5773-bc8a-5a2e-a417-035dc13011c5","29590","Phường Thanh Đức","phuong_thanh_duc","phường","1791616658326","1791616658326"
"58ce187b-252f-5fb3-a4a8-1d943f43cd96","a7ee5773-bc8a-5a2e-a417-035dc13011c5","29593","Phường Tân Hạnh","phuong_tan_hanh","phường","1791616658326","1791616658326"
"d1127a57-b61e-588a-a697-fd0db1a5b164","a7ee5773-bc8a-5a2e-a417-035dc13011c5","29602","Xã Long Hồ","xa_long_ho","xã","1791616658326","1791616658326"
"2d7a2656-f3a7-524d-a020-0ee2d6b62cdb","a7ee5773-bc8a-5a2e-a417-035dc13011c5","29611","Xã Phú Quới","xa_phu_quoi","xã","1791616658326","1791616658326"
"8892ec10-34c8-53de-b174-21a8111fbb73","a7ee5773-bc8a-5a2e-a417-035dc13011c5","29623","Xã Nhơn Phú","xa_nhon_phu","xã","1791616658326","1791616658326"
"332c4789-2a28-524c-a327-6d0d8376754d","a7ee5773-bc8a-5a2e-a417-035dc13011c5","29638","Xã Bình Phước","xa_binh_phuoc","xã","1791616658326","1791616658326"
"7253885a-b53d-5cda-98be-e490ac06703a","a7ee5773-bc8a-5a2e-a417-035dc13011c5","29641","Xã Cái Nhum","xa_cai_nhum","xã","1791616658326","1791616658326"
"c127d328-a349-56b7-b55c-5349093ef453","a7ee5773-bc8a-5a2e-a417-035dc13011c5","29653","Xã Tân Long Hội","xa_tan_long_hoi","xã","1791616658326","1791616658326"
"fed52958-3d63-5496-9d35-b955d4f8b20a","a7ee5773-bc8a-5a2e-a417-035dc13011c5","29659","Xã Trung Thành","xa_trung_thanh","xã","1791616658326","1791616658326"
"47fd6d41-4ad8-579d-816a-540b7a00e6ea","a7ee5773-bc8a-5a2e-a417-035dc13011c5","29668","Xã Quới An","xa_quoi_an","xã","1791616658326","1791616658326"
"f89de1b3-952c-568b-b24a-a47a816b140a","a7ee5773-bc8a-5a2e-a417-035dc13011c5","29677","Xã Quới Thiện","xa_quoi_thien","xã","1791616658326","1791616658326"
"7530cfa1-dd60-5574-ac55-6640c920e04a","a7ee5773-bc8a-5a2e-a417-035dc13011c5","29683","Xã Trung Hiệp","xa_trung_hiep","xã","1791616658326","1791616658326"
"f912cdb4-f55a-56ea-ab0e-e7eafc823ecd","a7ee5773-bc8a-5a2e-a417-035dc13011c5","29698","Xã Trung Ngãi","xa_trung_ngai","xã","1791616658326","1791616658326"
"0e8022c9-d61f-543d-b7f7-fc79d22d917e","a7ee5773-bc8a-5a2e-a417-035dc13011c5","29701","Xã Hiếu Phụng","xa_hieu_phung","xã","1791616658326","1791616658326"
"88526704-caef-5da3-9c61-7b47236855ec","a7ee5773-bc8a-5a2e-a417-035dc13011c5","29713","Xã Hiếu Thành","xa_hieu_thanh","xã","1791616658326","1791616658326"
"89b67650-d2d3-5bc9-bde3-500645f64e62","a7ee5773-bc8a-5a2e-a417-035dc13011c5","29719","Xã Tam Bình","xa_tam_binh","xã","1791616658326","1791616658326"
"77f575e6-4141-5f44-bdf9-f578fc07b458","a7ee5773-bc8a-5a2e-a417-035dc13011c5","29728","Xã Cái Ngang","xa_cai_ngang","xã","1791616658326","1791616658326"
"00977036-eb22-51f7-88c0-cb78cc90c627","a7ee5773-bc8a-5a2e-a417-035dc13011c5","29734","Xã Hòa Hiệp","xa_hoa_hiep","xã","1791616658326","1791616658326"
"19fb11a8-a311-5a57-9f14-6c5d3a0b6bee","a7ee5773-bc8a-5a2e-a417-035dc13011c5","29740","Xã Song Phú","xa_song_phu","xã","1791616658326","1791616658326"
"a3b30dfe-7995-50d1-85d5-2acea6dcf2c3","a7ee5773-bc8a-5a2e-a417-035dc13011c5","29767","Xã Ngãi Tứ","xa_ngai_tu","xã","1791616658326","1791616658326"
"2fec1dcb-cf12-57de-bb86-cb638fbe693a","a7ee5773-bc8a-5a2e-a417-035dc13011c5","29770","Phường Cái Vồn","phuong_cai_von","phường","1791616658326","1791616658326"
"260d0ff4-b69d-54f1-8384-1b758461d9a1","a7ee5773-bc8a-5a2e-a417-035dc13011c5","29771","Phường Bình Minh","phuong_binh_minh","phường","1791616658326","1791616658326"
"1b5e735f-6df6-5ab7-9f99-99c52d1b1cfa","a7ee5773-bc8a-5a2e-a417-035dc13011c5","29785","Xã Tân Lược","xa_tan_luoc","xã","1791616658326","1791616658326"
"77c3e2b1-8f43-5c0e-980e-ce123fde8228","a7ee5773-bc8a-5a2e-a417-035dc13011c5","29788","Xã Mỹ Thuận","xa_my_thuan","xã","1791616658326","1791616658326"
"b993cfdb-9c74-5128-9638-b187dbbf6054","a7ee5773-bc8a-5a2e-a417-035dc13011c5","29800","Xã Tân Quới","xa_tan_quoi","xã","1791616658326","1791616658326"
"30da4a6e-c3f5-54b2-bc5f-196f2ddd019f","a7ee5773-bc8a-5a2e-a417-035dc13011c5","29812","Phường Đông Thành","phuong_dong_thanh","phường","1791616658326","1791616658326"
"0e35cdaf-8ecb-599c-9ed3-7611b18876a2","a7ee5773-bc8a-5a2e-a417-035dc13011c5","29821","Xã Trà Ôn","xa_tra_on","xã","1791616658326","1791616658326"
"945b6451-e27a-5528-9c89-8b8787034f67","a7ee5773-bc8a-5a2e-a417-035dc13011c5","29830","Xã Hòa Bình","xa_hoa_binh","xã","1791616658326","1791616658326"
"e711d051-83fb-5199-86fc-2f30a1f7d119","a7ee5773-bc8a-5a2e-a417-035dc13011c5","29836","Xã Trà Côn","xa_tra_con","xã","1791616658326","1791616658326"
"60f15058-1f6d-5cd7-b04c-918e3d7dc3c3","a7ee5773-bc8a-5a2e-a417-035dc13011c5","29845","Xã Vĩnh Xuân","xa_vinh_xuan","xã","1791616658326","1791616658326"
"d354a309-4cf4-541e-bcde-d410ce5f1d1b","a7ee5773-bc8a-5a2e-a417-035dc13011c5","29857","Xã Lục Sĩ Thành","xa_luc_si_thanh","xã","1791616658326","1791616658326"
"b339c3bb-9418-5fe6-937f-3190a412ee9a","5b8e4edb-0963-5e36-8d78-ac91f9a93c7c","29869","Phường Cao Lãnh","phuong_cao_lanh","phường","1791616658326","1791616658326"
"ea6c7a39-edd1-568c-a799-baa0055cddc5","5b8e4edb-0963-5e36-8d78-ac91f9a93c7c","29884","Phường Mỹ Ngãi","phuong_my_ngai","phường","1791616658326","1791616658326"
"0ba38a9c-4758-5a7f-859d-438d88e09f72","5b8e4edb-0963-5e36-8d78-ac91f9a93c7c","29888","Phường Mỹ Trà","phuong_my_tra","phường","1791616658326","1791616658326"
"ff65c6b9-af7e-5a4c-a653-8d6f40ebe9b6","5b8e4edb-0963-5e36-8d78-ac91f9a93c7c","29905","Phường Sa Đéc","phuong_sa_dec","phường","1791616658326","1791616658326"
"791705ba-356c-5567-935a-8e06ad0b8efe","5b8e4edb-0963-5e36-8d78-ac91f9a93c7c","29926","Xã Tân Hồng","xa_tan_hong","xã","1791616658326","1791616658326"
"ba176514-ee6a-508b-99e0-15a34aa609c3","5b8e4edb-0963-5e36-8d78-ac91f9a93c7c","29929","Xã Tân Hộ Cơ","xa_tan_ho_co","xã","1791616658326","1791616658326"
"8ad110a5-a806-5263-bc7e-3640ff711bda","5b8e4edb-0963-5e36-8d78-ac91f9a93c7c","29938","Xã Tân Thành","xa_tan_thanh","xã","1791616658326","1791616658326"
"7d78ec10-4b21-5b27-ba7a-e415131746d6","5b8e4edb-0963-5e36-8d78-ac91f9a93c7c","29944","Xã An Phước","xa_an_phuoc","xã","1791616658326","1791616658326"
"805df1b3-cf98-5b2f-af1f-3df81a3849be","5b8e4edb-0963-5e36-8d78-ac91f9a93c7c","29954","Phường An Bình","phuong_an_binh","phường","1791616658326","1791616658326"
"ce345278-3d65-5911-8c70-27ddb65c52c3","5b8e4edb-0963-5e36-8d78-ac91f9a93c7c","29955","Phường Hồng Ngự","phuong_hong_ngu","phường","1791616658326","1791616658326"
"a3a82e9a-9a2c-51d6-9946-d6fe03be3815","5b8e4edb-0963-5e36-8d78-ac91f9a93c7c","29971","Xã Thường Phước","xa_thuong_phuoc","xã","1791616658326","1791616658326"
"9a7b85f2-5ea7-5af5-889c-fb9359474fd3","5b8e4edb-0963-5e36-8d78-ac91f9a93c7c","29978","Phường Thường Lạc","phuong_thuong_lac","phường","1791616658326","1791616658326"
"b8ec2950-2bf9-53b9-a838-4d780f9e4392","5b8e4edb-0963-5e36-8d78-ac91f9a93c7c","29983","Xã Long Khánh","xa_long_khanh","xã","1791616658326","1791616658326"
"7a3168ac-650c-5069-a60b-2822cd7d17da","5b8e4edb-0963-5e36-8d78-ac91f9a93c7c","29992","Xã Long Phú Thuận","xa_long_phu_thuan","xã","1791616658326","1791616658326"
"d528b67d-7eca-5733-8b6f-8f5c4fd2752d","5b8e4edb-0963-5e36-8d78-ac91f9a93c7c","30001","Xã Tràm Chim","xa_tram_chim","xã","1791616658326","1791616658326"
"378e1446-6d71-59f3-81b4-088bd44b8e4e","5b8e4edb-0963-5e36-8d78-ac91f9a93c7c","30010","Xã Tam Nông","xa_tam_nong","xã","1791616658326","1791616658326"
"053db6c4-a08b-5aea-b47a-eea1df027908","5b8e4edb-0963-5e36-8d78-ac91f9a93c7c","30019","Xã An Hòa","xa_an_hoa","xã","1791616658326","1791616658326"
"45d80362-e16b-5fcc-884e-5c1abcfe903c","5b8e4edb-0963-5e36-8d78-ac91f9a93c7c","30025","Xã Phú Cường","xa_phu_cuong","xã","1791616658326","1791616658326"
"5b96c2ca-5768-5991-8ca5-6df18c9de019","5b8e4edb-0963-5e36-8d78-ac91f9a93c7c","30028","Xã An Long","xa_an_long","xã","1791616658326","1791616658326"
"656eb1e7-1f0d-56e1-a341-7830e81a94a5","5b8e4edb-0963-5e36-8d78-ac91f9a93c7c","30034","Xã Phú Thọ","xa_phu_tho","xã","1791616658326","1791616658326"
"c2fcf5c2-d8dd-5d42-89be-a91d0b456800","5b8e4edb-0963-5e36-8d78-ac91f9a93c7c","30037","Xã Tháp Mười","xa_thap_muoi","xã","1791616658326","1791616658326"
"683015ec-c6da-5691-93cb-d1e87a7e0829","5b8e4edb-0963-5e36-8d78-ac91f9a93c7c","30043","Xã Phương Thịnh","xa_phuong_thinh","xã","1791616658326","1791616658326"
"f7da78ff-970f-55c1-9a5e-de7341174113","5b8e4edb-0963-5e36-8d78-ac91f9a93c7c","30046","Xã Trường Xuân","xa_truong_xuan","xã","1791616658326","1791616658326"
"c8442364-3fa3-583c-ba36-c0cf601e1169","5b8e4edb-0963-5e36-8d78-ac91f9a93c7c","30055","Xã Mỹ Quí","xa_my_qui","xã","1791616658326","1791616658326"
"fc64a3ba-682f-5773-b341-c675acdd0359","5b8e4edb-0963-5e36-8d78-ac91f9a93c7c","30061","Xã Đốc Binh Kiều","xa_doc_binh_kieu","xã","1791616658326","1791616658326"
"6b803260-8a30-502c-a6ea-629de3e39f74","5b8e4edb-0963-5e36-8d78-ac91f9a93c7c","30073","Xã Thanh Mỹ","xa_thanh_my","xã","1791616658326","1791616658326"
"ae4fdf4b-9290-53de-812b-04709f44bc71","5b8e4edb-0963-5e36-8d78-ac91f9a93c7c","30076","Xã Mỹ Thọ","xa_my_tho","xã","1791616658326","1791616658326"
"31b136ed-196a-5ff6-9c17-8c8adddb5797","5b8e4edb-0963-5e36-8d78-ac91f9a93c7c","30085","Xã Ba Sao","xa_ba_sao","xã","1791616658326","1791616658326"
"954da28e-00a6-5c44-836e-77edccb0c356","5b8e4edb-0963-5e36-8d78-ac91f9a93c7c","30088","Xã Phong Mỹ","xa_phong_my","xã","1791616658326","1791616658326"
"aa36ecc8-fdd8-5117-970d-f417668a2b33","5b8e4edb-0963-5e36-8d78-ac91f9a93c7c","30112","Xã Mỹ Hiệp","xa_my_hiep","xã","1791616658326","1791616658326"
"d4eabd9c-486b-50db-9230-cdb404ef8b1a","5b8e4edb-0963-5e36-8d78-ac91f9a93c7c","30118","Xã Bình Hàng Trung","xa_binh_hang_trung","xã","1791616658326","1791616658326"
"8a729567-93ec-5bc5-ba93-e90f7512a5e1","5b8e4edb-0963-5e36-8d78-ac91f9a93c7c","30130","Xã Thanh Bình","xa_thanh_binh","xã","1791616658326","1791616658326"
"ab66290e-2870-5b65-91d4-e903c5e6722d","5b8e4edb-0963-5e36-8d78-ac91f9a93c7c","30154","Xã Tân Long","xa_tan_long","xã","1791616658326","1791616658326"
"91b42d92-4db1-5624-bc4c-d00813fcef32","5b8e4edb-0963-5e36-8d78-ac91f9a93c7c","30157","Xã Tân Thạnh","xa_tan_thanh","xã","1791616658326","1791616658326"
"aab71365-93e8-5fe4-af52-282ad73079a1","5b8e4edb-0963-5e36-8d78-ac91f9a93c7c","30163","Xã Bình Thành","xa_binh_thanh","xã","1791616658326","1791616658326"
"f89062fd-8836-5251-9cf7-b0c81ad78f23","5b8e4edb-0963-5e36-8d78-ac91f9a93c7c","30169","Xã Lấp Vò","xa_lap_vo","xã","1791616658326","1791616658326"
"21f13ff0-a006-5483-88f6-18615893f565","5b8e4edb-0963-5e36-8d78-ac91f9a93c7c","30178","Xã Mỹ An Hưng","xa_my_an_hung","xã","1791616658326","1791616658326"
"1e0d6af1-97c8-5195-b4a3-7ae99150f110","5b8e4edb-0963-5e36-8d78-ac91f9a93c7c","30184","Xã Tân Khánh Trung","xa_tan_khanh_trung","xã","1791616658326","1791616658326"
"cfa02624-a862-59e5-b7f2-5488e8ff3257","5b8e4edb-0963-5e36-8d78-ac91f9a93c7c","30208","Xã Hòa Long","xa_hoa_long","xã","1791616658326","1791616658326"
"9c8278bb-560e-5968-933c-dad259afee96","5b8e4edb-0963-5e36-8d78-ac91f9a93c7c","30214","Xã Tân Dương","xa_tan_duong","xã","1791616658326","1791616658326"
"4a213683-66a4-54c6-b444-b32b1828939e","5b8e4edb-0963-5e36-8d78-ac91f9a93c7c","30226","Xã Lai Vung","xa_lai_vung","xã","1791616658326","1791616658326"
"9a5d447c-2ec4-5624-90b7-94ec2dd8d4b4","5b8e4edb-0963-5e36-8d78-ac91f9a93c7c","30235","Xã Phong Hòa","xa_phong_hoa","xã","1791616658326","1791616658326"
"0df509ce-229c-55d8-a7d7-1d4a0cf167fd","5b8e4edb-0963-5e36-8d78-ac91f9a93c7c","30244","Xã Phú Hựu","xa_phu_huu","xã","1791616658326","1791616658326"
"db2a2c6e-3fd8-5def-9b10-3045a7e463ab","5b8e4edb-0963-5e36-8d78-ac91f9a93c7c","30253","Xã Tân Nhuận Đông","xa_tan_nhuan_dong","xã","1791616658326","1791616658326"
"e6d889c8-5fd9-550a-9d23-42484fde7601","5b8e4edb-0963-5e36-8d78-ac91f9a93c7c","30259","Xã Tân Phú Trung","xa_tan_phu_trung","xã","1791616658326","1791616658326"
"9ae1bdb5-c9e6-5328-b620-49fb2acd236a","4e6d44f5-98f2-5406-a7af-6a6952df9d01","30292","Phường Bình Đức","phuong_binh_duc","phường","1791616658326","1791616658326"
"83519282-a979-549a-9301-fc96b843d4c8","4e6d44f5-98f2-5406-a7af-6a6952df9d01","30301","Phường Mỹ Thới","phuong_my_thoi","phường","1791616658326","1791616658326"
"c339877a-9e4c-5b37-ab5c-6477e2d2036e","4e6d44f5-98f2-5406-a7af-6a6952df9d01","30307","Phường Long Xuyên","phuong_long_xuyen","phường","1791616658326","1791616658326"
"4685f12f-3832-5a68-89f8-1a51b9a40a98","4e6d44f5-98f2-5406-a7af-6a6952df9d01","30313","Xã Mỹ Hòa Hưng","xa_my_hoa_hung","xã","1791616658326","1791616658326"
"a2eef333-9029-5f0f-92e7-e9334af67398","4e6d44f5-98f2-5406-a7af-6a6952df9d01","30316","Phường Châu Đốc","phuong_chau_doc","phường","1791616658326","1791616658326"
"fe6b4212-0c0b-51a2-a2d7-5c48947e5b24","4e6d44f5-98f2-5406-a7af-6a6952df9d01","30325","Phường Vĩnh Tế","phuong_vinh_te","phường","1791616658326","1791616658326"
"07c6d41d-07ef-5297-81d6-948229621487","4e6d44f5-98f2-5406-a7af-6a6952df9d01","30337","Xã An Phú","xa_an_phu","xã","1791616658326","1791616658326"
"66175607-18e5-5fa1-8ebf-ea649e04190e","4e6d44f5-98f2-5406-a7af-6a6952df9d01","30341","Xã Khánh Bình","xa_khanh_binh","xã","1791616658326","1791616658326"
"e999e2a9-636b-5792-af9d-428ddc288868","4e6d44f5-98f2-5406-a7af-6a6952df9d01","30346","Xã Nhơn Hội","xa_nhon_hoi","xã","1791616658326","1791616658326"
"8dbeb62a-908e-594f-b1b6-4fbb707522e2","4e6d44f5-98f2-5406-a7af-6a6952df9d01","30352","Xã Phú Hữu","xa_phu_huu","xã","1791616658326","1791616658326"
"78e69171-4e6e-58b5-b2dd-085a3e7b2e5e","4e6d44f5-98f2-5406-a7af-6a6952df9d01","30367","Xã Vĩnh Hậu","xa_vinh_hau","xã","1791616658326","1791616658326"
"892f6b97-0467-589b-a7a9-978eaf45d085","4e6d44f5-98f2-5406-a7af-6a6952df9d01","30376","Phường Tân Châu","phuong_tan_chau","phường","1791616658326","1791616658326"
"cb9591f7-0129-5469-b44e-a48837f69c97","4e6d44f5-98f2-5406-a7af-6a6952df9d01","30377","Phường Long Phú","phuong_long_phu","phường","1791616658326","1791616658326"
"e2a111f0-ce02-53d7-b2b2-49850e93d738","4e6d44f5-98f2-5406-a7af-6a6952df9d01","30385","Xã Vĩnh Xương","xa_vinh_xuong","xã","1791616658326","1791616658326"
"7675412a-6c24-5c0e-8c46-646ac3b60874","4e6d44f5-98f2-5406-a7af-6a6952df9d01","30388","Xã Tân An","xa_tan_an","xã","1791616658326","1791616658326"
"4c5571e6-ba0e-5ec3-a149-4216a3adc15a","4e6d44f5-98f2-5406-a7af-6a6952df9d01","30403","Xã Châu Phong","xa_chau_phong","xã","1791616658326","1791616658326"
"2bbc059e-425b-55c2-bd57-695112c79d45","4e6d44f5-98f2-5406-a7af-6a6952df9d01","30406","Xã Phú Tân","xa_phu_tan","xã","1791616658326","1791616658326"
"e053f24c-856a-5135-87a3-b40929b390fa","4e6d44f5-98f2-5406-a7af-6a6952df9d01","30409","Xã Chợ Vàm","xa_cho_vam","xã","1791616658326","1791616658326"
"6aa27db0-1c8a-5042-bcae-75fa2ae2ca57","4e6d44f5-98f2-5406-a7af-6a6952df9d01","30421","Xã Phú Lâm","xa_phu_lam","xã","1791616658326","1791616658326"
"a18c1d9b-00e3-580c-b5bd-41d341ca0bbd","4e6d44f5-98f2-5406-a7af-6a6952df9d01","30430","Xã Hòa Lạc","xa_hoa_lac","xã","1791616658326","1791616658326"
"78627ced-da9f-5ab8-8805-3b0a40f989bf","4e6d44f5-98f2-5406-a7af-6a6952df9d01","30436","Xã Phú An","xa_phu_an","xã","1791616658326","1791616658326"
"b4c9b6b1-94bd-5284-ab92-c84e51d7920b","4e6d44f5-98f2-5406-a7af-6a6952df9d01","30445","Xã Bình Thạnh Đông","xa_binh_thanh_dong","xã","1791616658326","1791616658326"
"250e3615-c393-5c3c-8b11-cf04983c30ad","4e6d44f5-98f2-5406-a7af-6a6952df9d01","30463","Xã Châu Phú","xa_chau_phu","xã","1791616658326","1791616658326"
"171c95ec-bbd3-59a4-bd66-84bf38aa29f0","4e6d44f5-98f2-5406-a7af-6a6952df9d01","30469","Xã Mỹ Đức","xa_my_duc","xã","1791616658326","1791616658326"
"f858ae55-1936-5c7f-8c1e-57be04230e83","4e6d44f5-98f2-5406-a7af-6a6952df9d01","30478","Xã Vĩnh Thạnh Trung","xa_vinh_thanh_trung","xã","1791616658326","1791616658326"
"48e91436-68f5-5536-a3c4-713461eb3e1f","4e6d44f5-98f2-5406-a7af-6a6952df9d01","30481","Xã Thạnh Mỹ Tây","xa_thanh_my_tay","xã","1791616658326","1791616658326"
"81197b08-9025-5f11-bd97-478043b49ba2","4e6d44f5-98f2-5406-a7af-6a6952df9d01","30487","Xã Bình Mỹ","xa_binh_my","xã","1791616658326","1791616658326"
"e4bd0f7b-a07e-5bb8-820d-8ba2a7e59f12","4e6d44f5-98f2-5406-a7af-6a6952df9d01","30502","Phường Thới Sơn","phuong_thoi_son","phường","1791616658326","1791616658326"
"5016bd8e-30c8-5eba-886a-552730a45dba","4e6d44f5-98f2-5406-a7af-6a6952df9d01","30505","Phường Chi Lăng","phuong_chi_lang","phường","1791616658326","1791616658326"
"959cec0f-591f-5d52-815b-968c5bfdaae8","4e6d44f5-98f2-5406-a7af-6a6952df9d01","30520","Phường Tịnh Biên","phuong_tinh_bien","phường","1791616658326","1791616658326"
"8bee46c5-bf6d-5498-97f1-87b632483e22","4e6d44f5-98f2-5406-a7af-6a6952df9d01","30526","Xã An Cư","xa_an_cu","xã","1791616658326","1791616658326"
"66c54668-713e-5f4b-9706-fa30cdfa8f6d","4e6d44f5-98f2-5406-a7af-6a6952df9d01","30538","Xã Núi Cấm","xa_nui_cam","xã","1791616658326","1791616658326"
"f4d1546c-9c89-5d8b-b55b-c4860185eb81","4e6d44f5-98f2-5406-a7af-6a6952df9d01","30544","Xã Tri Tôn","xa_tri_ton","xã","1791616658326","1791616658326"
"1daec7c7-f313-5f7a-83f7-bf0ad6dea174","4e6d44f5-98f2-5406-a7af-6a6952df9d01","30547","Xã Ba Chúc","xa_ba_chuc","xã","1791616658326","1791616658326"
"4427e99b-32b7-516a-bed7-ddc2abdfb2b2","4e6d44f5-98f2-5406-a7af-6a6952df9d01","30568","Xã Vĩnh Gia","xa_vinh_gia","xã","1791616658326","1791616658326"
"8efbb7f9-c5a5-5355-9dfc-07921f51d067","4e6d44f5-98f2-5406-a7af-6a6952df9d01","30577","Xã Ô Lâm","xa_o_lam","xã","1791616658326","1791616658326"
"ab97346a-3ab4-5166-94e3-9c4db78238c0","4e6d44f5-98f2-5406-a7af-6a6952df9d01","30580","Xã Cô Tô","xa_co_to","xã","1791616658326","1791616658326"
"392127ed-ab54-56f5-9a80-6e18428703cc","4e6d44f5-98f2-5406-a7af-6a6952df9d01","30589","Xã An Châu","xa_an_chau","xã","1791616658326","1791616658326"
"e7477a11-e7fa-5c7f-979a-0214355a623c","4e6d44f5-98f2-5406-a7af-6a6952df9d01","30595","Xã Cần Đăng","xa_can_dang","xã","1791616658326","1791616658326"
"c2e850cb-21e0-5d1a-87d6-c8c877084198","4e6d44f5-98f2-5406-a7af-6a6952df9d01","30604","Xã Vĩnh An","xa_vinh_an","xã","1791616658326","1791616658326"
"828de7b8-7a03-59d6-9231-e486082d5278","4e6d44f5-98f2-5406-a7af-6a6952df9d01","30607","Xã Bình Hòa","xa_binh_hoa","xã","1791616658326","1791616658326"
"200b494c-b3c9-5423-a42e-f5a47ddfee55","4e6d44f5-98f2-5406-a7af-6a6952df9d01","30619","Xã Vĩnh Hanh","xa_vinh_hanh","xã","1791616658326","1791616658326"
"65b0f45c-93e9-52da-8129-1ae9ad2b4882","4e6d44f5-98f2-5406-a7af-6a6952df9d01","30628","Xã Chợ Mới","xa_cho_moi","xã","1791616658326","1791616658326"
"47a28b5c-533a-5eec-8681-d61690c827c4","4e6d44f5-98f2-5406-a7af-6a6952df9d01","30631","Xã Long Điền","xa_long_dien","xã","1791616658326","1791616658326"
"42625c3b-230a-5e9c-b922-8d12f73d9c1e","4e6d44f5-98f2-5406-a7af-6a6952df9d01","30643","Xã Cù Lao Giêng","xa_cu_lao_gieng","xã","1791616658326","1791616658326"
"825cc95f-f6f5-57f3-807a-25ccf42a3290","4e6d44f5-98f2-5406-a7af-6a6952df9d01","30658","Xã Nhơn Mỹ","xa_nhon_my","xã","1791616658326","1791616658326"
"b863c488-aa4e-5f5d-ad77-448bb70487dd","4e6d44f5-98f2-5406-a7af-6a6952df9d01","30664","Xã Long Kiến","xa_long_kien","xã","1791616658326","1791616658326"
"fe238016-bed4-5163-bae5-bb20b897ef3b","4e6d44f5-98f2-5406-a7af-6a6952df9d01","30673","Xã Hội An","xa_hoi_an","xã","1791616658326","1791616658326"
"a18bdf3e-4242-5559-a3b0-5da6420c048e","4e6d44f5-98f2-5406-a7af-6a6952df9d01","30682","Xã Thoại Sơn","xa_thoai_son","xã","1791616658326","1791616658326"
"9335780e-90dc-5e00-9601-90d043b94e60","4e6d44f5-98f2-5406-a7af-6a6952df9d01","30685","Xã Phú Hòa","xa_phu_hoa","xã","1791616658326","1791616658326"
"6ae309fd-f6e3-54aa-9886-4e5f556fbf02","4e6d44f5-98f2-5406-a7af-6a6952df9d01","30688","Xã Óc Eo","xa_oc_eo","xã","1791616658326","1791616658326"
"3f93ce24-7723-584a-8208-d9031be01923","4e6d44f5-98f2-5406-a7af-6a6952df9d01","30691","Xã Tây Phú","xa_tay_phu","xã","1791616658326","1791616658326"
"abaeeca5-81a8-5dae-b891-cdda275f26c8","4e6d44f5-98f2-5406-a7af-6a6952df9d01","30697","Xã Vĩnh Trạch","xa_vinh_trach","xã","1791616658326","1791616658326"
"fd0d20be-956b-535e-a4dc-e0018845df2c","4e6d44f5-98f2-5406-a7af-6a6952df9d01","30709","Xã Định Mỹ","xa_dinh_my","xã","1791616658326","1791616658326"
"51c64936-8708-51f4-800b-67ffc9c469b0","4e6d44f5-98f2-5406-a7af-6a6952df9d01","30742","Phường Rạch Giá","phuong_rach_gia","phường","1791616658326","1791616658326"
"338c1c80-a712-5a24-bb9e-aff491c4b613","4e6d44f5-98f2-5406-a7af-6a6952df9d01","30760","Phường Vĩnh Thông","phuong_vinh_thong","phường","1791616658326","1791616658326"
"a84e82c5-1aca-5aea-b0d6-c15116f9b972","4e6d44f5-98f2-5406-a7af-6a6952df9d01","30766","Phường Tô Châu","phuong_to_chau","phường","1791616658326","1791616658326"
"5ce335ca-57e6-5d01-b377-b9c6e92606c7","4e6d44f5-98f2-5406-a7af-6a6952df9d01","30769","Phường Hà Tiên","phuong_ha_tien","phường","1791616658326","1791616658326"
"f1bddf74-94e3-59f0-836d-2f2469995979","4e6d44f5-98f2-5406-a7af-6a6952df9d01","30781","Xã Tiên Hải","xa_tien_hai","xã","1791616658326","1791616658326"
"f0a97d9a-941b-5098-8c50-9cccf23b02e9","4e6d44f5-98f2-5406-a7af-6a6952df9d01","30787","Xã Kiên Lương","xa_kien_luong","xã","1791616658326","1791616658326"
"ed92f25d-6891-5133-ac2c-4f507a0fff1b","4e6d44f5-98f2-5406-a7af-6a6952df9d01","30790","Xã Hòa Điền","xa_hoa_dien","xã","1791616658326","1791616658326"
"0373fd3d-4e21-5269-9ab4-4d632cb82e6b","4e6d44f5-98f2-5406-a7af-6a6952df9d01","30793","Xã Vĩnh Điều","xa_vinh_dieu","xã","1791616658326","1791616658326"
"bfae6035-fd5d-5e31-91fb-69a1cd8355d2","4e6d44f5-98f2-5406-a7af-6a6952df9d01","30796","Xã Giang Thành","xa_giang_thanh","xã","1791616658326","1791616658326"
"675d709e-6b5c-5f52-bc8a-ad37140703ef","4e6d44f5-98f2-5406-a7af-6a6952df9d01","30811","Xã Sơn Hải","xa_son_hai","xã","1791616658326","1791616658326"
"6fcafed8-c03f-5365-aa21-53b016bf0b4a","4e6d44f5-98f2-5406-a7af-6a6952df9d01","30814","Xã Hòn Nghệ","xa_hon_nghe","xã","1791616658326","1791616658326"
"11c5a155-c22d-5502-8bc5-bcd6db7dc9a6","4e6d44f5-98f2-5406-a7af-6a6952df9d01","30817","Xã Hòn Đất","xa_hon_dat","xã","1791616658326","1791616658326"
"abeb3c25-dc18-5c7b-9f69-3595c5e8a4ec","4e6d44f5-98f2-5406-a7af-6a6952df9d01","30823","Xã Bình Sơn","xa_binh_son","xã","1791616658326","1791616658326"
"50c5733e-e192-5d0c-bb7d-3dc0ba4c1f58","4e6d44f5-98f2-5406-a7af-6a6952df9d01","30826","Xã Bình Giang","xa_binh_giang","xã","1791616658326","1791616658326"
"4791df46-6115-56fc-ad49-658c5606124f","4e6d44f5-98f2-5406-a7af-6a6952df9d01","30835","Xã Sơn Kiên","xa_son_kien","xã","1791616658326","1791616658326"
"17292813-031b-52a0-b11f-b0380f30c893","4e6d44f5-98f2-5406-a7af-6a6952df9d01","30838","Xã Mỹ Thuận","xa_my_thuan","xã","1791616658326","1791616658326"
"9bb429e7-7ded-5bbb-b2aa-ce8824055212","4e6d44f5-98f2-5406-a7af-6a6952df9d01","30850","Xã Tân Hiệp","xa_tan_hiep","xã","1791616658326","1791616658326"
"ca60d53f-e65e-5064-892f-80433d4e6d4f","4e6d44f5-98f2-5406-a7af-6a6952df9d01","30856","Xã Tân Hội","xa_tan_hoi","xã","1791616658326","1791616658326"
"72328f2f-5471-5df2-9805-87d16dbedad7","4e6d44f5-98f2-5406-a7af-6a6952df9d01","30874","Xã Thạnh Đông","xa_thanh_dong","xã","1791616658326","1791616658326"
"6fcf3ad1-3dce-56b2-b3c9-ac9b9ca7b854","4e6d44f5-98f2-5406-a7af-6a6952df9d01","30880","Xã Châu Thành","xa_chau_thanh","xã","1791616658326","1791616658326"
"92d6b8ed-4ae1-526d-8565-0be82cd0d41b","4e6d44f5-98f2-5406-a7af-6a6952df9d01","30886","Xã Thạnh Lộc","xa_thanh_loc","xã","1791616658326","1791616658326"
"0a8195d0-3bda-562b-81b9-050eae51c20a","4e6d44f5-98f2-5406-a7af-6a6952df9d01","30898","Xã Bình An","xa_binh_an","xã","1791616658326","1791616658326"
"d523c300-ca6e-572f-80fd-b3801e10d1ab","4e6d44f5-98f2-5406-a7af-6a6952df9d01","30904","Xã Giồng Riềng","xa_giong_rieng","xã","1791616658326","1791616658326"
"1d5ebdab-d720-57cd-9d82-7378a5e84b3c","4e6d44f5-98f2-5406-a7af-6a6952df9d01","30910","Xã Thạnh Hưng","xa_thanh_hung","xã","1791616658326","1791616658326"
"fc556fcf-4f07-5a12-949e-b3edf812ce14","4e6d44f5-98f2-5406-a7af-6a6952df9d01","30928","Xã Ngọc Chúc","xa_ngoc_chuc","xã","1791616658326","1791616658326"
"2c7a2b56-6fdb-5c9f-93bb-6b9c339fd86f","4e6d44f5-98f2-5406-a7af-6a6952df9d01","30934","Xã Hòa Hưng","xa_hoa_hung","xã","1791616658326","1791616658326"
"a2ed6e2d-7956-5dc6-95be-c5e1f2753e5d","4e6d44f5-98f2-5406-a7af-6a6952df9d01","30943","Xã Long Thạnh","xa_long_thanh","xã","1791616658326","1791616658326"
"0d607eec-4405-53b3-8c87-fcb97ccad8bc","4e6d44f5-98f2-5406-a7af-6a6952df9d01","30949","Xã Hòa Thuận","xa_hoa_thuan","xã","1791616658326","1791616658326"
"8e49ffc2-db0c-55f9-b1d3-f05caf1368bb","4e6d44f5-98f2-5406-a7af-6a6952df9d01","30952","Xã Gò Quao","xa_go_quao","xã","1791616658326","1791616658326"
"f88977c8-b373-5d77-ae0a-4fe7ef39725b","4e6d44f5-98f2-5406-a7af-6a6952df9d01","30958","Xã Định Hòa","xa_dinh_hoa","xã","1791616658326","1791616658326"
"9b360093-c703-5cc3-8093-d1d4efce0f88","4e6d44f5-98f2-5406-a7af-6a6952df9d01","30970","Xã Vĩnh Hòa Hưng","xa_vinh_hoa_hung","xã","1791616658326","1791616658326"
"fd742519-80ea-5968-9319-edb554054da5","4e6d44f5-98f2-5406-a7af-6a6952df9d01","30982","Xã Vĩnh Tuy","xa_vinh_tuy","xã","1791616658326","1791616658326"
"43af6755-0048-50a4-ac05-ab1e0bb9d9b1","4e6d44f5-98f2-5406-a7af-6a6952df9d01","30985","Xã An Biên","xa_an_bien","xã","1791616658326","1791616658326"
"98ce0ddb-4eb6-5617-a4f2-6307151172ca","4e6d44f5-98f2-5406-a7af-6a6952df9d01","30988","Xã Tây Yên","xa_tay_yen","xã","1791616658326","1791616658326"
"8f587d93-6c36-5971-8fad-8bd5bd211d2c","4e6d44f5-98f2-5406-a7af-6a6952df9d01","31006","Xã Đông Thái","xa_dong_thai","xã","1791616658326","1791616658326"
"19b3762a-dfd4-5806-9401-d57e21aeb40b","4e6d44f5-98f2-5406-a7af-6a6952df9d01","31012","Xã Vĩnh Hòa","xa_vinh_hoa","xã","1791616658326","1791616658326"
"d4230f75-87cb-5b40-9109-6d9a3764a193","4e6d44f5-98f2-5406-a7af-6a6952df9d01","31018","Xã An Minh","xa_an_minh","xã","1791616658326","1791616658326"
"6361f19b-91b9-5148-ac5e-f4dacaf17620","4e6d44f5-98f2-5406-a7af-6a6952df9d01","31024","Xã Đông Hòa","xa_dong_hoa","xã","1791616658326","1791616658326"
"c6727b1d-3686-5fdd-8620-6ac918a94562","4e6d44f5-98f2-5406-a7af-6a6952df9d01","31027","Xã U Minh Thượng","xa_u_minh_thuong","xã","1791616658326","1791616658326"
"9874aa6c-fbce-5485-b6e2-3efa31d90689","4e6d44f5-98f2-5406-a7af-6a6952df9d01","31031","Xã Tân Thạnh","xa_tan_thanh","xã","1791616658326","1791616658326"
"2a044e0c-1a5a-59ba-b2b0-d9328c0ca28a","4e6d44f5-98f2-5406-a7af-6a6952df9d01","31036","Xã Đông Hưng","xa_dong_hung","xã","1791616658326","1791616658326"
"543b2047-7394-567c-b4af-ea833ac8ff6a","4e6d44f5-98f2-5406-a7af-6a6952df9d01","31042","Xã Vân Khánh","xa_van_khanh","xã","1791616658326","1791616658326"
"04568801-8142-5034-aace-0096e962683c","4e6d44f5-98f2-5406-a7af-6a6952df9d01","31051","Xã Vĩnh Phong","xa_vinh_phong","xã","1791616658326","1791616658326"
"330b2583-717c-505a-b429-2149c99eb325","4e6d44f5-98f2-5406-a7af-6a6952df9d01","31064","Xã Vĩnh Bình","xa_vinh_binh","xã","1791616658326","1791616658326"
"79154d0a-82ce-59e1-a485-0469f62dd6a4","4e6d44f5-98f2-5406-a7af-6a6952df9d01","31069","Xã Vĩnh Thuận","xa_vinh_thuan","xã","1791616658326","1791616658326"
"00ea0966-fb29-5533-ae3e-58e91a4c9bd5","4e6d44f5-98f2-5406-a7af-6a6952df9d01","31078","Đặc khu Phú Quốc","dac_khu_phu_quoc","đặc khu","1791616658326","1791616658326"
"91bfade4-c074-5e07-af67-e1845081107b","4e6d44f5-98f2-5406-a7af-6a6952df9d01","31105","Đặc khu Thổ Châu","dac_khu_tho_chau","đặc khu","1791616658326","1791616658326"
"3f21339e-2ccb-529d-af79-0b6cdd78ad85","4e6d44f5-98f2-5406-a7af-6a6952df9d01","31108","Đặc khu Kiên Hải","dac_khu_kien_hai","đặc khu","1791616658326","1791616658326"
"bddcfdf6-69e4-5ad5-a39f-f3f59be0f33f","f3b1191b-51cb-5e4d-9168-3f47d78799f7","31120","Phường Cái Khế","phuong_cai_khe","phường","1791616658326","1791616658326"
"afda940d-b35a-5abc-95da-57750d9c59b1","f3b1191b-51cb-5e4d-9168-3f47d78799f7","31135","Phường Ninh Kiều","phuong_ninh_kieu","phường","1791616658326","1791616658326"
"0e6fc2a1-4765-5c94-9a47-b1cdb0b7058c","f3b1191b-51cb-5e4d-9168-3f47d78799f7","31147","Phường Tân An","phuong_tan_an","phường","1791616658326","1791616658326"
"64d4a4dd-e33d-5023-be62-1135777b339b","f3b1191b-51cb-5e4d-9168-3f47d78799f7","31150","Phường An Bình","phuong_an_binh","phường","1791616658326","1791616658326"
"1c8ee49d-4943-5515-abd8-1043d4f131cf","f3b1191b-51cb-5e4d-9168-3f47d78799f7","31153","Phường Ô Môn","phuong_o_mon","phường","1791616658326","1791616658326"
"0d28c17b-7419-56cc-8ee6-669502e076bf","f3b1191b-51cb-5e4d-9168-3f47d78799f7","31157","Phường Thới Long","phuong_thoi_long","phường","1791616658326","1791616658326"
"5c632246-a3cc-596d-ad78-9b28742983ab","f3b1191b-51cb-5e4d-9168-3f47d78799f7","31162","Phường Phước Thới","phuong_phuoc_thoi","phường","1791616658326","1791616658326"
"f78a8c36-a23f-571e-a909-72fec1c78b76","f3b1191b-51cb-5e4d-9168-3f47d78799f7","31168","Phường Bình Thủy","phuong_binh_thuy","phường","1791616658326","1791616658326"
"21e72e5a-3f75-54bd-8ddf-d7736588349f","f3b1191b-51cb-5e4d-9168-3f47d78799f7","31174","Phường Thới An Đông","phuong_thoi_an_dong","phường","1791616658326","1791616658326"
"021b845a-40e8-53ef-bfa6-80f72a0116d7","f3b1191b-51cb-5e4d-9168-3f47d78799f7","31183","Phường Long Tuyền","phuong_long_tuyen","phường","1791616658326","1791616658326"
"f47d2c57-6e93-52b5-9468-f0407ef01e9a","f3b1191b-51cb-5e4d-9168-3f47d78799f7","31186","Phường Cái Răng","phuong_cai_rang","phường","1791616658326","1791616658326"
"cd1905fe-03e8-5475-a018-adb2209d9d74","f3b1191b-51cb-5e4d-9168-3f47d78799f7","31201","Phường Hưng Phú","phuong_hung_phu","phường","1791616658326","1791616658326"
"478f7519-f866-5cfa-87ac-faf2f73cf21d","f3b1191b-51cb-5e4d-9168-3f47d78799f7","31207","Phường Thốt Nốt","phuong_thot_not","phường","1791616658326","1791616658326"
"aa48eb18-40b7-575f-9f2d-69caa4212ba6","f3b1191b-51cb-5e4d-9168-3f47d78799f7","31213","Phường Tân Lộc","phuong_tan_loc","phường","1791616658326","1791616658326"
"4bf9be19-97fc-579d-9c01-42a5900fe04d","f3b1191b-51cb-5e4d-9168-3f47d78799f7","31217","Phường Trung Nhứt","phuong_trung_nhut","phường","1791616658326","1791616658326"
"0cc05f2f-e246-5977-947c-c990ff8e81dd","f3b1191b-51cb-5e4d-9168-3f47d78799f7","31228","Phường Thuận Hưng","phuong_thuan_hung","phường","1791616658326","1791616658326"
"c3ffcb88-a11a-5af1-8c96-f95ef9327fa0","f3b1191b-51cb-5e4d-9168-3f47d78799f7","31231","Xã Thạnh An","xa_thanh_an","xã","1791616658326","1791616658326"
"3b25642e-c4e7-5df0-9c38-261b5a34d196","f3b1191b-51cb-5e4d-9168-3f47d78799f7","31232","Xã Vĩnh Thạnh","xa_vinh_thanh","xã","1791616658326","1791616658326"
"f6517dca-e85b-51cc-991d-9a83ca9f3d7d","f3b1191b-51cb-5e4d-9168-3f47d78799f7","31237","Xã Vĩnh Trinh","xa_vinh_trinh","xã","1791616658326","1791616658326"
"b6e8a155-0332-5653-819e-ed88bf62ab71","f3b1191b-51cb-5e4d-9168-3f47d78799f7","31246","Xã Thạnh Quới","xa_thanh_quoi","xã","1791616658326","1791616658326"
"46afe91d-25b0-5726-9b7d-60b9be699a91","f3b1191b-51cb-5e4d-9168-3f47d78799f7","31249","Xã Thạnh Phú","xa_thanh_phu","xã","1791616658326","1791616658326"
"6daa92e6-39e5-5c89-8eda-6ed86b1851bf","f3b1191b-51cb-5e4d-9168-3f47d78799f7","31255","Xã Trung Hưng","xa_trung_hung","xã","1791616658326","1791616658326"
"17a4262e-9c4c-507c-a8cc-ba6bd372ab50","f3b1191b-51cb-5e4d-9168-3f47d78799f7","31258","Xã Thới Lai","xa_thoi_lai","xã","1791616658326","1791616658326"
"6d65aae4-e02b-5cf1-afa8-14d4cf9646a9","f3b1191b-51cb-5e4d-9168-3f47d78799f7","31261","Xã Cờ Đỏ","xa_co_do","xã","1791616658326","1791616658326"
"ecf684a2-e78f-50fd-98cb-4f42531b75fe","f3b1191b-51cb-5e4d-9168-3f47d78799f7","31264","Xã Thới Hưng","xa_thoi_hung","xã","1791616658326","1791616658326"
"4b88c302-0460-57f2-afea-8b8a18c99d63","f3b1191b-51cb-5e4d-9168-3f47d78799f7","31273","Xã Đông Hiệp","xa_dong_hiep","xã","1791616658326","1791616658326"
"cd338f17-1bb8-5558-af18-0a3c1a59b54f","f3b1191b-51cb-5e4d-9168-3f47d78799f7","31282","Xã Đông Thuận","xa_dong_thuan","xã","1791616658326","1791616658326"
"c859199c-1518-5b24-b2d4-e3e1c22a4401","f3b1191b-51cb-5e4d-9168-3f47d78799f7","31288","Xã Trường Thành","xa_truong_thanh","xã","1791616658326","1791616658326"
"d8def8fb-02d2-5cfc-86d6-c94d0d24db5e","f3b1191b-51cb-5e4d-9168-3f47d78799f7","31294","Xã Trường Xuân","xa_truong_xuan","xã","1791616658326","1791616658326"
"b2b0b198-8d4b-5cc4-ae15-1440af4b8bbe","f3b1191b-51cb-5e4d-9168-3f47d78799f7","31299","Xã Phong Điền","xa_phong_dien","xã","1791616658326","1791616658326"
"fcf937f0-bd8f-5b76-a6c8-6fe70d3a8b20","f3b1191b-51cb-5e4d-9168-3f47d78799f7","31309","Xã Trường Long","xa_truong_long","xã","1791616658326","1791616658326"
"01328697-db65-5b07-8dac-1d0289b06f44","f3b1191b-51cb-5e4d-9168-3f47d78799f7","31315","Xã Nhơn Ái","xa_nhon_ai","xã","1791616658326","1791616658326"
"5e19864e-f276-5a2a-87d4-bb5ad9b50348","f3b1191b-51cb-5e4d-9168-3f47d78799f7","31321","Phường Vị Thanh","phuong_vi_thanh","phường","1791616658326","1791616658326"
"69a0aefe-4501-58cf-96c0-911144c44fc8","f3b1191b-51cb-5e4d-9168-3f47d78799f7","31333","Phường Vị Tân","phuong_vi_tan","phường","1791616658326","1791616658326"
"ef052ab7-0d95-5fd1-92f1-0d1f41c393f7","f3b1191b-51cb-5e4d-9168-3f47d78799f7","31338","Xã Hỏa Lựu","xa_hoa_luu","xã","1791616658326","1791616658326"
"eab5f034-784f-50b3-9ac0-2d7abaf87327","f3b1191b-51cb-5e4d-9168-3f47d78799f7","31340","Phường Ngã Bảy","phuong_nga_bay","phường","1791616658326","1791616658326"
"0976ffba-5c6a-519b-832b-6528eab2af1e","f3b1191b-51cb-5e4d-9168-3f47d78799f7","31342","Xã Tân Hòa","xa_tan_hoa","xã","1791616658326","1791616658326"
"b597cd55-8414-5513-8749-86b6860552af","f3b1191b-51cb-5e4d-9168-3f47d78799f7","31348","Xã Trường Long Tây","xa_truong_long_tay","xã","1791616658326","1791616658326"
"ea1cb15f-b9f3-59f5-818e-5e5333ee3310","f3b1191b-51cb-5e4d-9168-3f47d78799f7","31360","Xã Thạnh Xuân","xa_thanh_xuan","xã","1791616658326","1791616658326"
"ac9362a4-ffe2-5144-ad8b-656572df0088","f3b1191b-51cb-5e4d-9168-3f47d78799f7","31366","Xã Châu Thành","xa_chau_thanh","xã","1791616658326","1791616658326"
"4759dd18-3727-571c-b337-b8bf0ed9d400","f3b1191b-51cb-5e4d-9168-3f47d78799f7","31369","Xã Đông Phước","xa_dong_phuoc","xã","1791616658326","1791616658326"
"ddecfae8-3f83-5db5-8a61-6748a85b3dbb","f3b1191b-51cb-5e4d-9168-3f47d78799f7","31378","Xã Phú Hữu","xa_phu_huu","xã","1791616658326","1791616658326"
"fd4913c4-5090-5fdd-9eba-593a870fd225","f3b1191b-51cb-5e4d-9168-3f47d78799f7","31393","Xã Hòa An","xa_hoa_an","xã","1791616658326","1791616658326"
"8bbbdcca-00a9-5c47-a4c6-2d4066665a97","f3b1191b-51cb-5e4d-9168-3f47d78799f7","31396","Xã Hiệp Hưng","xa_hiep_hung","xã","1791616658326","1791616658326"
"ce54ab42-b4db-5544-9c4e-9f9e80094289","f3b1191b-51cb-5e4d-9168-3f47d78799f7","31399","Xã Tân Bình","xa_tan_binh","xã","1791616658326","1791616658326"
"3f94eac6-fa58-5ff6-ad32-820691311d70","f3b1191b-51cb-5e4d-9168-3f47d78799f7","31408","Xã Thạnh Hòa","xa_thanh_hoa","xã","1791616658326","1791616658326"
"bcfc5d09-4ffc-50b4-8fc6-86bb81df4d05","f3b1191b-51cb-5e4d-9168-3f47d78799f7","31411","Phường Đại Thành","phuong_dai_thanh","phường","1791616658326","1791616658326"
"a83ff628-b93e-5dd7-a662-e0857d23cf07","f3b1191b-51cb-5e4d-9168-3f47d78799f7","31420","Xã Phụng Hiệp","xa_phung_hiep","xã","1791616658326","1791616658326"
"6080c2ab-2f5f-51e4-ba44-467a43fc0083","f3b1191b-51cb-5e4d-9168-3f47d78799f7","31426","Xã Phương Bình","xa_phuong_binh","xã","1791616658326","1791616658326"
"4ed4e82d-174b-5c2d-8ea5-fd82f2abde4d","f3b1191b-51cb-5e4d-9168-3f47d78799f7","31432","Xã Tân Phước Hưng","xa_tan_phuoc_hung","xã","1791616658326","1791616658326"
"14a8b9a6-28cd-51e9-a21d-360d50f694e1","f3b1191b-51cb-5e4d-9168-3f47d78799f7","31441","Xã Vị Thủy","xa_vi_thuy","xã","1791616658326","1791616658326"
"68517918-b130-5b15-b670-a994720a8e9f","f3b1191b-51cb-5e4d-9168-3f47d78799f7","31453","Xã Vĩnh Thuận Đông","xa_vinh_thuan_dong","xã","1791616658326","1791616658326"
"0e295383-f749-5a82-96a8-fa269d93097f","f3b1191b-51cb-5e4d-9168-3f47d78799f7","31459","Xã Vĩnh Tường","xa_vinh_tuong","xã","1791616658326","1791616658326"
"3907a0c2-0273-59f4-93c3-d237b32a98f9","f3b1191b-51cb-5e4d-9168-3f47d78799f7","31465","Xã Vị Thanh 1","xa_vi_thanh_1","xã","1791616658326","1791616658326"
"c5517ce7-eea3-57fe-b512-cf18e9c8aefd","f3b1191b-51cb-5e4d-9168-3f47d78799f7","31471","Phường Long Mỹ","phuong_long_my","phường","1791616658326","1791616658326"
"600f2807-fad6-54d0-a48d-984044bef726","f3b1191b-51cb-5e4d-9168-3f47d78799f7","31473","Phường Long Bình","phuong_long_binh","phường","1791616658326","1791616658326"
"96a88be7-c562-547a-b6f5-cc7a1a874ca8","f3b1191b-51cb-5e4d-9168-3f47d78799f7","31480","Phường Long Phú 1","phuong_long_phu_1","phường","1791616658326","1791616658326"
"109049fe-7eff-5bb8-a070-c4cf3ac4ef17","f3b1191b-51cb-5e4d-9168-3f47d78799f7","31489","Xã Vĩnh Viễn","xa_vinh_vien","xã","1791616658326","1791616658326"
"5001feda-9c8e-5637-9192-77e246cd6fb9","f3b1191b-51cb-5e4d-9168-3f47d78799f7","31492","Xã Lương Tâm","xa_luong_tam","xã","1791616658326","1791616658326"
"3fba5307-4efb-50eb-a668-bd4d315cd2aa","f3b1191b-51cb-5e4d-9168-3f47d78799f7","31495","Xã Xà Phiên","xa_xa_phien","xã","1791616658326","1791616658326"
"86766532-5e68-5533-af74-c95496d7e289","f3b1191b-51cb-5e4d-9168-3f47d78799f7","31507","Phường Sóc Trăng","phuong_soc_trang","phường","1791616658326","1791616658326"
"bf7659f7-b147-5e47-8d29-ecf18c1b0c8d","f3b1191b-51cb-5e4d-9168-3f47d78799f7","31510","Phường Phú Lợi","phuong_phu_loi","phường","1791616658326","1791616658326"
"0d823c68-9a42-556b-8a9a-6ab0b093e932","f3b1191b-51cb-5e4d-9168-3f47d78799f7","31528","Xã Kế Sách","xa_ke_sach","xã","1791616658326","1791616658326"
"e61a8bd9-6c02-5ae3-bf26-34608b58941e","f3b1191b-51cb-5e4d-9168-3f47d78799f7","31531","Xã An Lạc Thôn","xa_an_lac_thon","xã","1791616658326","1791616658326"
"7b087e5d-b8d6-58eb-8e03-9b5e3a6a9bd6","f3b1191b-51cb-5e4d-9168-3f47d78799f7","31537","Xã Phong Nẫm","xa_phong_nam","xã","1791616658326","1791616658326"
"21a2f503-ab75-5262-a003-a214112a2966","f3b1191b-51cb-5e4d-9168-3f47d78799f7","31540","Xã Thới An Hội","xa_thoi_an_hoi","xã","1791616658326","1791616658326"
"71d8b94f-50e8-51df-84f6-97f253363980","f3b1191b-51cb-5e4d-9168-3f47d78799f7","31552","Xã Nhơn Mỹ","xa_nhon_my","xã","1791616658326","1791616658326"
"b222f686-9526-5803-9f3a-87740d66551c","f3b1191b-51cb-5e4d-9168-3f47d78799f7","31561","Xã Đại Hải","xa_dai_hai","xã","1791616658326","1791616658326"
"9bfa7b53-a23f-549c-a208-1b11862a3742","f3b1191b-51cb-5e4d-9168-3f47d78799f7","31567","Xã Mỹ Tú","xa_my_tu","xã","1791616658326","1791616658326"
"7bb33966-e776-5798-baa2-7817d176918f","f3b1191b-51cb-5e4d-9168-3f47d78799f7","31569","Xã Phú Tâm","xa_phu_tam","xã","1791616658326","1791616658326"
"5feb7983-cb65-5da4-89de-ca9dfb86ca1d","f3b1191b-51cb-5e4d-9168-3f47d78799f7","31570","Xã Hồ Đắc Kiện","xa_ho_dac_kien","xã","1791616658326","1791616658326"
"27107997-2705-547b-b899-d99e797d654d","f3b1191b-51cb-5e4d-9168-3f47d78799f7","31579","Xã Long Hưng","xa_long_hung","xã","1791616658326","1791616658326"
"e31b6f1e-1729-5f7a-8deb-5c667511d3e4","f3b1191b-51cb-5e4d-9168-3f47d78799f7","31582","Xã Thuận Hòa","xa_thuan_hoa","xã","1791616658326","1791616658326"
"b1899c0a-59a4-5246-8537-5fc54f4427ff","f3b1191b-51cb-5e4d-9168-3f47d78799f7","31591","Xã Mỹ Hương","xa_my_huong","xã","1791616658326","1791616658326"
"859f1126-31d3-5759-8731-91d4c0195462","f3b1191b-51cb-5e4d-9168-3f47d78799f7","31594","Xã An Ninh","xa_an_ninh","xã","1791616658326","1791616658326"
"4928760b-a006-55f8-bb1d-3dc4353694fe","f3b1191b-51cb-5e4d-9168-3f47d78799f7","31603","Xã Mỹ Phước","xa_my_phuoc","xã","1791616658326","1791616658326"
"3ee3ba12-c732-5bd0-9635-2df3b4701379","f3b1191b-51cb-5e4d-9168-3f47d78799f7","31615","Xã An Thạnh","xa_an_thanh","xã","1791616658326","1791616658326"
"bc1f25fb-c8f8-5f7f-b04f-4949ab46a2a9","f3b1191b-51cb-5e4d-9168-3f47d78799f7","31633","Xã Cù Lao Dung","xa_cu_lao_dung","xã","1791616658326","1791616658326"
"192bc644-f1b4-5749-93f4-a2e7ac633a2c","f3b1191b-51cb-5e4d-9168-3f47d78799f7","31639","Xã Long Phú","xa_long_phu","xã","1791616658326","1791616658326"
"69e99006-d109-584d-a022-cbead2b182c8","f3b1191b-51cb-5e4d-9168-3f47d78799f7","31645","Xã Đại Ngãi","xa_dai_ngai","xã","1791616658326","1791616658326"
"a378adfd-8a3a-553c-9c37-d7fbcb3581d7","f3b1191b-51cb-5e4d-9168-3f47d78799f7","31654","Xã Trường Khánh","xa_truong_khanh","xã","1791616658326","1791616658326"
"2dccad0e-ba6b-5cb0-b465-007624914d4e","f3b1191b-51cb-5e4d-9168-3f47d78799f7","31666","Xã Tân Thạnh","xa_tan_thanh","xã","1791616658326","1791616658326"
"c386f5fc-c99c-59ee-b653-0cb462dd4490","f3b1191b-51cb-5e4d-9168-3f47d78799f7","31673","Xã Trần Đề","xa_tran_de","xã","1791616658326","1791616658326"
"662fe126-447e-5b81-a160-eef8bc6a14a7","f3b1191b-51cb-5e4d-9168-3f47d78799f7","31675","Xã Liêu Tú","xa_lieu_tu","xã","1791616658326","1791616658326"
"a7ba3ebe-a0c0-5f18-848c-b57242dfcfd0","f3b1191b-51cb-5e4d-9168-3f47d78799f7","31679","Xã Lịch Hội Thượng","xa_lich_hoi_thuong","xã","1791616658326","1791616658326"
"de238e8c-acea-5e72-ae99-36809b5be230","f3b1191b-51cb-5e4d-9168-3f47d78799f7","31684","Phường Mỹ Xuyên","phuong_my_xuyen","phường","1791616658326","1791616658326"
"26eb3de1-b713-53f1-b8d1-67151e086851","f3b1191b-51cb-5e4d-9168-3f47d78799f7","31687","Xã Tài Văn","xa_tai_van","xã","1791616658326","1791616658326"
"fc4d9d55-0488-5196-aadd-92c5fb2cc794","f3b1191b-51cb-5e4d-9168-3f47d78799f7","31699","Xã Thạnh Thới An","xa_thanh_thoi_an","xã","1791616658326","1791616658326"
"05bf2ebd-dd6a-5b58-a706-1ccbd1d056ea","f3b1191b-51cb-5e4d-9168-3f47d78799f7","31708","Xã Nhu Gia","xa_nhu_gia","xã","1791616658326","1791616658326"
"a7682ad7-45cb-5b5f-b8c7-1206db3496ae","f3b1191b-51cb-5e4d-9168-3f47d78799f7","31717","Xã Hòa Tú","xa_hoa_tu","xã","1791616658326","1791616658326"
"315781b1-c8c6-52b0-b6e4-7cfd94be8089","f3b1191b-51cb-5e4d-9168-3f47d78799f7","31723","Xã Ngọc Tố","xa_ngoc_to","xã","1791616658326","1791616658326"
"0346f0a3-a2b9-5532-9577-583d4b496aa9","f3b1191b-51cb-5e4d-9168-3f47d78799f7","31726","Xã Gia Hòa","xa_gia_hoa","xã","1791616658326","1791616658326"
"a4a26bbf-def4-5163-9f7e-04de26b264a2","f3b1191b-51cb-5e4d-9168-3f47d78799f7","31732","Phường Ngã Năm","phuong_nga_nam","phường","1791616658326","1791616658326"
"7b978fdf-ef96-5ccf-bea4-4f3f8208782a","f3b1191b-51cb-5e4d-9168-3f47d78799f7","31741","Xã Tân Long","xa_tan_long","xã","1791616658326","1791616658326"
"4fa6b904-4db4-5420-9b1a-f5689aa4dce5","f3b1191b-51cb-5e4d-9168-3f47d78799f7","31753","Phường Mỹ Quới","phuong_my_quoi","phường","1791616658326","1791616658326"
"d0fa37cb-42c1-5e1a-a422-37f167692166","f3b1191b-51cb-5e4d-9168-3f47d78799f7","31756","Xã Phú Lộc","xa_phu_loc","xã","1791616658326","1791616658326"
"028f148a-b028-5ae1-8d8c-0eddc5631923","f3b1191b-51cb-5e4d-9168-3f47d78799f7","31759","Xã Lâm Tân","xa_lam_tan","xã","1791616658326","1791616658326"
"f496f6d0-6e9d-53f3-8600-38271e1719b0","f3b1191b-51cb-5e4d-9168-3f47d78799f7","31777","Xã Vĩnh Lợi","xa_vinh_loi","xã","1791616658326","1791616658326"
"c61f685d-629c-577b-8f3f-3c4019af2ee9","f3b1191b-51cb-5e4d-9168-3f47d78799f7","31783","Phường Vĩnh Châu","phuong_vinh_chau","phường","1791616658326","1791616658326"
"c2c0af51-c01e-5c71-8578-c42c8df20714","f3b1191b-51cb-5e4d-9168-3f47d78799f7","31789","Phường Khánh Hòa","phuong_khanh_hoa","phường","1791616658326","1791616658326"
"4cb8ee6d-e357-5457-b86b-db2e67a76aac","f3b1191b-51cb-5e4d-9168-3f47d78799f7","31795","Xã Vĩnh Hải","xa_vinh_hai","xã","1791616658326","1791616658326"
"78605067-620d-509d-bae9-ad02bca192fd","f3b1191b-51cb-5e4d-9168-3f47d78799f7","31804","Phường Vĩnh Phước","phuong_vinh_phuoc","phường","1791616658326","1791616658326"
"06a12c26-9fba-522c-a952-aefab9e0bcab","f3b1191b-51cb-5e4d-9168-3f47d78799f7","31810","Xã Lai Hòa","xa_lai_hoa","xã","1791616658326","1791616658326"
"831acbf0-deef-5e75-aa05-0ef628940f77","277901a6-9343-5482-a7ef-0c93e1646028","31825","Phường Bạc Liêu","phuong_bac_lieu","phường","1791616658326","1791616658326"
"7c066528-41c9-5a1f-99fd-d23a6a88986d","277901a6-9343-5482-a7ef-0c93e1646028","31834","Phường Vĩnh Trạch","phuong_vinh_trach","phường","1791616658326","1791616658326"
"b8d9de85-2f1e-5606-b338-e94c3d432f7b","277901a6-9343-5482-a7ef-0c93e1646028","31840","Phường Hiệp Thành","phuong_hiep_thanh","phường","1791616658326","1791616658326"
"ebd7f868-03c0-5a78-bb45-af581154ffcf","277901a6-9343-5482-a7ef-0c93e1646028","31843","Xã Hồng Dân","xa_hong_dan","xã","1791616658326","1791616658326"
"6473276d-9381-5323-9997-17e4a329bf67","277901a6-9343-5482-a7ef-0c93e1646028","31849","Xã Ninh Quới","xa_ninh_quoi","xã","1791616658326","1791616658326"
"9afc860b-e508-5f6e-bb6c-eb3e319292e0","277901a6-9343-5482-a7ef-0c93e1646028","31858","Xã Vĩnh Lộc","xa_vinh_loc","xã","1791616658326","1791616658326"
"33eda391-e567-508e-b6fd-a92a23c401f1","277901a6-9343-5482-a7ef-0c93e1646028","31864","Xã Ninh Thạnh Lợi","xa_ninh_thanh_loi","xã","1791616658326","1791616658326"
"b9df6918-262c-5af5-8754-9a1f51bcbfdd","277901a6-9343-5482-a7ef-0c93e1646028","31867","Xã Phước Long","xa_phuoc_long","xã","1791616658326","1791616658326"
"0c958be8-e81d-5909-8da2-b2d2664b2ad5","277901a6-9343-5482-a7ef-0c93e1646028","31876","Xã Vĩnh Phước","xa_vinh_phuoc","xã","1791616658326","1791616658326"
"7d1eedd0-409a-513d-a332-82c4258b6879","277901a6-9343-5482-a7ef-0c93e1646028","31882","Xã Vĩnh Thanh","xa_vinh_thanh","xã","1791616658326","1791616658326"
"04ea2e04-0398-59f4-8d80-abf460bb7189","277901a6-9343-5482-a7ef-0c93e1646028","31885","Xã Phong Hiệp","xa_phong_hiep","xã","1791616658326","1791616658326"
"864ca587-985d-5bc2-8f97-b4be6765854b","277901a6-9343-5482-a7ef-0c93e1646028","31891","Xã Hòa Bình","xa_hoa_binh","xã","1791616658326","1791616658326"
"45aac779-434d-56ef-83fd-e342bc24aed7","277901a6-9343-5482-a7ef-0c93e1646028","31894","Xã Châu Thới","xa_chau_thoi","xã","1791616658326","1791616658326"
"3b8fe3bd-6a42-5217-9481-4fd51f73a1ee","277901a6-9343-5482-a7ef-0c93e1646028","31900","Xã Vĩnh Lợi","xa_vinh_loi","xã","1791616658326","1791616658326"
"cad688ca-0c25-58f5-89be-4e5d5dc12ab8","277901a6-9343-5482-a7ef-0c93e1646028","31906","Xã Hưng Hội","xa_hung_hoi","xã","1791616658326","1791616658326"
"d10df823-a393-53e5-9ce6-3887be40feb4","277901a6-9343-5482-a7ef-0c93e1646028","31918","Xã Vĩnh Mỹ","xa_vinh_my","xã","1791616658326","1791616658326"
"605dcc9c-7918-571c-a8de-affb723ef821","277901a6-9343-5482-a7ef-0c93e1646028","31927","Xã Vĩnh Hậu","xa_vinh_hau","xã","1791616658326","1791616658326"
"401ff7cf-9f58-5866-bff5-1e10c9545390","277901a6-9343-5482-a7ef-0c93e1646028","31942","Phường Giá Rai","phuong_gia_rai","phường","1791616658326","1791616658326"
"fc2cfb7f-9489-5f5c-99ee-b2e60eea0779","277901a6-9343-5482-a7ef-0c93e1646028","31951","Phường Láng Tròn","phuong_lang_tron","phường","1791616658326","1791616658326"
"6b5a2de2-e538-58cb-9a04-3ae38e1998dd","277901a6-9343-5482-a7ef-0c93e1646028","31957","Xã Phong Thạnh","xa_phong_thanh","xã","1791616658326","1791616658326"
"55ce2857-0ff5-5bde-be00-d04f17b205ca","277901a6-9343-5482-a7ef-0c93e1646028","31972","Xã Gành Hào","xa_ganh_hao","xã","1791616658326","1791616658326"
"444ddd2e-0677-5ad8-a06d-36199c358d6a","277901a6-9343-5482-a7ef-0c93e1646028","31975","Xã Đông Hải","xa_dong_hai","xã","1791616658326","1791616658326"
"c2f62797-15ab-53c4-b2db-7aefeba7a990","277901a6-9343-5482-a7ef-0c93e1646028","31985","Xã Long Điền","xa_long_dien","xã","1791616658326","1791616658326"
"68ff48ac-4ef4-5242-b9d1-cfc1a76dd200","277901a6-9343-5482-a7ef-0c93e1646028","31988","Xã An Trạch","xa_an_trach","xã","1791616658326","1791616658326"
"f5ea8ff8-5d51-59e0-9dcc-b05a3d128703","277901a6-9343-5482-a7ef-0c93e1646028","31993","Xã Định Thành","xa_dinh_thanh","xã","1791616658326","1791616658326"
"0c3ec81d-bd32-564c-8a71-a810c842b3f7","277901a6-9343-5482-a7ef-0c93e1646028","32002","Phường An Xuyên","phuong_an_xuyen","phường","1791616658326","1791616658326"
"34074b89-e99e-59fc-82d7-30d9feb2d89a","277901a6-9343-5482-a7ef-0c93e1646028","32014","Phường Lý Văn Lâm","phuong_ly_van_lam","phường","1791616658326","1791616658326"
"77b7e729-aa33-5020-b04e-078cdd2eabe7","277901a6-9343-5482-a7ef-0c93e1646028","32025","Phường Tân Thành","phuong_tan_thanh","phường","1791616658326","1791616658326"
"0e42b5ad-d19a-5f36-883b-f8d0ad98ea60","277901a6-9343-5482-a7ef-0c93e1646028","32041","Phường Hòa Thành","phuong_hoa_thanh","phường","1791616658326","1791616658326"
"c17038e2-77f2-5bcd-9ede-31ff5e0df347","277901a6-9343-5482-a7ef-0c93e1646028","32044","Xã Nguyễn Phích","xa_nguyen_phich","xã","1791616658326","1791616658326"
"efe82405-4323-59f5-a003-d0b7a97d5f3b","277901a6-9343-5482-a7ef-0c93e1646028","32047","Xã U Minh","xa_u_minh","xã","1791616658326","1791616658326"
"5e89b89a-766c-56b3-bd37-a530553000e3","277901a6-9343-5482-a7ef-0c93e1646028","32059","Xã Khánh An","xa_khanh_an","xã","1791616658326","1791616658326"
"31227f35-0d41-54fa-b99a-da4e6508c156","277901a6-9343-5482-a7ef-0c93e1646028","32062","Xã Khánh Lâm","xa_khanh_lam","xã","1791616658326","1791616658326"
"8bddb9fe-2df2-5a68-8239-2fb06c37faee","277901a6-9343-5482-a7ef-0c93e1646028","32065","Xã Thới Bình","xa_thoi_binh","xã","1791616658326","1791616658326"
"7b82422e-dbe9-58b4-8404-fad73eea5a50","277901a6-9343-5482-a7ef-0c93e1646028","32069","Xã Biển Bạch","xa_bien_bach","xã","1791616658326","1791616658326"
"8d8b647b-4688-5038-ab5a-9817069c89e0","277901a6-9343-5482-a7ef-0c93e1646028","32071","Xã Trí Phải","xa_tri_phai","xã","1791616658326","1791616658326"
"7c207440-6a0b-5125-acbd-6c0889157cec","277901a6-9343-5482-a7ef-0c93e1646028","32083","Xã Tân Lộc","xa_tan_loc","xã","1791616658326","1791616658326"
"b85b3df6-8df9-5140-965e-34bdf0e554ae","277901a6-9343-5482-a7ef-0c93e1646028","32092","Xã Hồ Thị Kỷ","xa_ho_thi_ky","xã","1791616658326","1791616658326"
"9f3d2d33-2bb3-5574-aead-59d030e818f3","277901a6-9343-5482-a7ef-0c93e1646028","32095","Xã Trần Văn Thời","xa_tran_van_thoi","xã","1791616658326","1791616658326"
"cc8a04e3-0a80-50fe-b156-b7043d9f247b","277901a6-9343-5482-a7ef-0c93e1646028","32098","Xã Sông Đốc","xa_song_doc","xã","1791616658326","1791616658326"
"92aaed5d-7e26-5299-909d-4eddc12aea42","277901a6-9343-5482-a7ef-0c93e1646028","32104","Xã Đá Bạc","xa_da_bac","xã","1791616658326","1791616658326"
"f255b30f-7e5b-559c-98e2-50e17ee823b9","277901a6-9343-5482-a7ef-0c93e1646028","32110","Xã Khánh Bình","xa_khanh_binh","xã","1791616658326","1791616658326"
"4fad55f9-5683-5a81-be6b-e8a73c842907","277901a6-9343-5482-a7ef-0c93e1646028","32119","Xã Khánh Hưng","xa_khanh_hung","xã","1791616658326","1791616658326"
"d94b43dd-1a3c-5221-ac53-6eb411380ddc","277901a6-9343-5482-a7ef-0c93e1646028","32128","Xã Cái Nước","xa_cai_nuoc","xã","1791616658326","1791616658326"
"b4507c93-1554-5b18-a942-3ef2e5f74030","277901a6-9343-5482-a7ef-0c93e1646028","32134","Xã Lương Thế Trân","xa_luong_the_tran","xã","1791616658326","1791616658326"
"d1bec483-ff61-54f2-a9d4-a0efc75e3332","277901a6-9343-5482-a7ef-0c93e1646028","32137","Xã Tân Hưng","xa_tan_hung","xã","1791616658326","1791616658326"
"7810c4aa-cff3-5dc1-bdbc-e555d3b5cff6","277901a6-9343-5482-a7ef-0c93e1646028","32140","Xã Hưng Mỹ","xa_hung_my","xã","1791616658326","1791616658326"
"5db8cd4c-f940-5d96-98ae-83b45c994071","277901a6-9343-5482-a7ef-0c93e1646028","32152","Xã Đầm Dơi","xa_dam_doi","xã","1791616658326","1791616658326"
"c6f436df-aa8f-50a7-9454-255d7ecf7ac3","277901a6-9343-5482-a7ef-0c93e1646028","32155","Xã Tạ An Khương","xa_ta_an_khuong","xã","1791616658326","1791616658326"
"68c3a9ce-7955-5abf-9190-491b17788c74","277901a6-9343-5482-a7ef-0c93e1646028","32161","Xã Trần Phán","xa_tran_phan","xã","1791616658326","1791616658326"
"98d05bd4-74de-59f9-9215-3933023bfbe8","277901a6-9343-5482-a7ef-0c93e1646028","32167","Xã Tân Thuận","xa_tan_thuan","xã","1791616658326","1791616658326"
"31b6cebc-5fdd-5716-900d-ce67145c233c","277901a6-9343-5482-a7ef-0c93e1646028","32182","Xã Quách Phẩm","xa_quach_pham","xã","1791616658326","1791616658326"
"eb32eafc-77ce-598e-975f-0259d57b130d","277901a6-9343-5482-a7ef-0c93e1646028","32185","Xã Thanh Tùng","xa_thanh_tung","xã","1791616658326","1791616658326"
"b16466d4-4f74-5514-91a9-0cfa4cb46a64","277901a6-9343-5482-a7ef-0c93e1646028","32188","Xã Tân Tiến","xa_tan_tien","xã","1791616658326","1791616658326"
"7cfccbb5-eeff-5882-aa41-233310cd67b0","277901a6-9343-5482-a7ef-0c93e1646028","32191","Xã Năm Căn","xa_nam_can","xã","1791616658326","1791616658326"
"1d4a8e13-f633-50aa-9fcf-14820ed3ff9a","277901a6-9343-5482-a7ef-0c93e1646028","32201","Xã Đất Mới","xa_dat_moi","xã","1791616658326","1791616658326"
"e6267ed3-a3d2-5819-96b9-59e36907f345","277901a6-9343-5482-a7ef-0c93e1646028","32206","Xã Tam Giang","xa_tam_giang","xã","1791616658326","1791616658326"
"f3664faa-5b07-585d-a61b-dc245212c397","277901a6-9343-5482-a7ef-0c93e1646028","32212","Xã Cái Đôi Vàm","xa_cai_doi_vam","xã","1791616658326","1791616658326"
"b2614f78-be76-5e60-9ee5-987bd548ae6e","277901a6-9343-5482-a7ef-0c93e1646028","32214","Xã Phú Mỹ","xa_phu_my","xã","1791616658326","1791616658326"
"a1ef4b54-520e-5fe0-86b4-434449427978","277901a6-9343-5482-a7ef-0c93e1646028","32218","Xã Phú Tân","xa_phu_tan","xã","1791616658326","1791616658326"
"88a21579-9d0f-53d6-b99f-cb78823fdce3","277901a6-9343-5482-a7ef-0c93e1646028","32227","Xã Nguyễn Việt Khái","xa_nguyen_viet_khai","xã","1791616658326","1791616658326"
"bef8a156-101c-5a36-aa84-b49bf8fc4d9a","277901a6-9343-5482-a7ef-0c93e1646028","32236","Xã Tân Ân","xa_tan_an","xã","1791616658326","1791616658326"
"c551cb29-8e3f-59d2-8989-7012d6ed4f0b","277901a6-9343-5482-a7ef-0c93e1646028","32244","Xã Phan Ngọc Hiển","xa_phan_ngoc_hien","xã","1791616658326","1791616658326"
"6c899221-46ab-5757-8bde-5c278651f6fc","277901a6-9343-5482-a7ef-0c93e1646028","32248","Xã Đất Mũi","xa_dat_mui","xã","1791616658326","1791616658326"
